ISO-10303-21;
HEADER;
FILE_DESCRIPTION(('FreeCAD Model'),'2;1');
FILE_NAME('Open CASCADE Shape Model','2026-09-27T22:24:12',(''),(''),
  'Open CASCADE STEP processor 7.8','FreeCAD','Unknown');
FILE_SCHEMA(('AUTOMOTIVE_DESIGN { 1 0 10303 214 1 1 1 1 }'));
ENDSEC;
DATA;
#1 = APPLICATION_PROTOCOL_DEFINITION('international standard',
  'automotive_design',2000,#2);
#2 = APPLICATION_CONTEXT(
  'core data for automotive mechanical design processes');
#3 = SHAPE_DEFINITION_REPRESENTATION(#4,#10);
#4 = PRODUCT_DEFINITION_SHAPE('','',#5);
#5 = PRODUCT_DEFINITION('design','',#6,#9);
#6 = PRODUCT_DEFINITION_FORMATION('','',#7);
#7 = PRODUCT('Knob','Knob','',(#8));
#8 = PRODUCT_CONTEXT('',#2,'mechanical');
#9 = PRODUCT_DEFINITION_CONTEXT('part definition',#2,'design');
#10 = ADVANCED_BREP_SHAPE_REPRESENTATION('',(#11,#15),#3761);
#11 = AXIS2_PLACEMENT_3D('',#12,#13,#14);
#12 = CARTESIAN_POINT('',(0.,0.,0.));
#13 = DIRECTION('',(0.,0.,1.));
#14 = DIRECTION('',(1.,0.,-0.));
#15 = MANIFOLD_SOLID_BREP('',#16);
#16 = CLOSED_SHELL('',(#17,#59,#2002,#2027,#2577,#2594,#2616,#2633,#2650
    ,#2667,#2684,#2701,#2718,#2735,#2752,#2769,#2786,#2803,#2820,#2832,
    #2841,#2858,#2875,#2892,#2909,#2926,#2943,#2960,#2977,#2994,#3011,
    #3028,#3045,#3062,#3079,#3096,#3113,#3130,#3147,#3164,#3181,#3198,
    #3215,#3232,#3249,#3266,#3283,#3300,#3317,#3334,#3351,#3368,#3385,
    #3402,#3419,#3436,#3453,#3470,#3487,#3504,#3521,#3538,#3555,#3572,
    #3584,#3609,#3629,#3654,#3691,#3733,#3750));
#17 = ADVANCED_FACE('',(#18),#54,.T.);
#18 = FACE_BOUND('',#19,.F.);
#19 = EDGE_LOOP('',(#20,#31,#39,#48));
#20 = ORIENTED_EDGE('',*,*,#21,.F.);
#21 = EDGE_CURVE('',#22,#24,#26,.T.);
#22 = VERTEX_POINT('',#23);
#23 = CARTESIAN_POINT('',(0.,16.,12.));
#24 = VERTEX_POINT('',#25);
#25 = CARTESIAN_POINT('',(0.855903481765,15.977090762398,12.));
#26 = CIRCLE('',#27,16.);
#27 = AXIS2_PLACEMENT_3D('',#28,#29,#30);
#28 = CARTESIAN_POINT('',(0.,0.,12.));
#29 = DIRECTION('',(0.,0.,-1.));
#30 = DIRECTION('',(0.,1.,0.));
#31 = ORIENTED_EDGE('',*,*,#32,.F.);
#32 = EDGE_CURVE('',#33,#22,#35,.T.);
#33 = VERTEX_POINT('',#34);
#34 = CARTESIAN_POINT('',(0.,16.,-4.5));
#35 = LINE('',#36,#37);
#36 = CARTESIAN_POINT('',(0.,16.,-4.5));
#37 = VECTOR('',#38,1.);
#38 = DIRECTION('',(0.,0.,1.));
#39 = ORIENTED_EDGE('',*,*,#40,.T.);
#40 = EDGE_CURVE('',#33,#41,#43,.T.);
#41 = VERTEX_POINT('',#42);
#42 = CARTESIAN_POINT('',(0.855903481765,15.977090762398,-4.5));
#43 = CIRCLE('',#44,16.);
#44 = AXIS2_PLACEMENT_3D('',#45,#46,#47);
#45 = CARTESIAN_POINT('',(0.,0.,-4.5));
#46 = DIRECTION('',(0.,0.,-1.));
#47 = DIRECTION('',(0.,1.,0.));
#48 = ORIENTED_EDGE('',*,*,#49,.T.);
#49 = EDGE_CURVE('',#41,#24,#50,.T.);
#50 = LINE('',#51,#52);
#51 = CARTESIAN_POINT('',(0.855903481764,15.977090762398,-4.5));
#52 = VECTOR('',#53,1.);
#53 = DIRECTION('',(0.,0.,1.));
#54 = CYLINDRICAL_SURFACE('',#55,16.);
#55 = AXIS2_PLACEMENT_3D('',#56,#57,#58);
#56 = CARTESIAN_POINT('',(0.,0.,-4.5));
#57 = DIRECTION('',(0.,0.,1.));
#58 = DIRECTION('',(0.,1.,0.));
#59 = ADVANCED_FACE('',(#60),#1997,.T.);
#60 = FACE_BOUND('',#61,.F.);
#61 = EDGE_LOOP('',(#62,#119,#128,#183,#192,#247,#256,#311,#320,#375,
    #384,#439,#448,#503,#512,#567,#576,#631,#640,#695,#704,#759,#768,
    #823,#832,#887,#896,#951,#960,#1015,#1024,#1079,#1088,#1143,#1152,
    #1207,#1216,#1271,#1280,#1335,#1344,#1399,#1408,#1463,#1472,#1527,
    #1534,#1542,#1549,#1550,#1551,#1606,#1615,#1670,#1679,#1734,#1743,
    #1798,#1807,#1862,#1871,#1926,#1935,#1990));
#62 = ORIENTED_EDGE('',*,*,#63,.T.);
#63 = EDGE_CURVE('',#64,#66,#68,.T.);
#64 = VERTEX_POINT('',#65);
#65 = CARTESIAN_POINT('',(15.979032863145,0.818845991945,12.));
#66 = VERTEX_POINT('',#67);
#67 = CARTESIAN_POINT('',(15.979032863145,-0.818845991945,12.));
#68 = B_SPLINE_CURVE_WITH_KNOTS('',7,(#69,#70,#71,#72,#73,#74,#75,#76,
    #77,#78,#79,#80,#81,#82,#83,#84,#85,#86,#87,#88,#89,#90,#91,#92,#93,
    #94,#95,#96,#97,#98,#99,#100,#101,#102,#103,#104,#105,#106,#107,#108
    ,#109,#110,#111,#112,#113,#114,#115,#116,#117,#118),.UNSPECIFIED.,
  .F.,.F.,(8,6,6,6,6,6,6,6,8),(0.,0.30837325176,0.383852477633,
    0.422445969222,0.499702814013,0.576940814235,0.616520245526,
    0.692031198103,1.),.UNSPECIFIED.);
#69 = CARTESIAN_POINT('',(15.979032863145,0.818845991945,12.));
#70 = CARTESIAN_POINT('',(15.928759235579,0.777037533993,12.052347414703
    ));
#71 = CARTESIAN_POINT('',(15.880014866156,0.73041027384,12.103302298765)
  );
#72 = CARTESIAN_POINT('',(15.832881836923,0.67838728855,12.152760050943)
  );
#73 = CARTESIAN_POINT('',(15.787776609403,0.620329076509,12.200266280219
    ));
#74 = CARTESIAN_POINT('',(15.745491271437,0.555552040977,12.244960628337
    ));
#75 = CARTESIAN_POINT('',(15.707118168931,0.483472937421,12.285642953711
    ));
#76 = CARTESIAN_POINT('',(15.666283303655,0.383668797414,12.329031380666
    ));
#77 = CARTESIAN_POINT('',(15.658594587008,0.363576101054,12.33720631678)
  );
#78 = CARTESIAN_POINT('',(15.651273281414,0.343013908461,12.344995472007
    ));
#79 = CARTESIAN_POINT('',(15.644349078443,0.321985141081,12.352366414871
    ));
#80 = CARTESIAN_POINT('',(15.637853794254,0.300498686947,12.35928440742)
  );
#81 = CARTESIAN_POINT('',(15.631820324679,0.278570556441,12.365713541084
    ));
#82 = CARTESIAN_POINT('',(15.623449579839,0.244799489315,12.374636832561
    ));
#83 = CARTESIAN_POINT('',(15.620746903069,0.233265014007,12.377518592299
    ));
#84 = CARTESIAN_POINT('',(15.61817807818,0.221625006635,12.380258232479)
  );
#85 = CARTESIAN_POINT('',(15.6157474876,0.209883549375,12.38285097156));
#86 = CARTESIAN_POINT('',(15.613459388004,0.198045412098,12.385292165726
    ));
#87 = CARTESIAN_POINT('',(15.611317910312,0.186116052365,12.387577308885
    ));
#88 = CARTESIAN_POINT('',(15.605341754618,0.150050993125,12.393955326401
    ));
#89 = CARTESIAN_POINT('',(15.601959374006,0.125656294033,12.397566506858
    ));
#90 = CARTESIAN_POINT('',(15.599212345127,0.100971830641,12.400500222898
    ));
#91 = CARTESIAN_POINT('',(15.59712774338,7.605928556302E-02,
    12.402726951383));
#92 = CARTESIAN_POINT('',(15.595725446607,5.098770978313E-02,
    12.404225014686));
#93 = CARTESIAN_POINT('',(15.595016289397,2.583352089571E-02,
    12.404982598182));
#94 = CARTESIAN_POINT('',(15.594984149342,-2.446638285189E-02,
    12.405016933117));
#95 = CARTESIAN_POINT('',(15.595660824404,-4.961748701258E-02,
    12.404294050044));
#96 = CARTESIAN_POINT('',(15.597030620913,-7.468905602925E-02,
    12.402830699583));
#97 = CARTESIAN_POINT('',(15.599083019024,-9.960457865238E-02,
    12.400638353181));
#98 = CARTESIAN_POINT('',(15.601798423337,-0.124294804937,12.3977383804)
  );
#99 = CARTESIAN_POINT('',(15.6051499855,-0.148697763691,12.394160056639)
  );
#100 = CARTESIAN_POINT('',(15.611132332182,-0.1850884795,12.387775335081
    ));
#101 = CARTESIAN_POINT('',(15.613317989667,-0.197329217733,
    12.385443018173));
#102 = CARTESIAN_POINT('',(15.615658091288,-0.209474319488,
    12.382946318753));
#103 = CARTESIAN_POINT('',(15.618148188886,-0.221517869706,
    12.380290088943));
#104 = CARTESIAN_POINT('',(15.62078369413,-0.233454713401,
    12.377479334374));
#105 = CARTESIAN_POINT('',(15.623559878506,-0.245280455666,
    12.374519214191));
#106 = CARTESIAN_POINT('',(15.632027473682,-0.279334107579,
    12.365492796507));
#107 = CARTESIAN_POINT('',(15.63807742442,-0.301258389389,12.35904619325
    ));
#108 = CARTESIAN_POINT('',(15.644588752225,-0.322740178518,
    12.352111221517));
#109 = CARTESIAN_POINT('',(15.651528541082,-0.343763605377,
    12.344723812134));
#110 = CARTESIAN_POINT('',(15.658864972567,-0.364319904789,
    12.336918705735));
#111 = CARTESIAN_POINT('',(15.666568366153,-0.384406261427,
    12.328728321984));
#112 = CARTESIAN_POINT('',(15.707418796472,-0.484037594176,12.285324237)
  );
#113 = CARTESIAN_POINT('',(15.745767262084,-0.555974382383,
    12.244668917501));
#114 = CARTESIAN_POINT('',(15.788011689398,-0.620631431162,
    12.200018692732));
#115 = CARTESIAN_POINT('',(15.833065834535,-0.678590390976,
    12.152566978675));
#116 = CARTESIAN_POINT('',(15.880141910588,-0.730531882428,
    12.103169490187));
#117 = CARTESIAN_POINT('',(15.928825152467,-0.777092351669,
    12.052278778744));
#118 = CARTESIAN_POINT('',(15.979032863145,-0.818845991945,12.));
#119 = ORIENTED_EDGE('',*,*,#120,.T.);
#120 = EDGE_CURVE('',#66,#121,#123,.T.);
#121 = VERTEX_POINT('',#122);
#122 = CARTESIAN_POINT('',(15.800100311837,-2.521275497818,12.));
#123 = CIRCLE('',#124,16.);
#124 = AXIS2_PLACEMENT_3D('',#125,#126,#127);
#125 = CARTESIAN_POINT('',(0.,0.,12.));
#126 = DIRECTION('',(0.,0.,-1.));
#127 = DIRECTION('',(0.,1.,0.));
#128 = ORIENTED_EDGE('',*,*,#129,.T.);
#129 = EDGE_CURVE('',#121,#130,#132,.T.);
#130 = VERTEX_POINT('',#131);
#131 = CARTESIAN_POINT('',(15.459605002428,-4.1231799826,12.));
#132 = B_SPLINE_CURVE_WITH_KNOTS('',7,(#133,#134,#135,#136,#137,#138,
    #139,#140,#141,#142,#143,#144,#145,#146,#147,#148,#149,#150,#151,
    #152,#153,#154,#155,#156,#157,#158,#159,#160,#161,#162,#163,#164,
    #165,#166,#167,#168,#169,#170,#171,#172,#173,#174,#175,#176,#177,
    #178,#179,#180,#181,#182),.UNSPECIFIED.,.F.,.F.,(8,6,6,6,6,6,6,6,8),
  (0.,0.30837325176,0.383852477633,0.422445969222,0.499702814013,
    0.576940814235,0.616520245526,0.692031198104,1.),.UNSPECIFIED.);
#133 = CARTESIAN_POINT('',(15.800100311837,-2.521275497818,12.));
#134 = CARTESIAN_POINT('',(15.74223281647,-2.551717865743,
    12.052347414703));
#135 = CARTESIAN_POINT('',(15.684859275973,-2.587191684125,
    12.103302298765));
#136 = CARTESIAN_POINT('',(15.627940029679,-2.62827833457,
    12.152760050943));
#137 = CARTESIAN_POINT('',(15.57174947857,-2.67568993126,12.200266280219
    ));
#138 = CARTESIAN_POINT('',(15.516920273708,-2.730259817037,
    12.244960628337));
#139 = CARTESIAN_POINT('',(15.464399627266,-2.792785602618,
    12.285642953711));
#140 = CARTESIAN_POINT('',(15.40370665427,-2.881918736826,
    12.329031380666));
#141 = CARTESIAN_POINT('',(15.392008448056,-2.899973785485,
    12.33720631678));
#142 = CARTESIAN_POINT('',(15.380572010326,-2.918564459811,
    12.344995472007));
#143 = CARTESIAN_POINT('',(15.369426991222,-2.937694075422,
    12.352366414871));
#144 = CARTESIAN_POINT('',(15.358606359567,-2.957360553464,
    12.35928440742));
#145 = CARTESIAN_POINT('',(15.348145621088,-2.977555072846,
    12.365713541084));
#146 = CARTESIAN_POINT('',(15.33293639744,-3.008847785416,
    12.374636832561));
#147 = CARTESIAN_POINT('',(15.327894628378,-3.019568286667,
    12.377518592299));
#148 = CARTESIAN_POINT('',(15.322961844862,-3.030419843225,
    12.380258232479));
#149 = CARTESIAN_POINT('',(15.318143182287,-3.041399373275,
    12.38285097156));
#150 = CARTESIAN_POINT('',(15.313443796019,-3.052503096194,
    12.385292165726));
#151 = CARTESIAN_POINT('',(15.3088688614,-3.063726532548,12.387577308885
    ));
#152 = CARTESIAN_POINT('',(15.2955249516,-3.097760971079,12.393955326401
    ));
#153 = CARTESIAN_POINT('',(15.287144540985,-3.120919350994,
    12.397566506858));
#154 = CARTESIAN_POINT('',(15.279325352756,-3.144493260217,
    12.400500222898));
#155 = CARTESIAN_POINT('',(15.27210669519,-3.16842799334,12.402726951383
    ));
#156 = CARTESIAN_POINT('',(15.265522368253,-3.192660141142,
    12.404225014686));
#157 = CARTESIAN_POINT('',(15.259598857888,-3.217117208576,
    12.404982598182));
#158 = CARTESIAN_POINT('',(15.249109482133,-3.266311256451,
    12.405016933117));
#159 = CARTESIAN_POINT('',(15.24454216163,-3.291053437298,
    12.404294050044));
#160 = CARTESIAN_POINT('',(15.240669352493,-3.315861929086,
    12.402830699583));
#161 = CARTESIAN_POINT('',(15.237496672345,-3.340659705323,
    12.400638353181));
#162 = CARTESIAN_POINT('',(15.235019351865,-3.365374955227,12.3977383804
    ));
#163 = CARTESIAN_POINT('',(15.233224013938,-3.389941479739,
    12.394160056639));
#164 = CARTESIAN_POINT('',(15.231509576738,-3.42678077091,
    12.387775335081));
#165 = CARTESIAN_POINT('',(15.231102479781,-3.439208443387,
    12.385443018173));
#166 = CARTESIAN_POINT('',(15.230866335925,-3.451574680014,
    12.382946318753));
#167 = CARTESIAN_POINT('',(15.230798024027,-3.463872770166,
    12.380290088943));
#168 = CARTESIAN_POINT('',(15.230894127802,-3.476096717538,
    12.377479334374));
#169 = CARTESIAN_POINT('',(15.231150935819,-3.48824124015,
    12.374519214191));
#170 = CARTESIAN_POINT('',(15.232353341377,-3.523311250095,
    12.365492796507));
#171 = CARTESIAN_POINT('',(15.233712771675,-3.546014289232,
    12.35904619325));
#172 = CARTESIAN_POINT('',(15.235615496246,-3.568380430902,
    12.352111221517));
#173 = CARTESIAN_POINT('',(15.23803261784,-3.590387308678,
    12.344723812134));
#174 = CARTESIAN_POINT('',(15.240934835728,-3.612019733503,
    12.336918705735));
#175 = CARTESIAN_POINT('',(15.24429370331,-3.633268780641,
    12.328728321984));
#176 = CARTESIAN_POINT('',(15.263536934866,-3.739216211765,12.285324237)
  );
#177 = CARTESIAN_POINT('',(15.286090895228,-3.817554102881,
    12.244668917501));
#178 = CARTESIAN_POINT('',(15.313969224114,-3.889581350324,
    12.200018692732));
#179 = CARTESIAN_POINT('',(15.345988482751,-3.955641051302,
    12.152566978674));
#180 = CARTESIAN_POINT('',(15.381236590282,-4.016235163112,
    12.103169490187));
#181 = CARTESIAN_POINT('',(15.419175520636,-4.071899989523,
    12.052278778744));
#182 = CARTESIAN_POINT('',(15.459605002428,-4.1231799826,12.));
#183 = ORIENTED_EDGE('',*,*,#184,.T.);
#184 = EDGE_CURVE('',#130,#185,#187,.T.);
#185 = VERTEX_POINT('',#186);
#186 = CARTESIAN_POINT('',(14.930627559608,-5.751205149904,12.));
#187 = CIRCLE('',#188,16.);
#188 = AXIS2_PLACEMENT_3D('',#189,#190,#191);
#189 = CARTESIAN_POINT('',(0.,0.,12.));
#190 = DIRECTION('',(0.,0.,-1.));
#191 = DIRECTION('',(0.,1.,0.));
#192 = ORIENTED_EDGE('',*,*,#193,.T.);
#193 = EDGE_CURVE('',#185,#194,#196,.T.);
#194 = VERTEX_POINT('',#195);
#195 = CARTESIAN_POINT('',(14.264518219689,-7.247311222804,12.));
#196 = B_SPLINE_CURVE_WITH_KNOTS('',7,(#197,#198,#199,#200,#201,#202,
    #203,#204,#205,#206,#207,#208,#209,#210,#211,#212,#213,#214,#215,
    #216,#217,#218,#219,#220,#221,#222,#223,#224,#225,#226,#227,#228,
    #229,#230,#231,#232,#233,#234,#235,#236,#237,#238,#239,#240,#241,
    #242,#243,#244,#245,#246),.UNSPECIFIED.,.F.,.F.,(8,6,6,6,6,6,6,6,8),
  (0.,0.30837325176,0.383852477633,0.422445969222,0.499702814013,
    0.576940814235,0.616520245526,0.692031198103,1.),.UNSPECIFIED.);
#197 = CARTESIAN_POINT('',(14.930627559608,-5.751205149904,12.));
#198 = CARTESIAN_POINT('',(14.867695283666,-5.768950950245,
    12.052347414703));
#199 = CARTESIAN_POINT('',(14.804200071124,-5.791720950772,
    12.103302298765));
#200 = CARTESIAN_POINT('',(14.739982251963,-5.820075582589,
    12.152760050943));
#201 = CARTESIAN_POINT('',(14.675162173978,-5.854768449651,
    12.200266280219));
#202 = CARTESIAN_POINT('',(14.610185401573,-5.896746219805,
    12.244960628337));
#203 = CARTESIAN_POINT('',(14.545812615467,-5.946986010552,
    12.285642953711));
#204 = CARTESIAN_POINT('',(14.467914108909,-6.021552593286,
    12.329031380666));
#205 = CARTESIAN_POINT('',(14.452717680873,-6.036780901979,
    12.33720631678));
#206 = CARTESIAN_POINT('',(14.437665938215,-6.052587556362,
    12.344995472007));
#207 = CARTESIAN_POINT('',(14.422787193791,-6.068981964209,
    12.352366414871));
#208 = CARTESIAN_POINT('',(14.408114128197,-6.085968946697,
    12.35928440742));
#209 = CARTESIAN_POINT('',(14.393683305282,-6.103547257554,
    12.365713541084));
#210 = CARTESIAN_POINT('',(14.372300318881,-6.130993973871,
    12.374636832561));
#211 = CARTESIAN_POINT('',(14.365139807028,-6.140431963718,
    12.377518592299));
#212 = CARTESIAN_POINT('',(14.358058651195,-6.150020804368,
    12.380258232479));
#213 = CARTESIAN_POINT('',(14.351062515301,-6.15975854906,12.38285097156
    ));
#214 = CARTESIAN_POINT('',(14.344157228092,-6.169642571648,
    12.385292165726));
#215 = CARTESIAN_POINT('',(14.337348783141,-6.179669566597,
    12.387577308885));
#216 = CARTESIAN_POINT('',(14.317220312125,-6.21018591614,
    12.393955326401));
#217 = CARTESIAN_POINT('',(14.304208135664,-6.23109584455,
    12.397566506858));
#218 = CARTESIAN_POINT('',(14.291658524133,-6.252528906651,
    12.400500222898));
#219 = CARTESIAN_POINT('',(14.279621300721,-6.274439765129,
    12.402726951383));
#220 = CARTESIAN_POINT('',(14.268142710304,-6.296773423817,
    12.404225014686));
#221 = CARTESIAN_POINT('',(14.257263732609,-6.319464478593,
    12.404982598182));
#222 = CARTESIAN_POINT('',(14.23677555721,-6.365402654643,
    12.405016933117));
#223 = CARTESIAN_POINT('',(14.227163854964,-6.388654560147,
    12.404294050044));
#224 = CARTESIAN_POINT('',(14.218217700523,-6.412115724572,
    12.402830699583));
#225 = CARTESIAN_POINT('',(14.209958603463,-6.435711972607,
    12.400638353181));
#226 = CARTESIAN_POINT('',(14.202396828983,-6.459372071112,12.3977383804
    ));
#227 = CARTESIAN_POINT('',(14.195533055848,-6.483028486378,
    12.394160056639));
#228 = CARTESIAN_POINT('',(14.186196763899,-6.518706299113,
    12.387775335081));
#229 = CARTESIAN_POINT('',(14.183214704589,-6.530777756913,
    12.385443018173));
#230 = CARTESIAN_POINT('',(14.180412635877,-6.542824664531,
    12.382946318753));
#231 = CARTESIAN_POINT('',(14.177788900041,-6.554839809064,
    12.380290088943));
#232 = CARTESIAN_POINT('',(14.175341402151,-6.566816614956,
    12.377479334374));
#233 = CARTESIAN_POINT('',(14.173067610066,-6.578749144,12.374519214191)
  );
#234 = CARTESIAN_POINT('',(14.166952275113,-6.613302784258,
    12.365492796507));
#235 = CARTESIAN_POINT('',(14.163561771344,-6.635792348971,
    12.35904619325));
#236 = CARTESIAN_POINT('',(14.160772734486,-6.658065335466,
    12.352111221517));
#237 = CARTESIAN_POINT('',(14.158561549006,-6.680093858,12.344723812134)
  );
#238 = CARTESIAN_POINT('',(14.156902712448,-6.701856967468,
    12.336918705735));
#239 = CARTESIAN_POINT('',(14.155770255396,-6.723340019783,
    12.328728321984));
#240 = CARTESIAN_POINT('',(14.15256526663,-6.830973138151,12.285324237)
  );
#241 = CARTESIAN_POINT('',(14.158339005448,-6.912288390425,
    12.244668917501));
#242 = CARTESIAN_POINT('',(14.17063281916,-6.988537900196,
    12.200018692731));
#243 = CARTESIAN_POINT('',(14.188217796047,-7.059811216413,
    12.152566978675));
#244 = CARTESIAN_POINT('',(14.210097423619,-7.126409695135,
    12.103169490187));
#245 = CARTESIAN_POINT('',(14.235633929141,-7.188746058692,
    12.052278778744));
#246 = CARTESIAN_POINT('',(14.264518219689,-7.247311222804,12.));
#247 = ORIENTED_EDGE('',*,*,#248,.T.);
#248 = EDGE_CURVE('',#194,#249,#251,.T.);
#249 = VERTEX_POINT('',#250);
#250 = CARTESIAN_POINT('',(13.408614737924,-8.729779539594,12.));
#251 = CIRCLE('',#252,16.);
#252 = AXIS2_PLACEMENT_3D('',#253,#254,#255);
#253 = CARTESIAN_POINT('',(0.,0.,12.));
#254 = DIRECTION('',(0.,0.,-1.));
#255 = DIRECTION('',(0.,1.,0.));
#256 = ORIENTED_EDGE('',*,*,#257,.T.);
#257 = EDGE_CURVE('',#249,#258,#260,.T.);
#258 = VERTEX_POINT('',#259);
#259 = CARTESIAN_POINT('',(12.446003541996,-10.05470018611,12.));
#260 = B_SPLINE_CURVE_WITH_KNOTS('',7,(#261,#262,#263,#264,#265,#266,
    #267,#268,#269,#270,#271,#272,#273,#274,#275,#276,#277,#278,#279,
    #280,#281,#282,#283,#284,#285,#286,#287,#288,#289,#290,#291,#292,
    #293,#294,#295,#296,#297,#298,#299,#300,#301,#302,#303,#304,#305,
    #306,#307,#308,#309,#310),.UNSPECIFIED.,.F.,.F.,(8,6,6,6,6,6,6,6,8),
  (0.,0.30837325176,0.383852477633,0.422445969222,0.499702814013,
    0.576940814235,0.616520245526,0.692031198103,1.),.UNSPECIFIED.);
#261 = CARTESIAN_POINT('',(13.408614737924,-8.729779539594,12.));
#262 = CARTESIAN_POINT('',(13.343368123849,-8.734053195723,
    12.052347414703));
#263 = CARTESIAN_POINT('',(13.276526284733,-8.743124220109,
    12.103302298765));
#264 = CARTESIAN_POINT('',(13.207816519553,-8.757507599828,
    12.152760050943));
#265 = CARTESIAN_POINT('',(13.137199863143,-8.777965492495,
    12.200266280219));
#266 = CARTESIAN_POINT('',(13.064915319942,-8.80551651704,
    12.244960628337));
#267 = CARTESIAN_POINT('',(12.991503793819,-8.841274593019,
    12.285642953711));
#268 = CARTESIAN_POINT('',(12.899804292234,-8.898015706805,
    12.329031380666));
#269 = CARTESIAN_POINT('',(12.881773799202,-8.909751725369,
    12.33720631678));
#270 = CARTESIAN_POINT('',(12.863764584995,-8.922083533163,
    12.344995472007));
#271 = CARTESIAN_POINT('',(12.845802387779,-8.935026218953,
    12.352366414871));
#272 = CARTESIAN_POINT('',(12.827918171623,-8.948591293241,
    12.35928440742));
#273 = CARTESIAN_POINT('',(12.81014796048,-8.962785139039,
    12.365713541084));
#274 = CARTESIAN_POINT('',(12.783525750438,-8.985186305895,
    12.374636832561));
#275 = CARTESIAN_POINT('',(12.774559444522,-8.992929298892,
    12.377518592299));
#276 = CARTESIAN_POINT('',(12.765639396861,-9.000836345286,
    12.380258232479));
#277 = CARTESIAN_POINT('',(12.756771552358,-9.008906718451,
    12.38285097156));
#278 = CARTESIAN_POINT('',(12.747962158394,-9.017139061491,
    12.385292165726));
#279 = CARTESIAN_POINT('',(12.739217764827,-9.025531387241,
    12.387577308885));
#280 = CARTESIAN_POINT('',(12.713184443365,-9.051195936888,
    12.393955326401));
#281 = CARTESIAN_POINT('',(12.696109195609,-9.068943549584,
    12.397566506858));
#282 = CARTESIAN_POINT('',(12.679377639019,-9.087299036902,
    12.400500222898));
#283 = CARTESIAN_POINT('',(12.663047934185,-9.10622841108,
    12.402726951383));
#284 = CARTESIAN_POINT('',(12.647176749769,-9.125687492599,
    12.404225014686));
#285 = CARTESIAN_POINT('',(12.631817768274,-9.14562082674,
    12.404982598182));
#286 = CARTESIAN_POINT('',(12.602226224808,-9.186295412236,
    12.405016933117));
#287 = CARTESIAN_POINT('',(12.587990218329,-9.207040822551,
    12.404294050044));
#288 = CARTESIAN_POINT('',(12.574361708463,-9.228129294148,
    12.402830699583));
#289 = CARTESIAN_POINT('',(12.561377156663,-9.249492744716,
    12.400638353181));
#290 = CARTESIAN_POINT('',(12.549061414014,-9.271063631984,12.3977383804
    ));
#291 = CARTESIAN_POINT('',(12.537429185493,-9.29277603914,
    12.394160056639));
#292 = CARTESIAN_POINT('',(12.520879079553,-9.325733081821,
    12.387775335081));
#293 = CARTESIAN_POINT('',(12.515452388191,-9.336920744312,
    12.385443018173));
#294 = CARTESIAN_POINT('',(12.510206858471,-9.348121815252,
    12.382946318753));
#295 = CARTESIAN_POINT('',(12.505142368543,-9.359328894695,
    12.380290088943));
#296 = CARTESIAN_POINT('',(12.500258236391,-9.370535115219,
    12.377479334374));
#297 = CARTESIAN_POINT('',(12.495553219829,-9.381734141916,
    12.374519214191));
#298 = CARTESIAN_POINT('',(12.482387413847,-9.414261252601,
    12.365492796507));
#299 = CARTESIAN_POINT('',(12.474395157295,-9.435554440995,
    12.35904619325));
#300 = CARTESIAN_POINT('',(12.467036253302,-9.456760835928,
    12.352111221517));
#301 = CARTESIAN_POINT('',(12.460293400164,-9.47784825108,
    12.344723812134));
#302 = CARTESIAN_POINT('',(12.454146008278,-9.498790892878,
    12.336918705735));
#303 = CARTESIAN_POINT('',(12.448571720399,-9.519569037895,
    12.328728321984));
#304 = CARTESIAN_POINT('',(12.423058584699,-9.624183759753,12.285324237)
  );
#305 = CARTESIAN_POINT('',(12.411799761881,-9.704922506468,
    12.244668917501));
#306 = CARTESIAN_POINT('',(12.407971761767,-9.782061809103,
    12.200018692732));
#307 = CARTESIAN_POINT('',(12.410353909033,-9.855433754635,
    12.152566978675));
#308 = CARTESIAN_POINT('',(12.417908811931,-9.925125927172,
    12.103169490187));
#309 = CARTESIAN_POINT('',(12.429926824792,-9.991409429664,
    12.052278778744));
#310 = CARTESIAN_POINT('',(12.446003541996,-10.05470018611,12.));
#311 = ORIENTED_EDGE('',*,*,#312,.T.);
#312 = EDGE_CURVE('',#258,#313,#315,.T.);
#313 = VERTEX_POINT('',#314);
#314 = CARTESIAN_POINT('',(11.300581110521,-11.32682067327,12.));
#315 = CIRCLE('',#316,16.);
#316 = AXIS2_PLACEMENT_3D('',#317,#318,#319);
#317 = CARTESIAN_POINT('',(0.,0.,12.));
#318 = DIRECTION('',(0.,0.,-1.));
#319 = DIRECTION('',(0.,1.,0.));
#320 = ORIENTED_EDGE('',*,*,#321,.T.);
#321 = EDGE_CURVE('',#313,#322,#324,.T.);
#322 = VERTEX_POINT('',#323);
#323 = CARTESIAN_POINT('',(10.083538786968,-12.42265050348,12.));
#324 = B_SPLINE_CURVE_WITH_KNOTS('',7,(#325,#326,#327,#328,#329,#330,
    #331,#332,#333,#334,#335,#336,#337,#338,#339,#340,#341,#342,#343,
    #344,#345,#346,#347,#348,#349,#350,#351,#352,#353,#354,#355,#356,
    #357,#358,#359,#360,#361,#362,#363,#364,#365,#366,#367,#368,#369,
    #370,#371,#372,#373,#374),.UNSPECIFIED.,.F.,.F.,(8,6,6,6,6,6,6,6,8),
  (0.,0.30837325176,0.383852477633,0.422445969222,0.499702814013,
    0.576940814235,0.616520245526,0.692031198103,1.),.UNSPECIFIED.);
#325 = CARTESIAN_POINT('',(11.300581110521,-11.32682067327,12.));
#326 = CARTESIAN_POINT('',(11.235871748436,-11.31743540591,
    12.052347414703));
#327 = CARTESIAN_POINT('',(11.168604591859,-11.31241100686,
    12.103302298765));
#328 = CARTESIAN_POINT('',(11.098405827103,-11.31219451177,
    12.152760050943));
#329 = CARTESIAN_POINT('',(11.02507887901,-11.31752332196,
    12.200266280219));
#330 = CARTESIAN_POINT('',(10.94864574641,-11.32944348892,
    12.244960628337));
#331 = CARTESIAN_POINT('',(10.86940391623,-11.34915705062,
    12.285642953711));
#332 = CARTESIAN_POINT('',(10.76791112786,-11.38559283651,
    12.329031380666));
#333 = CARTESIAN_POINT('',(10.747834588897,-11.39332364462,
    12.33720631678));
#334 = CARTESIAN_POINT('',(10.72765499222,-11.40164164665,
    12.344995472007));
#335 = CARTESIAN_POINT('',(10.707394376423,-11.41056695291,
    12.352366414871));
#336 = CARTESIAN_POINT('',(10.687080635767,-11.42011726016,
    12.35928440742));
#337 = CARTESIAN_POINT('',(10.666747679895,-11.43030630173,
    12.365713541084));
#338 = CARTESIAN_POINT('',(10.636049764539,-11.44668288064,
    12.374636832561));
#339 = CARTESIAN_POINT('',(10.625669535154,-11.45239247084,
    12.377518592299));
#340 = CARTESIAN_POINT('',(10.61530044455,-11.45827214711,
    12.380258232479));
#341 = CARTESIAN_POINT('',(10.604948458796,-11.46432243471,
    12.38285097156));
#342 = CARTESIAN_POINT('',(10.594619970865,-11.47054330531,
    12.385292165726));
#343 = CARTESIAN_POINT('',(10.584321800641,-11.47693417695,
    12.387577308885));
#344 = CARTESIAN_POINT('',(10.553521409803,-11.49662526273,
    12.393955326401));
#345 = CARTESIAN_POINT('',(10.533129361014,-11.51043490388,
    12.397566506858));
#346 = CARTESIAN_POINT('',(10.512947108675,-11.52491059354,
    12.400500222898));
#347 = CARTESIAN_POINT('',(10.49303860888,-11.54003117893,
    12.402726951383));
#348 = CARTESIAN_POINT('',(10.473468477382,-11.55576522804,
    12.404225014686));
#349 = CARTESIAN_POINT('',(10.454300753278,-11.5720696592,
    12.404982598182));
#350 = CARTESIAN_POINT('',(10.416899134191,-11.60570297957,
    12.405016933117));
#351 = CARTESIAN_POINT('',(10.398661005274,-11.62303522072,
    12.404294050044));
#352 = CARTESIAN_POINT('',(10.380945771261,-11.64082933209,
    12.402830699583));
#353 = CARTESIAN_POINT('',(10.363803251942,-11.65902629989,
    12.400638353181));
#354 = CARTESIAN_POINT('',(10.347271798174,-11.67756522463,12.3977383804
    ));
#355 = CARTESIAN_POINT('',(10.331379498471,-11.6963846873,
    12.394160056639));
#356 = CARTESIAN_POINT('',(10.308338897586,-11.72518057902,
    12.387775335081));
#357 = CARTESIAN_POINT('',(10.300704746626,-11.73499549166,
    12.385443018173));
#358 = CARTESIAN_POINT('',(10.293245010718,-11.74486118538,
    12.382946318753));
#359 = CARTESIAN_POINT('',(10.28596110921,-11.75477039658,
    12.380290088943));
#360 = CARTESIAN_POINT('',(10.278853802806,-11.76471626613,
    12.377479334374));
#361 = CARTESIAN_POINT('',(10.271923193569,-11.77469233927,
    12.374519214191));
#362 = CARTESIAN_POINT('',(10.252282325456,-11.80377132956,
    12.365492796507));
#363 = CARTESIAN_POINT('',(10.240037616083,-11.82293752713,
    12.35904619325));
#364 = CARTESIAN_POINT('',(10.228430464372,-11.84215050928,
    12.352111221517));
#365 = CARTESIAN_POINT('',(10.217450638614,-11.86137519582,
    12.344723812134));
#366 = CARTESIAN_POINT('',(10.207083361923,-11.88058207601,
    12.336918705735));
#367 = CARTESIAN_POINT('',(10.197310866346,-11.89974720909,
    12.328728321984));
#368 = CARTESIAN_POINT('',(10.150604630168,-11.99677136909,12.285324237)
  );
#369 = CARTESIAN_POINT('',(10.122805310298,-12.07340493959,
    12.244668917501));
#370 = CARTESIAN_POINT('',(10.103022798331,-12.14806267741,
    12.200018692731));
#371 = CARTESIAN_POINT('',(10.09009800471,-12.22032654616,
    12.152566978675));
#372 = CARTESIAN_POINT('',(10.082997997424,-12.29006653015,
    12.103169490187));
#373 = CARTESIAN_POINT('',(10.080972272793,-12.35740026445,
    12.052278778744));
#374 = CARTESIAN_POINT('',(10.083538786968,-12.42265050348,12.));
#375 = ORIENTED_EDGE('',*,*,#376,.T.);
#376 = EDGE_CURVE('',#322,#377,#379,.T.);
#377 = VERTEX_POINT('',#378);
#378 = CARTESIAN_POINT('',(8.698657862384,-13.42882539141,12.));
#379 = CIRCLE('',#380,16.);
#380 = AXIS2_PLACEMENT_3D('',#381,#382,#383);
#381 = CARTESIAN_POINT('',(0.,0.,12.));
#382 = DIRECTION('',(0.,0.,-1.));
#383 = DIRECTION('',(0.,1.,0.));
#384 = ORIENTED_EDGE('',*,*,#385,.T.);
#385 = EDGE_CURVE('',#377,#386,#388,.T.);
#386 = VERTEX_POINT('',#387);
#387 = CARTESIAN_POINT('',(7.280375000761,-14.24767138336,12.));
#388 = B_SPLINE_CURVE_WITH_KNOTS('',7,(#389,#390,#391,#392,#393,#394,
    #395,#396,#397,#398,#399,#400,#401,#402,#403,#404,#405,#406,#407,
    #408,#409,#410,#411,#412,#413,#414,#415,#416,#417,#418,#419,#420,
    #421,#422,#423,#424,#425,#426,#427,#428,#429,#430,#431,#432,#433,
    #434,#435,#436,#437,#438),.UNSPECIFIED.,.F.,.F.,(8,6,6,6,6,6,6,6,8),
  (0.,0.30837325176,0.383852477633,0.422445969222,0.499702814013,
    0.576940814235,0.616520245526,0.692031198103,1.),.UNSPECIFIED.);
#389 = CARTESIAN_POINT('',(8.698657862384,-13.42882539141,12.));
#390 = CARTESIAN_POINT('',(8.637313861922,-13.40619138178,
    12.052347414703));
#391 = CARTESIAN_POINT('',(8.572561285409,-13.38729114964,
    12.103302298765));
#392 = CARTESIAN_POINT('',(8.503941543949,-13.37248424161,
    12.152760050943));
#393 = CARTESIAN_POINT('',(8.431109043665,-13.36245107476,
    12.200266280219));
#394 = CARTESIAN_POINT('',(8.353867816329,-13.35821941564,
    12.244960628337));
#395 = CARTESIAN_POINT('',(8.272258930314,-13.36102688582,
    12.285642953711));
#396 = CARTESIAN_POINT('',(8.165408577028,-13.37556492514,
    12.329031380666));
#397 = CARTESIAN_POINT('',(8.144163433225,-13.37895264938,12.33720631678
    ));
#398 = CARTESIAN_POINT('',(8.122695399285,-13.38289330904,
    12.344995472007));
#399 = CARTESIAN_POINT('',(8.101021851039,-13.38741115706,
    12.352366414871));
#400 = CARTESIAN_POINT('',(8.079166393827,-13.39252930301,12.35928440742
    ));
#401 = CARTESIAN_POINT('',(8.057159340964,-13.39826823034,
    12.365713541084));
#402 = CARTESIAN_POINT('',(8.0237273665,-13.40790448622,12.374636832561)
  );
#403 = CARTESIAN_POINT('',(8.012386879479,-13.41133113714,
    12.377518592299));
#404 = CARTESIAN_POINT('',(8.00102192495,-13.41492647321,12.380258232479
    ));
#405 = CARTESIAN_POINT('',(7.989638229396,-13.41869224865,12.38285097156
    ));
#406 = CARTESIAN_POINT('',(7.978242051982,-13.42262976491,
    12.385292165726));
#407 = CARTESIAN_POINT('',(7.966840184556,-13.4267398707,12.387577308885
    ));
#408 = CARTESIAN_POINT('',(7.932618849218,-13.43959689767,
    12.393955326401));
#409 = CARTESIAN_POINT('',(7.909801229781,-13.44886501968,
    12.397566506858));
#410 = CARTESIAN_POINT('',(7.887050342965,-13.45882825458,
    12.400500222898));
#411 = CARTESIAN_POINT('',(7.864433145181,-13.46947920905,
    12.402726951383));
#412 = CARTESIAN_POINT('',(7.842019375256,-13.48080057231,
    12.404225014686));
#413 = CARTESIAN_POINT('',(7.819880630064,-13.4927635186,12.404982598182
    ));
#414 = CARTESIAN_POINT('',(7.776303565582,-13.51788563637,
    12.405016933117));
#415 = CARTESIAN_POINT('',(7.754860407977,-13.53104720624,
    12.404294050044));
#416 = CARTESIAN_POINT('',(7.73383269055,-13.54476926932,12.402830699583
    ));
#417 = CARTESIAN_POINT('',(7.713281414066,-13.55900445954,
    12.400638353181));
#418 = CARTESIAN_POINT('',(7.693256753035,-13.5737011818,12.3977383804)
  );
#419 = CARTESIAN_POINT('',(7.673798951908,-13.58880519915,
    12.394160056639));
#420 = CARTESIAN_POINT('',(7.645274840897,-13.61218142126,
    12.387775335081));
#421 = CARTESIAN_POINT('',(7.635766879368,-13.62019462528,
    12.385443018173));
#422 = CARTESIAN_POINT('',(7.626418963527,-13.62829376361,
    12.382946318753));
#423 = CARTESIAN_POINT('',(7.617233991886,-13.63647202649,
    12.380290088943));
#424 = CARTESIAN_POINT('',(7.608214134626,-13.64472286283,
    12.377479334374));
#425 = CARTESIAN_POINT('',(7.599360833594,-13.65303998016,
    12.374519214191));
#426 = CARTESIAN_POINT('',(7.574103303534,-13.67739995865,
    12.365492796507));
#427 = CARTESIAN_POINT('',(7.558141293896,-13.69360151059,12.35904619325
    ));
#428 = CARTESIAN_POINT('',(7.542793182694,-13.70998138044,
    12.352111221517));
#429 = CARTESIAN_POINT('',(7.528056255388,-13.72650312732,
    12.344723812134));
#430 = CARTESIAN_POINT('',(7.513922193632,-13.74313481306,
    12.336918705735));
#431 = CARTESIAN_POINT('',(7.500378595307,-13.75984932592,
    12.328728321984));
#432 = CARTESIAN_POINT('',(7.434520545293,-13.84504250271,12.285324237)
  );
#433 = CARTESIAN_POINT('',(7.391395692045,-13.91422164223,
    12.244668917501));
#434 = CARTESIAN_POINT('',(7.356523258925,-13.98313491384,
    12.200018692731));
#435 = CARTESIAN_POINT('',(7.328856399918,-14.05113242798,
    12.152566978675));
#436 = CARTESIAN_POINT('',(7.307411786837,-14.11787225148,
    12.103169490187));
#437 = CARTESIAN_POINT('',(7.291430858601,-14.18331341031,
    12.052278778744));
#438 = CARTESIAN_POINT('',(7.280375000761,-14.24767138336,12.));
#439 = ORIENTED_EDGE('',*,*,#440,.T.);
#440 = EDGE_CURVE('',#386,#441,#443,.T.);
#441 = VERTEX_POINT('',#442);
#442 = CARTESIAN_POINT('',(5.716561524869,-14.9439260013,12.));
#443 = CIRCLE('',#444,16.);
#444 = AXIS2_PLACEMENT_3D('',#445,#446,#447);
#445 = CARTESIAN_POINT('',(0.,0.,12.));
#446 = DIRECTION('',(0.,0.,-1.));
#447 = DIRECTION('',(0.,1.,0.));
#448 = ORIENTED_EDGE('',*,*,#449,.T.);
#449 = EDGE_CURVE('',#441,#450,#452,.T.);
#450 = VERTEX_POINT('',#451);
#451 = CARTESIAN_POINT('',(4.159023891906,-15.45000065587,12.));
#452 = B_SPLINE_CURVE_WITH_KNOTS('',7,(#453,#454,#455,#456,#457,#458,
    #459,#460,#461,#462,#463,#464,#465,#466,#467,#468,#469,#470,#471,
    #472,#473,#474,#475,#476,#477,#478,#479,#480,#481,#482,#483,#484,
    #485,#486,#487,#488,#489,#490,#491,#492,#493,#494,#495,#496,#497,
    #498,#499,#500,#501,#502),.UNSPECIFIED.,.F.,.F.,(8,6,6,6,6,6,6,6,8),
  (0.,0.30837325176,0.383852477633,0.422445969222,0.499702814013,
    0.576940814235,0.616520245526,0.692031198103,1.),.UNSPECIFIED.);
#453 = CARTESIAN_POINT('',(5.716561524869,-14.9439260013,12.));
#454 = CARTESIAN_POINT('',(5.661263913211,-14.90903246422,
    12.052347414703));
#455 = CARTESIAN_POINT('',(5.601855915074,-14.87708242983,
    12.103302298765));
#456 = CARTESIAN_POINT('',(5.537814208886,-14.8483322418,12.152760050943
    ));
#457 = CARTESIAN_POINT('',(5.468659286162,-14.82337559543,
    12.200266280219));
#458 = CARTESIAN_POINT('',(5.393985776369,-14.80317705404,
    12.244960628337));
#459 = CARTESIAN_POINT('',(5.313576534442,-14.78895573279,
    12.285642953711));
#460 = CARTESIAN_POINT('',(5.206038489402,-14.78096064345,
    12.329031380666));
#461 = CARTESIAN_POINT('',(5.184553255489,-14.77985722402,12.33720631678
    ));
#462 = CARTESIAN_POINT('',(5.162735040385,-14.77924831558,
    12.344995472007));
#463 = CARTESIAN_POINT('',(5.140595797749,-14.77916125371,
    12.352366414871));
#464 = CARTESIAN_POINT('',(5.118153812334,-14.77962355084,12.35928440742
    ));
#465 = CARTESIAN_POINT('',(5.095434476293,-14.78066154526,
    12.365713541084));
#466 = CARTESIAN_POINT('',(5.060729580429,-14.7831363275,12.374636832561
    ));
#467 = CARTESIAN_POINT('',(5.048924469474,-14.78413027804,
    12.377518592299));
#468 = CARTESIAN_POINT('',(5.037060354066,-14.78528414048,
    12.380258232479));
#469 = CARTESIAN_POINT('',(5.025142470833,-14.7866008213,12.38285097156)
  );
#470 = CARTESIAN_POINT('',(5.013176671575,-14.78808289487,
    12.385292165726));
#471 = CARTESIAN_POINT('',(5.001169423265,-14.78973260345,
    12.387577308885));
#472 = CARTESIAN_POINT('',(4.965022779994,-14.79519365784,
    12.393955326401));
#473 = CARTESIAN_POINT('',(4.940776829369,-14.79951519931,
    12.397566506858));
#474 = CARTESIAN_POINT('',(4.916451631001,-14.80453053828,
    12.400500222898));
#475 = CARTESIAN_POINT('',(4.892114215301,-14.81024636401,
    12.402726951383));
#476 = CARTESIAN_POINT('',(4.867836396247,-14.81666024351,
    12.404225014686));
#477 = CARTESIAN_POINT('',(4.843694199365,-14.82375886677,
    12.404982598182));
#478 = CARTESIAN_POINT('',(4.795846216313,-14.83927182484,
    12.405016933117));
#479 = CARTESIAN_POINT('',(4.772135198903,-14.84768749968,
    12.404294050044));
#480 = CARTESIAN_POINT('',(4.748714010216,-14.85673779448,
    12.402830699583));
#481 = CARTESIAN_POINT('',(4.725652165964,-14.86638906099,
    12.400638353181));
#482 = CARTESIAN_POINT('',(4.703009471446,-14.87660126347,12.3977383804)
  );
#483 = CARTESIAN_POINT('',(4.680836568173,-14.88732971747,
    12.394160056639));
#484 = CARTESIAN_POINT('',(4.648075587561,-14.90426461689,
    12.387775335081));
#485 = CARTESIAN_POINT('',(4.637109359007,-14.91012589682,
    12.385443018173));
#486 = CARTESIAN_POINT('',(4.626281812011,-14.91610450856,
    12.382946318753));
#487 = CARTESIAN_POINT('',(4.615597197573,-14.9221943938,12.380290088943
    ));
#488 = CARTESIAN_POINT('',(4.605059000501,-14.92838959579,
    12.377479334374));
#489 = CARTESIAN_POINT('',(4.594669939411,-14.93468425936,
    12.374519214191));
#490 = CARTESIAN_POINT('',(4.564899622667,-14.9532605781,12.365492796507
    ));
#491 = CARTESIAN_POINT('',(4.54591792918,-14.96578939884,12.35904619325)
  );
#492 = CARTESIAN_POINT('',(4.527499644595,-14.97862027749,
    12.352111221517));
#493 = CARTESIAN_POINT('',(4.50964969018,-14.99171700508,12.344723812134
    ));
#494 = CARTESIAN_POINT('',(4.49236656968,-15.00504661191,12.336918705735
    ));
#495 = CARTESIAN_POINT('',(4.475643788843,-15.01858000013,
    12.328728321984));
#496 = CARTESIAN_POINT('',(4.393512237802,-15.08821884307,12.285324237)
  );
#497 = CARTESIAN_POINT('',(4.336946614198,-15.14692009126,
    12.244668917501));
#498 = CARTESIAN_POINT('',(4.28850835259,-15.20707705601,12.200018692732
    ));
#499 = CARTESIAN_POINT('',(4.247308602695,-15.26783639789,
    12.152566978675));
#500 = CARTESIAN_POINT('',(4.212456616313,-15.32865921035,
    12.103169490187));
#501 = CARTESIAN_POINT('',(4.183218927721,-15.38934770104,
    12.052278778744));
#502 = CARTESIAN_POINT('',(4.159023891906,-15.45000065587,12.));
#503 = ORIENTED_EDGE('',*,*,#504,.T.);
#504 = EDGE_CURVE('',#450,#505,#507,.T.);
#505 = VERTEX_POINT('',#506);
#506 = CARTESIAN_POINT('',(2.484624017611,-15.80590533601,12.));
#507 = CIRCLE('',#508,16.);
#508 = AXIS2_PLACEMENT_3D('',#509,#510,#511);
#509 = CARTESIAN_POINT('',(0.,0.,12.));
#510 = DIRECTION('',(0.,0.,-1.));
#511 = DIRECTION('',(0.,1.,0.));
#512 = ORIENTED_EDGE('',*,*,#513,.T.);
#513 = EDGE_CURVE('',#505,#514,#516,.T.);
#514 = VERTEX_POINT('',#515);
#515 = CARTESIAN_POINT('',(0.855903481764,-15.97709076239,12.));
#516 = B_SPLINE_CURVE_WITH_KNOTS('',7,(#517,#518,#519,#520,#521,#522,
    #523,#524,#525,#526,#527,#528,#529,#530,#531,#532,#533,#534,#535,
    #536,#537,#538,#539,#540,#541,#542,#543,#544,#545,#546,#547,#548,
    #549,#550,#551,#552,#553,#554,#555,#556,#557,#558,#559,#560,#561,
    #562,#563,#564,#565,#566),.UNSPECIFIED.,.F.,.F.,(8,6,6,6,6,6,6,6,8),
  (0.,0.30837325176,0.383852477633,0.422445969222,0.499702814013,
    0.576940814235,0.616520245526,0.692031198103,1.),.UNSPECIFIED.);
#517 = CARTESIAN_POINT('',(2.484624017611,-15.80590533601,12.));
#518 = CARTESIAN_POINT('',(2.437789565735,-15.7602772865,12.052347414703
    ));
#519 = CARTESIAN_POINT('',(2.386322560563,-15.71667381968,
    12.103302298765));
#520 = CARTESIAN_POINT('',(2.329657819514,-15.67523687282,
    12.152760050943));
#521 = CARTESIAN_POINT('',(2.267202876316,-15.63644747214,
    12.200266280219));
#522 = CARTESIAN_POINT('',(2.198360674765,-15.60116482166,
    12.244960628337));
#523 = CARTESIAN_POINT('',(2.122665346645,-15.57053624895,
    12.285642953711));
#524 = CARTESIAN_POINT('',(2.019139538445,-15.54035745473,
    12.329031380666));
#525 = CARTESIAN_POINT('',(1.998353222242,-15.53481111635,12.33720631678
    ));
#526 = CARTESIAN_POINT('',(1.977138386668,-15.52967925202,
    12.344995472007));
#527 = CARTESIAN_POINT('',(1.955501040781,-15.5249910853,12.352366414871
    ));
#528 = CARTESIAN_POINT('',(1.933453349615,-15.52077732899,12.35928440742
    ));
#529 = CARTESIAN_POINT('',(1.9110146744,-15.51706902518,12.365713541084)
  );
#530 = CARTESIAN_POINT('',(1.876553627619,-15.5122741739,12.374636832561
    ));
#531 = CARTESIAN_POINT('',(1.864799832725,-15.51079198366,
    12.377518592299));
#532 = CARTESIAN_POINT('',(1.852955075212,-15.50945394314,
    12.380258232479));
#533 = CARTESIAN_POINT('',(1.841023872986,-15.50826398407,12.38285097156
    ));
#534 = CARTESIAN_POINT('',(1.829011414729,-15.50722584123,
    12.385292165726));
#535 = CARTESIAN_POINT('',(1.816923559904,-15.50634305241,
    12.387577308885));
#536 = CARTESIAN_POINT('',(1.780431390461,-15.50416945994,
    12.393955326401));
#537 = CARTESIAN_POINT('',(1.755816773036,-15.50335554878,
    12.397566506858));
#538 = CARTESIAN_POINT('',(1.73098039101,-15.50320379743,12.400500222898
    ));
#539 = CARTESIAN_POINT('',(1.705986419243,-15.50373468541,
    12.402726951383));
#540 = CARTESIAN_POINT('',(1.680905608252,-15.50496076385,
    12.404225014686));
#541 = CARTESIAN_POINT('',(1.65581508953,-15.50688482019,12.404982598182
    ));
#542 = CARTESIAN_POINT('',(1.605787374367,-15.51211062784,
    12.405016933117));
#543 = CARTESIAN_POINT('',(1.580844782391,-15.51541260227,
    12.404294050044));
#544 = CARTESIAN_POINT('',(1.556053740777,-15.51939558747,
    12.402830699583));
#545 = CARTESIAN_POINT('',(1.531489242014,-15.52404112362,
    12.400638353181));
#546 = CARTESIAN_POINT('',(1.507218108413,-15.52932248408,12.3977383804)
  );
#547 = CARTESIAN_POINT('',(1.483299165263,-15.53520648981,
    12.394160056639));
#548 = CARTESIAN_POINT('',(1.447733127108,-15.54495993017,
    12.387775335081));
#549 = CARTESIAN_POINT('',(1.435787908338,-15.54841311995,
    12.385443018173));
#550 = CARTESIAN_POINT('',(1.423953945947,-15.55200991108,
    12.382946318753));
#551 = CARTESIAN_POINT('',(1.412236657633,-15.55574526146,
    12.380290088943));
#552 = CARTESIAN_POINT('',(1.400640690529,-15.55961406905,
    12.377479334374));
#553 = CARTESIAN_POINT('',(1.389169921204,-15.56361117187,
    12.374519214191));
#554 = CARTESIAN_POINT('',(1.356187923471,-15.57559195657,
    12.365492796507));
#555 = CARTESIAN_POINT('',(1.335016137225,-15.58390047653,12.35904619325
    ));
#556 = CARTESIAN_POINT('',(1.314332646673,-15.59262159301,
    12.352111221517));
#557 = CARTESIAN_POINT('',(1.294149793811,-15.60172091148,
    12.344723812134));
#558 = CARTESIAN_POINT('',(1.274472969867,-15.61116587161,
    12.336918705735));
#559 = CARTESIAN_POINT('',(1.255301872286,-15.6209266612,12.328728321984
    ));
#560 = CARTESIAN_POINT('',(1.160486363107,-15.67196761869,12.285324237)
  );
#561 = CARTESIAN_POINT('',(1.092952158332,-15.71762544932,
    12.244668917501));
#562 = CARTESIAN_POINT('',(1.0330650527,-15.76639695919,12.200018692731)
  );
#563 = CARTESIAN_POINT('',(0.980133038687,-15.81726265401,
    12.152566978675));
#564 = CARTESIAN_POINT('',(0.933396878047,-15.86951020667,
    12.103169490187));
#565 = CARTESIAN_POINT('',(0.892180256389,-15.92279365095,
    12.052278778744));
#566 = CARTESIAN_POINT('',(0.855903481764,-15.97709076239,12.));
#567 = ORIENTED_EDGE('',*,*,#568,.T.);
#568 = EDGE_CURVE('',#514,#569,#571,.T.);
#569 = VERTEX_POINT('',#570);
#570 = CARTESIAN_POINT('',(-0.855903481764,-15.97709076239,12.));
#571 = CIRCLE('',#572,16.);
#572 = AXIS2_PLACEMENT_3D('',#573,#574,#575);
#573 = CARTESIAN_POINT('',(0.,0.,12.));
#574 = DIRECTION('',(0.,0.,-1.));
#575 = DIRECTION('',(0.,1.,0.));
#576 = ORIENTED_EDGE('',*,*,#577,.T.);
#577 = EDGE_CURVE('',#569,#578,#580,.T.);
#578 = VERTEX_POINT('',#579);
#579 = CARTESIAN_POINT('',(-2.484624017611,-15.80590533601,12.));
#580 = B_SPLINE_CURVE_WITH_KNOTS('',7,(#581,#582,#583,#584,#585,#586,
    #587,#588,#589,#590,#591,#592,#593,#594,#595,#596,#597,#598,#599,
    #600,#601,#602,#603,#604,#605,#606,#607,#608,#609,#610,#611,#612,
    #613,#614,#615,#616,#617,#618,#619,#620,#621,#622,#623,#624,#625,
    #626,#627,#628,#629,#630),.UNSPECIFIED.,.F.,.F.,(8,6,6,6,6,6,6,6,8),
  (0.,0.308373251759,0.383852477633,0.422445969222,0.499702814013,
    0.576940814235,0.616520245526,0.692031198103,1.),.UNSPECIFIED.);
#581 = CARTESIAN_POINT('',(-0.855903481764,-15.97709076239,12.));
#582 = CARTESIAN_POINT('',(-0.892227883576,-15.92272236516,
    12.052347414703));
#583 = CARTESIAN_POINT('',(-0.933504540691,-15.86937114664,
    12.103302298766));
#584 = CARTESIAN_POINT('',(-0.980315795509,-15.81705843437,
    12.152760050942));
#585 = CARTESIAN_POINT('',(-1.033341178473,-15.76613156232,
    12.20026628022));
#586 = CARTESIAN_POINT('',(-1.093343337229,-15.71730682388,
    12.244960628337));
#587 = CARTESIAN_POINT('',(-1.161016502479,-15.67160961531,
    12.285642953711));
#588 = CARTESIAN_POINT('',(-1.256005499249,-15.62056607432,
    12.329031380666));
#589 = CARTESIAN_POINT('',(-1.27518443598,-15.61081921859,12.33720631678
    ));
#590 = CARTESIAN_POINT('',(-1.294868701908,-15.60138868549,
    12.344995472007));
#591 = CARTESIAN_POINT('',(-1.315058495204,-15.59230430928,
    12.352366414871));
#592 = CARTESIAN_POINT('',(-1.33574830222,-15.58359866091,12.35928440742
    ));
#593 = CARTESIAN_POINT('',(-1.356925638829,-15.57530612953,
    12.365713541084));
#594 = CARTESIAN_POINT('',(-1.389636723422,-15.56345120275,
    12.374636832561));
#595 = CARTESIAN_POINT('',(-1.400825505017,-15.55955765055,
    12.377518592299));
#596 = CARTESIAN_POINT('',(-1.412133231893,-15.55578618587,
    12.380258232479));
#597 = CARTESIAN_POINT('',(-1.423556302323,-15.55214159384,
    12.38285097156));
#598 = CARTESIAN_POINT('',(-1.435090417511,-15.54862860639,
    12.385292165726));
#599 = CARTESIAN_POINT('',(-1.446730581591,-15.5452519023,
    12.387577308885));
#600 = CARTESIAN_POINT('',(-1.481973394293,-15.53553865939,
    12.393955326401));
#601 = CARTESIAN_POINT('',(-1.505880901623,-15.52962486741,
    12.397566506858));
#602 = CARTESIAN_POINT('',(-1.530142998234,-15.52431265801,
    12.400500222898));
#603 = CARTESIAN_POINT('',(-1.554701169566,-15.51963540588,
    12.402726951383));
#604 = CARTESIAN_POINT('',(-1.579488820704,-15.51562009775,
    12.404225014686));
#605 = CARTESIAN_POINT('',(-1.604431085199,-15.51228549667,
    12.404982598182));
#606 = CARTESIAN_POINT('',(-1.654452081261,-15.50699576104,
    12.405016933117));
#607 = CARTESIAN_POINT('',(-1.679536136846,-15.50503972293,
    12.404294050044));
#608 = CARTESIAN_POINT('',(-1.704613543908,-15.50378132297,
    12.402830699583));
#609 = CARTESIAN_POINT('',(-1.729607110712,-15.50321809654,
    12.400638353181));
#610 = CARTESIAN_POINT('',(-1.754445918393,-15.50333779417,12.3977383804
    ));
#611 = CARTESIAN_POINT('',(-1.779065528828,-15.50412019235,
    12.394160056639));
#612 = CARTESIAN_POINT('',(-1.815882217994,-15.50626590151,
    12.387775335081));
#613 = CARTESIAN_POINT('',(-1.828284363601,-15.50716008018,
    12.385443018173));
#614 = CARTESIAN_POINT('',(-1.840607540444,-15.50821785366,
    12.382946318753));
#615 = CARTESIAN_POINT('',(-1.852845400908,-15.50943541644,
    12.380290088943));
#616 = CARTESIAN_POINT('',(-1.864992338638,-15.51080874418,
    12.377479334374));
#617 = CARTESIAN_POINT('',(-1.877043488536,-15.51233359367,
    12.374519214191));
#618 = CARTESIAN_POINT('',(-1.911795695692,-15.51719522657,
    12.365492796507));
#619 = CARTESIAN_POINT('',(-1.934232266046,-15.52092032356,
    12.35904619325));
#620 = CARTESIAN_POINT('',(-1.956276994776,-15.52515052322,
    12.352111221517));
#621 = CARTESIAN_POINT('',(-1.977910658567,-15.52985474869,
    12.344723812134));
#622 = CARTESIAN_POINT('',(-1.99912121433,-15.53500227204,
    12.336918705735));
#623 = CARTESIAN_POINT('',(-2.019902759698,-15.54056386964,
    12.328728321984));
#624 = CARTESIAN_POINT('',(-2.123258334286,-15.57077620692,12.285324237)
  );
#625 = CARTESIAN_POINT('',(-2.19880955142,-15.6013951537,12.244668917501
    ));
#626 = CARTESIAN_POINT('',(-2.267528147189,-15.63664965968,
    12.200018692732));
#627 = CARTESIAN_POINT('',(-2.329879042312,-15.67539863249,
    12.152566978675));
#628 = CARTESIAN_POINT('',(-2.386456782725,-15.71678745659,
    12.103169490187));
#629 = CARTESIAN_POINT('',(-2.437850973304,-15.76033711228,
    12.052278778744));
#630 = CARTESIAN_POINT('',(-2.484624017611,-15.80590533601,12.));
#631 = ORIENTED_EDGE('',*,*,#632,.T.);
#632 = EDGE_CURVE('',#578,#633,#635,.T.);
#633 = VERTEX_POINT('',#634);
#634 = CARTESIAN_POINT('',(-4.159023891907,-15.45000065587,12.));
#635 = CIRCLE('',#636,16.);
#636 = AXIS2_PLACEMENT_3D('',#637,#638,#639);
#637 = CARTESIAN_POINT('',(0.,0.,12.));
#638 = DIRECTION('',(0.,0.,-1.));
#639 = DIRECTION('',(0.,1.,0.));
#640 = ORIENTED_EDGE('',*,*,#641,.T.);
#641 = EDGE_CURVE('',#633,#642,#644,.T.);
#642 = VERTEX_POINT('',#643);
#643 = CARTESIAN_POINT('',(-5.716561524869,-14.9439260013,12.));
#644 = B_SPLINE_CURVE_WITH_KNOTS('',7,(#645,#646,#647,#648,#649,#650,
    #651,#652,#653,#654,#655,#656,#657,#658,#659,#660,#661,#662,#663,
    #664,#665,#666,#667,#668,#669,#670,#671,#672,#673,#674,#675,#676,
    #677,#678,#679,#680,#681,#682,#683,#684,#685,#686,#687,#688,#689,
    #690,#691,#692,#693,#694),.UNSPECIFIED.,.F.,.F.,(8,6,6,6,6,6,6,6,8),
  (0.,0.30837325176,0.383852477633,0.422445969222,0.499702814013,
    0.576940814235,0.616520245526,0.692031198104,1.),.UNSPECIFIED.);
#645 = CARTESIAN_POINT('',(-4.159023891907,-15.45000065587,12.));
#646 = CARTESIAN_POINT('',(-4.183250692991,-15.38926807076,
    12.052347414703));
#647 = CARTESIAN_POINT('',(-4.212533014064,-15.3285008048,
    12.103302298765));
#648 = CARTESIAN_POINT('',(-4.247444906193,-15.26759864366,
    12.152760050943));
#649 = CARTESIAN_POINT('',(-4.288723265239,-15.20676004893,
    12.200266280219));
#650 = CARTESIAN_POINT('',(-4.337262998944,-15.14652709789,
    12.244960628337));
#651 = CARTESIAN_POINT('',(-4.393956359268,-15.08775844076,
    12.285642953711));
#652 = CARTESIAN_POINT('',(-4.476257069642,-15.01808100067,
    12.329031380666));
#653 = CARTESIAN_POINT('',(-4.492990415337,-15.00455961197,
    12.33720631678));
#654 = CARTESIAN_POINT('',(-4.510283814742,-14.99124256962,
    12.344995472007));
#655 = CARTESIAN_POINT('',(-4.528143664597,-14.97815901478,
    12.352366414871));
#656 = CARTESIAN_POINT('',(-4.546571343616,-14.96534195295,
    12.35928440742));
#657 = CARTESIAN_POINT('',(-4.56556179039,-14.95282761741,
    12.365713541084));
#658 = CARTESIAN_POINT('',(-4.595093281432,-14.93443073232,
    12.374636832561));
#659 = CARTESIAN_POINT('',(-4.605228046283,-14.92829598508,
    12.377518592299));
#660 = CARTESIAN_POINT('',(-4.615504540598,-14.92225592734,
    12.380258232479));
#661 = CARTESIAN_POINT('',(-4.62592023624,-14.91631598849,12.38285097156
    ));
#662 = CARTESIAN_POINT('',(-4.636471912178,-14.91048169086,
    12.385292165726));
#663 = CARTESIAN_POINT('',(-4.647155654487,-14.90475864966,
    12.387577308885));
#664 = CARTESIAN_POINT('',(-4.679608830418,-14.88793027164,
    12.393955326401));
#665 = CARTESIAN_POINT('',(-4.701764354862,-14.87717505992,
    12.397566506858));
#666 = CARTESIAN_POINT('',(-4.724391796014,-14.86693456152,
    12.400500222898));
#667 = CARTESIAN_POINT('',(-4.747440856982,-14.85725358764,
    12.402726951383));
#668 = CARTESIAN_POINT('',(-4.770852008967,-14.84817238117,
    12.404225014686));
#669 = CARTESIAN_POINT('',(-4.794555922591,-14.83972486074,
    12.404982598182));
#670 = CARTESIAN_POINT('',(-4.842384041996,-14.82415076865,
    12.405016933117));
#671 = CARTESIAN_POINT('',(-4.866513267594,-14.81702220627,
    12.404294050044));
#672 = CARTESIAN_POINT('',(-4.890781037081,-14.81057741926,
    12.402830699583));
#673 = CARTESIAN_POINT('',(-4.915111333124,-14.80483004595,
    12.400638353181));
#674 = CARTESIAN_POINT('',(-4.9394322398,-14.7997828494,12.3977383804));
#675 = CARTESIAN_POINT('',(-4.963676522406,-14.79542944546,
    12.394160056639));
#676 = CARTESIAN_POINT('',(-5.0001347966,-14.78987364563,12.387775335081
    ));
#677 = CARTESIAN_POINT('',(-5.012451835768,-14.78816973329,
    12.385443018173));
#678 = CARTESIAN_POINT('',(-5.024725645102,-14.78664225934,
    12.382946318753));
#679 = CARTESIAN_POINT('',(-5.036949224491,-14.7852888212,
    12.380290088943));
#680 = CARTESIAN_POINT('',(-5.049116253381,-14.78410664808,
    12.377479334374));
#681 = CARTESIAN_POINT('',(-5.061221090774,-14.78309260099,
    12.374519214191));
#682 = CARTESIAN_POINT('',(-5.096224669141,-14.7806226054,
    12.365492796507));
#683 = CARTESIAN_POINT('',(-5.118945437814,-14.7796014748,12.35904619325
    ));
#684 = CARTESIAN_POINT('',(-5.141387944295,-14.77915587763,
    12.352111221517));
#685 = CARTESIAN_POINT('',(-5.163526924098,-14.77925941286,
    12.344723812134));
#686 = CARTESIAN_POINT('',(-5.185344208612,-14.77988452797,
    12.336918705735));
#687 = CARTESIAN_POINT('',(-5.206827948513,-14.78100386508,
    12.328728321984));
#688 = CARTESIAN_POINT('',(-5.314206453947,-14.78906715804,12.285324237)
  );
#689 = CARTESIAN_POINT('',(-5.394472732716,-14.80330902607,
    12.244668917501));
#690 = CARTESIAN_POINT('',(-5.469019486238,-14.82350573707,
    12.200018692732));
#691 = CARTESIAN_POINT('',(-5.538064229162,-14.84844447183,
    12.152566978674));
#692 = CARTESIAN_POINT('',(-5.602010830601,-14.87716567715,
    12.103169490187));
#693 = CARTESIAN_POINT('',(-5.661336417357,-14.90907821531,
    12.052278778744));
#694 = CARTESIAN_POINT('',(-5.716561524869,-14.9439260013,12.));
#695 = ORIENTED_EDGE('',*,*,#696,.T.);
#696 = EDGE_CURVE('',#642,#697,#699,.T.);
#697 = VERTEX_POINT('',#698);
#698 = CARTESIAN_POINT('',(-7.280375000761,-14.24767138336,12.));
#699 = CIRCLE('',#700,16.);
#700 = AXIS2_PLACEMENT_3D('',#701,#702,#703);
#701 = CARTESIAN_POINT('',(0.,0.,12.));
#702 = DIRECTION('',(0.,0.,-1.));
#703 = DIRECTION('',(0.,1.,0.));
#704 = ORIENTED_EDGE('',*,*,#705,.T.);
#705 = EDGE_CURVE('',#697,#706,#708,.T.);
#706 = VERTEX_POINT('',#707);
#707 = CARTESIAN_POINT('',(-8.698657862384,-13.42882539141,12.));
#708 = B_SPLINE_CURVE_WITH_KNOTS('',7,(#709,#710,#711,#712,#713,#714,
    #715,#716,#717,#718,#719,#720,#721,#722,#723,#724,#725,#726,#727,
    #728,#729,#730,#731,#732,#733,#734,#735,#736,#737,#738,#739,#740,
    #741,#742,#743,#744,#745,#746,#747,#748,#749,#750,#751,#752,#753,
    #754,#755,#756,#757,#758),.UNSPECIFIED.,.F.,.F.,(8,6,6,6,6,6,6,6,8),
  (0.,0.30837325176,0.383852477633,0.422445969222,0.499702814013,
    0.576940814235,0.616520245526,0.692031198103,1.),.UNSPECIFIED.);
#709 = CARTESIAN_POINT('',(-7.280375000761,-14.24767138336,12.));
#710 = CARTESIAN_POINT('',(-7.291445373657,-14.18322891577,
    12.052347414703));
#711 = CARTESIAN_POINT('',(-7.307453580748,-14.11770142348,
    12.103302298765));
#712 = CARTESIAN_POINT('',(-7.328940292973,-14.05087153016,
    12.152760050943));
#713 = CARTESIAN_POINT('',(-7.356667565739,-13.98278015127,
    12.200266280219));
#714 = CARTESIAN_POINT('',(-7.391623455108,-13.91377145661,
    12.244960628337));
#715 = CARTESIAN_POINT('',(-7.434859238616,-13.84449982324,
    12.285642953711));
#716 = CARTESIAN_POINT('',(-7.500874726627,-13.75923372255,
    12.329031380666));
#717 = CARTESIAN_POINT('',(-7.514431153782,-13.74252875043,
    12.33720631678));
#718 = CARTESIAN_POINT('',(-7.528577882129,-13.7259072175,
    12.344995472007));
#719 = CARTESIAN_POINT('',(-7.543327227404,-13.70939629814,
    12.352366414871));
#720 = CARTESIAN_POINT('',(-7.558687400427,-13.69302798996,
    12.35928440742));
#721 = CARTESIAN_POINT('',(-7.574660983715,-13.67683878678,
    12.365713541084));
#722 = CARTESIAN_POINT('',(-7.59972221334,-13.65270397554,
    12.374636832561));
#723 = CARTESIAN_POINT('',(-7.60836002359,-13.64459615114,
    12.377518592299));
#724 = CARTESIAN_POINT('',(-7.61715615323,-13.63655147985,
    12.380258232479));
#725 = CARTESIAN_POINT('',(-7.626109258205,-13.62857579803,
    12.38285097156));
#726 = CARTESIAN_POINT('',(-7.635217336022,-13.62067517701,
    12.385292165726));
#727 = CARTESIAN_POINT('',(-7.644477725756,-13.61285592306,
    12.387577308885));
#728 = CARTESIAN_POINT('',(-7.6727229054,-13.5896478908,12.393955326401)
  );
#729 = CARTESIAN_POINT('',(-7.692158144225,-13.57452131371,
    12.397566506858));
#730 = CARTESIAN_POINT('',(-7.712162002162,-13.55980008522,
    12.400500222898));
#731 = CARTESIAN_POINT('',(-7.732694598199,-13.54553849462,
    12.402726951383));
#732 = CARTESIAN_POINT('',(-7.75370607135,-13.5317882821,12.404225014686
    ));
#733 = CARTESIAN_POINT('',(-7.775135659334,-13.51859703949,
    12.404982598182));
#734 = CARTESIAN_POINT('',(-7.818680583759,-13.49341925352,
    12.405016933117));
#735 = CARTESIAN_POINT('',(-7.840800416427,-13.48142971923,
    12.404294050044));
#736 = CARTESIAN_POINT('',(-7.863197930362,-13.4700802133,
    12.402830699583));
#737 = CARTESIAN_POINT('',(-7.885801604958,-13.45939988089,
    12.400638353181));
#738 = CARTESIAN_POINT('',(-7.908541670302,-13.44940637686,12.3977383804
    ));
#739 = CARTESIAN_POINT('',(-7.931351033592,-13.44010743546,
    12.394160056639));
#740 = CARTESIAN_POINT('',(-7.965857491286,-13.42709294176,
    12.387775335081));
#741 = CARTESIAN_POINT('',(-7.977551110299,-13.42286540755,
    12.385443018173));
#742 = CARTESIAN_POINT('',(-7.989239127761,-13.41881944412,
    12.382946318753));
#743 = CARTESIAN_POINT('',(-8.000914197,-13.41495415679,12.380290088943)
  );
#744 = CARTESIAN_POINT('',(-8.012569559504,-13.41126814943,
    12.377479334374));
#745 = CARTESIAN_POINT('',(-8.024199044912,-13.4077595245,
    12.374519214191));
#746 = CARTESIAN_POINT('',(-8.057924170148,-13.39806585107,
    12.365492796507));
#747 = CARTESIAN_POINT('',(-8.079936130524,-13.3923431212,12.35904619325
    ));
#748 = CARTESIAN_POINT('',(-8.101795569531,-13.38724120192,
    12.352111221517));
#749 = CARTESIAN_POINT('',(-8.123472285694,-13.38273952194,
    12.344723812134));
#750 = CARTESIAN_POINT('',(-8.144942778935,-13.37881490827,
    12.336918705735));
#751 = CARTESIAN_POINT('',(-8.166189770846,-13.3754430645,
    12.328728321984));
#752 = CARTESIAN_POINT('',(-8.272898251179,-13.36100490853,12.285324237)
  );
#753 = CARTESIAN_POINT('',(-8.354371570039,-13.35824725985,
    12.244668917501));
#754 = CARTESIAN_POINT('',(-8.431488430473,-13.36250348268,
    12.200018692732));
#755 = CARTESIAN_POINT('',(-8.504209434617,-13.37254203701,
    12.152566978674));
#756 = CARTESIAN_POINT('',(-8.572730123751,-13.38734036905,
    12.103169490187));
#757 = CARTESIAN_POINT('',(-8.637394293865,-13.40622105864,
    12.052278778744));
#758 = CARTESIAN_POINT('',(-8.698657862384,-13.42882539141,12.));
#759 = ORIENTED_EDGE('',*,*,#760,.T.);
#760 = EDGE_CURVE('',#706,#761,#763,.T.);
#761 = VERTEX_POINT('',#762);
#762 = CARTESIAN_POINT('',(-10.08353878696,-12.42265050348,12.));
#763 = CIRCLE('',#764,16.);
#764 = AXIS2_PLACEMENT_3D('',#765,#766,#767);
#765 = CARTESIAN_POINT('',(0.,0.,12.));
#766 = DIRECTION('',(0.,0.,-1.));
#767 = DIRECTION('',(0.,1.,0.));
#768 = ORIENTED_EDGE('',*,*,#769,.T.);
#769 = EDGE_CURVE('',#761,#770,#772,.T.);
#770 = VERTEX_POINT('',#771);
#771 = CARTESIAN_POINT('',(-11.30058111052,-11.32682067327,12.));
#772 = B_SPLINE_CURVE_WITH_KNOTS('',7,(#773,#774,#775,#776,#777,#778,
    #779,#780,#781,#782,#783,#784,#785,#786,#787,#788,#789,#790,#791,
    #792,#793,#794,#795,#796,#797,#798,#799,#800,#801,#802,#803,#804,
    #805,#806,#807,#808,#809,#810,#811,#812,#813,#814,#815,#816,#817,
    #818,#819,#820,#821,#822),.UNSPECIFIED.,.F.,.F.,(8,6,6,6,6,6,6,6,8),
  (0.,0.30837325176,0.383852477633,0.422445969222,0.499702814013,
    0.576940814235,0.616520245526,0.692031198103,1.),.UNSPECIFIED.);
#773 = CARTESIAN_POINT('',(-10.08353878696,-12.42265050348,12.));
#774 = CARTESIAN_POINT('',(-10.08096890325,-12.35731459848,
    12.052347414703));
#775 = CARTESIAN_POINT('',(-10.08300336089,-12.28989074571,
    12.103302298765));
#776 = CARTESIAN_POINT('',(-10.09012582079,-12.22005390723,
    12.152760050943));
#777 = CARTESIAN_POINT('',(-10.1030901924,-12.14768566417,
    12.200266280219));
#778 = CARTESIAN_POINT('',(-10.12293449733,-12.07291723701,
    12.244960628337));
#779 = CARTESIAN_POINT('',(-10.15082309282,-11.99617013017,
    12.285642953711));
#780 = CARTESIAN_POINT('',(-10.19766816486,-11.89904190662,
    12.329031380666));
#781 = CARTESIAN_POINT('',(-10.20745519256,-11.87988343853,
    12.33720631678));
#782 = CARTESIAN_POINT('',(-10.21783696994,-11.86068385577,
    12.344995472007));
#783 = CARTESIAN_POINT('',(-10.22883119347,-11.84146717829,
    12.352366414871));
#784 = CARTESIAN_POINT('',(-10.24045254723,-11.82226299737,
    12.35928440742));
#785 = CARTESIAN_POINT('',(-10.25271114479,-11.80310647242,
    12.365713541084));
#786 = CARTESIAN_POINT('',(-10.27220681701,-11.77428854208,
    12.374636832561));
#787 = CARTESIAN_POINT('',(-10.2789701589,-11.76456199137,
    12.377518592299));
#788 = CARTESIAN_POINT('',(-10.28590149079,-11.75486429725,
    12.380258232479));
#789 = CARTESIAN_POINT('',(-10.29300071145,-11.74520144803,
    12.38285097156));
#790 = CARTESIAN_POINT('',(-10.30026712444,-11.73557979868,
    12.385292165726));
#791 = CARTESIAN_POINT('',(-10.30769943813,-11.7260060709,
    12.387577308885));
#792 = CARTESIAN_POINT('',(-10.3305021716,-11.69743268676,
    12.393955326401));
#793 = CARTESIAN_POINT('',(-10.34636771161,-11.67859584832,
    12.397566506858));
#794 = CARTESIAN_POINT('',(-10.36287372175,-11.66003727806,
    12.400500222898));
#795 = CARTESIAN_POINT('',(-10.37999247988,-11.64181837067,
    12.402726951383));
#796 = CARTESIAN_POINT('',(-10.397685972,-11.62400010237,12.404225014686
    ));
#797 = CARTESIAN_POINT('',(-10.41590465852,-11.6066416582,
    12.404982598182));
#798 = CARTESIAN_POINT('',(-10.45326326582,-11.57296056839,
    12.405016933117));
#799 = CARTESIAN_POINT('',(-10.47240696272,-11.55663406238,
    12.404294050044));
#800 = CARTESIAN_POINT('',(-10.49195534227,-11.54087586539,
    12.402830699583));
#801 = CARTESIAN_POINT('',(-10.51184450638,-11.52572935567,
    12.400638353181));
#802 = CARTESIAN_POINT('',(-10.53200988041,-11.51122630825,12.3977383804
    ));
#803 = CARTESIAN_POINT('',(-10.55238744576,-11.49738823774,
    12.394160056639));
#804 = CARTESIAN_POINT('',(-10.58343398917,-11.47748384598,
    12.387775335081));
#805 = CARTESIAN_POINT('',(-10.59399312077,-11.47091745344,
    12.385443018173));
#806 = CARTESIAN_POINT('',(-10.60458452391,-11.46452982854,
    12.382946318753));
#807 = CARTESIAN_POINT('',(-10.61520082645,-11.45832162363,
    12.380290088943));
#808 = CARTESIAN_POINT('',(-10.6258351273,-11.45229287825,
    12.377479334374));
#809 = CARTESIAN_POINT('',(-10.6364809964,-11.44644301922,
    12.374519214191));
#810 = CARTESIAN_POINT('',(-10.66745371871,-11.429949328,12.365492796507
    ));
#811 = CARTESIAN_POINT('',(-10.68779484249,-11.41977510961,
    12.35904619325));
#812 = CARTESIAN_POINT('',(-10.70811585165,-11.41023984659,
    12.352111221517));
#813 = CARTESIAN_POINT('',(-10.72838292766,-11.4013296964,
    12.344723812134));
#814 = CARTESIAN_POINT('',(-10.74856826604,-11.39302687841,
    12.336918705735));
#815 = CARTESIAN_POINT('',(-10.76864991446,-11.38531121949,
    12.328728321984));
#816 = CARTESIAN_POINT('',(-10.87002469706,-11.34900263131,12.285324237)
  );
#817 = CARTESIAN_POINT('',(-10.94914428103,-11.32936598838,
    12.244668917501));
#818 = CARTESIAN_POINT('',(-11.02546087152,-11.31749570569,
    12.200018692731));
#819 = CARTESIAN_POINT('',(-11.09867988005,-11.31219534659,
    12.152566978675));
#820 = CARTESIAN_POINT('',(-11.16877997396,-11.31242404724,
    12.103169490187));
#821 = CARTESIAN_POINT('',(-11.23595659291,-11.31744771152,
    12.052278778744));
#822 = CARTESIAN_POINT('',(-11.30058111052,-11.32682067327,12.));
#823 = ORIENTED_EDGE('',*,*,#824,.T.);
#824 = EDGE_CURVE('',#770,#825,#827,.T.);
#825 = VERTEX_POINT('',#826);
#826 = CARTESIAN_POINT('',(-12.44600354199,-10.05470018611,12.));
#827 = CIRCLE('',#828,16.);
#828 = AXIS2_PLACEMENT_3D('',#829,#830,#831);
#829 = CARTESIAN_POINT('',(0.,0.,12.));
#830 = DIRECTION('',(0.,0.,-1.));
#831 = DIRECTION('',(0.,1.,0.));
#832 = ORIENTED_EDGE('',*,*,#833,.T.);
#833 = EDGE_CURVE('',#825,#834,#836,.T.);
#834 = VERTEX_POINT('',#835);
#835 = CARTESIAN_POINT('',(-13.40861473792,-8.729779539595,12.));
#836 = B_SPLINE_CURVE_WITH_KNOTS('',7,(#837,#838,#839,#840,#841,#842,
    #843,#844,#845,#846,#847,#848,#849,#850,#851,#852,#853,#854,#855,
    #856,#857,#858,#859,#860,#861,#862,#863,#864,#865,#866,#867,#868,
    #869,#870,#871,#872,#873,#874,#875,#876,#877,#878,#879,#880,#881,
    #882,#883,#884,#885,#886),.UNSPECIFIED.,.F.,.F.,(8,6,6,6,6,6,6,6,8),
  (0.,0.30837325176,0.383852477633,0.422445969222,0.499702814013,
    0.576940814235,0.616520245526,0.692031198104,1.),.UNSPECIFIED.);
#837 = CARTESIAN_POINT('',(-12.44600354199,-10.05470018611,12.));
#838 = CARTESIAN_POINT('',(-12.42990571793,-9.991326336259,
    12.052347414703));
#839 = CARTESIAN_POINT('',(-12.41787751056,-9.924952868915,
    12.103302298765));
#840 = CARTESIAN_POINT('',(-12.41032443244,-9.855161290237,
    12.152760050943));
#841 = CARTESIAN_POINT('',(-12.40795929766,-9.781679022496,
    12.200266280219));
#842 = CARTESIAN_POINT('',(-12.4118247268,-9.70441860186,12.244960628337
    ));
#843 = CARTESIAN_POINT('',(-12.42314726882,-9.623550238407,
    12.285642953711));
#844 = CARTESIAN_POINT('',(-12.44877457046,-9.518804861444,
    12.329031380666));
#845 = CARTESIAN_POINT('',(-12.45436445863,-9.498030214371,
    12.33720631678));
#846 = CARTESIAN_POINT('',(-12.46052755154,-9.477091695666,
    12.344995472007));
#847 = CARTESIAN_POINT('',(-12.46728615301,-9.456009121095,
    12.352366414871));
#848 = CARTESIAN_POINT('',(-12.47466077858,-9.434808382295,
    12.35928440742));
#849 = CARTESIAN_POINT('',(-12.48266863088,-9.413521767625,
    12.365713541084));
#850 = CARTESIAN_POINT('',(-12.49574669126,-9.381280200035,
    12.374636832561));
#851 = CARTESIAN_POINT('',(-12.5003399743,-9.370360019943,
    12.377518592299));
#852 = CARTESIAN_POINT('',(-12.50510357598,-9.359433138778,
    12.380258232479));
#853 = CARTESIAN_POINT('',(-12.51003864231,-9.348505435019,
    12.38285097156));
#854 = CARTESIAN_POINT('',(-12.51514581336,-9.337583269582,
    12.385292165726));
#855 = CARTESIAN_POINT('',(-12.52042522323,-9.32667348582,
    12.387577308885));
#856 = CARTESIAN_POINT('',(-12.53678892166,-9.293983543809,
    12.393955326401));
#857 = CARTESIAN_POINT('',(-12.54839136262,-9.27225970423,
    12.397566506858));
#858 = CARTESIAN_POINT('',(-12.56067813312,-9.250674890786,
    12.400500222898));
#859 = CARTESIAN_POINT('',(-12.57363488147,-9.229294920281,
    12.402726951383));
#860 = CARTESIAN_POINT('',(-12.58723710205,-9.208187340037,
    12.404225014686));
#861 = CARTESIAN_POINT('',(-12.60144864307,-9.187420341598,
    12.404982598182));
#862 = CARTESIAN_POINT('',(-12.63098818284,-9.1467079732,12.405016933117
    ));
#863 = CARTESIAN_POINT('',(-12.64631907257,-9.126758042129,
    12.404294050044));
#864 = CARTESIAN_POINT('',(-12.66216395974,-9.107279862905,
    12.402830699583));
#865 = CARTESIAN_POINT('',(-12.67846936144,-9.088329151021,
    12.400638353181));
#866 = CARTESIAN_POINT('',(-12.69517872057,-9.069950412971,12.3977383804
    ));
#867 = CARTESIAN_POINT('',(-12.71223389058,-9.052178003437,
    12.394160056639));
#868 = CARTESIAN_POINT('',(-12.73846363679,-9.026253631065,
    12.387775335081));
#869 = CARTESIAN_POINT('',(-12.74742679625,-9.017635363047,
    12.385443018173));
#870 = CARTESIAN_POINT('',(-12.75645868992,-9.009185246549,
    12.382946318753));
#871 = CARTESIAN_POINT('',(-12.7655522424,-9.000905452396,
    12.380290088943));
#872 = CARTESIAN_POINT('',(-12.77470071162,-8.992797454102,
    12.377479334374));
#873 = CARTESIAN_POINT('',(-12.78389768886,-8.984862027872,
    12.374519214191));
#874 = CARTESIAN_POINT('',(-12.81076435164,-8.962289172321,
    12.365492796507));
#875 = CARTESIAN_POINT('',(-12.82854563411,-8.948108127568,
    12.35904619325));
#876 = CARTESIAN_POINT('',(-12.84644008781,-8.93455625755,
    12.352111221517));
#877 = CARTESIAN_POINT('',(-12.86441175519,-8.921627053485,
    12.344723812134));
#878 = CARTESIAN_POINT('',(-12.88242974258,-8.909308904151,
    12.336918705735));
#879 = CARTESIAN_POINT('',(-12.90046838311,-8.897586641418,
    12.328728321984));
#880 = CARTESIAN_POINT('',(-12.99207890352,-8.840994480543,12.285324237)
  );
#881 = CARTESIAN_POINT('',(-13.06538684711,-8.805337058897,
    12.244668917501));
#882 = CARTESIAN_POINT('',(-13.13756776645,-8.777859058996,
    12.200018692732));
#883 = CARTESIAN_POINT('',(-13.20808475736,-8.757451437596,
    12.152566978674));
#884 = CARTESIAN_POINT('',(-13.27670054557,-8.743100511538,
    12.103169490187));
#885 = CARTESIAN_POINT('',(-13.34345367275,-8.734047592266,
    12.052278778744));
#886 = CARTESIAN_POINT('',(-13.40861473792,-8.729779539595,12.));
#887 = ORIENTED_EDGE('',*,*,#888,.T.);
#888 = EDGE_CURVE('',#834,#889,#891,.T.);
#889 = VERTEX_POINT('',#890);
#890 = CARTESIAN_POINT('',(-14.26451821968,-7.247311222803,12.));
#891 = CIRCLE('',#892,16.);
#892 = AXIS2_PLACEMENT_3D('',#893,#894,#895);
#893 = CARTESIAN_POINT('',(0.,0.,12.));
#894 = DIRECTION('',(0.,0.,-1.));
#895 = DIRECTION('',(0.,1.,0.));
#896 = ORIENTED_EDGE('',*,*,#897,.T.);
#897 = EDGE_CURVE('',#889,#898,#900,.T.);
#898 = VERTEX_POINT('',#899);
#899 = CARTESIAN_POINT('',(-14.9306275596,-5.751205149904,12.));
#900 = B_SPLINE_CURVE_WITH_KNOTS('',7,(#901,#902,#903,#904,#905,#906,
    #907,#908,#909,#910,#911,#912,#913,#914,#915,#916,#917,#918,#919,
    #920,#921,#922,#923,#924,#925,#926,#927,#928,#929,#930,#931,#932,
    #933,#934,#935,#936,#937,#938,#939,#940,#941,#942,#943,#944,#945,
    #946,#947,#948,#949,#950),.UNSPECIFIED.,.F.,.F.,(8,6,6,6,6,6,6,6,8),
  (0.,0.30837325176,0.383852477633,0.422445969222,0.499702814013,
    0.576940814235,0.616520245526,0.692031198103,1.),.UNSPECIFIED.);
#901 = CARTESIAN_POINT('',(-14.26451821968,-7.247311222803,12.));
#902 = CARTESIAN_POINT('',(-14.23559600742,-7.188669169439,
    12.052347414703));
#903 = CARTESIAN_POINT('',(-14.21003082542,-7.126246926536,
    12.103302298765));
#904 = CARTESIAN_POINT('',(-14.18813231506,-7.059550834543,
    12.152760050943));
#905 = CARTESIAN_POINT('',(-14.17054104161,-6.988166069828,
    12.200266280219));
#906 = CARTESIAN_POINT('',(-14.15825865717,-6.911790306842,
    12.244960628337));
#907 = CARTESIAN_POINT('',(-14.15252029629,-6.8303350223,12.285642953711
    ));
#908 = CARTESIAN_POINT('',(-14.15580979148,-6.72255036752,
    12.329031380666));
#909 = CARTESIAN_POINT('',(-14.15695823518,-6.70106749323,12.33720631678
    ));
#910 = CARTESIAN_POINT('',(-14.1586332869,-6.679305152327,
    12.344995472007));
#911 = CARTESIAN_POINT('',(-14.16086088298,-6.657278090335,
    12.352366414871));
#912 = CARTESIAN_POINT('',(-14.16366647384,-6.635007367673,
    12.35928440742));
#913 = CARTESIAN_POINT('',(-14.1670735993,-6.612520990494,
    12.365713541084));
#914 = CARTESIAN_POINT('',(-14.17316247386,-6.578264896865,
    12.374636832561));
#915 = CARTESIAN_POINT('',(-14.17538494953,-6.566628351665,
    12.377518592299));
#916 = CARTESIAN_POINT('',(-14.17777262875,-6.55494984059,
    12.380258232479));
#917 = CARTESIAN_POINT('',(-14.18032785468,-6.543234875392,
    12.38285097156));
#918 = CARTESIAN_POINT('',(-14.1830525759,-6.531489544906,
    12.385292165726));
#919 = CARTESIAN_POINT('',(-14.18594834641,-6.519720515062,
    12.387577308885));
#920 = CARTESIAN_POINT('',(-14.19515783765,-6.484342722508,
    12.393955326401));
#921 = CARTESIAN_POINT('',(-14.20199009723,-6.460681317826,
    12.397566506858));
#922 = CARTESIAN_POINT('',(-14.20952063725,-6.437013621115,
    12.400500222898));
#923 = CARTESIAN_POINT('',(-14.21774910375,-6.413406994805,
    12.402726951383));
#924 = CARTESIAN_POINT('',(-14.22666557047,-6.389932605153,
    12.404225014686));
#925 = CARTESIAN_POINT('',(-14.23624885347,-6.366664669931,
    12.404982598182));
#926 = CARTESIAN_POINT('',(-14.25667830606,-6.320700348804,
    12.405016933117));
#927 = CARTESIAN_POINT('',(-14.26752635517,-6.297998900387,
    12.404294050044));
#928 = CARTESIAN_POINT('',(-14.27897525237,-6.275652028829,
    12.402830699583));
#929 = CARTESIAN_POINT('',(-14.29098426737,-6.25372535183,
    12.400638353181));
#930 = CARTESIAN_POINT('',(-14.3035073324,-6.232274162195,12.3977383804)
  );
#931 = CARTESIAN_POINT('',(-14.31649471432,-6.211344153215,
    12.394160056639));
#932 = CARTESIAN_POINT('',(-14.33676129754,-6.180532819695,
    12.387775335081));
#933 = CARTESIAN_POINT('',(-14.34373675179,-6.170239335872,
    12.385443018173));
#934 = CARTESIAN_POINT('',(-14.35081439891,-6.160096038409,
    12.382946318753));
#935 = CARTESIAN_POINT('',(-14.35798776945,-6.150106521752,
    12.380290088943));
#936 = CARTESIAN_POINT('',(-14.36525057502,-6.140273628971,
    12.377479334374));
#937 = CARTESIAN_POINT('',(-14.37259670836,-6.130599451755,
    12.374519214191));
#938 = CARTESIAN_POINT('',(-14.39418310954,-6.10293397397,
    12.365492796507));
#939 = CARTESIAN_POINT('',(-14.40862742334,-6.085365882565,
    12.35904619325));
#940 = CARTESIAN_POINT('',(-14.42331324807,-6.068389687297,
    12.352111221517));
#941 = CARTESIAN_POINT('',(-14.43820405873,-6.05200649761,
    12.344723812134));
#942 = CARTESIAN_POINT('',(-14.4532672226,-6.03621137917,12.336918705735
    ));
#943 = CARTESIAN_POINT('',(-14.46847448009,-6.02099483175,
    12.328728321984));
#944 = CARTESIAN_POINT('',(-14.54631691898,-5.946592447175,12.285324237)
  );
#945 = CARTESIAN_POINT('',(-14.6106093133,-5.896472647241,
    12.244668917501));
#946 = CARTESIAN_POINT('',(-14.67549990895,-5.854587850579,
    12.200018692731));
#947 = CARTESIAN_POINT('',(-14.74023295134,-5.819964877861,
    12.152566978675));
#948 = CARTESIAN_POINT('',(-14.80436559465,-5.791661529425,
    12.103169490187));
#949 = CARTESIAN_POINT('',(-14.86777779809,-5.76892768262,
    12.052278778744));
#950 = CARTESIAN_POINT('',(-14.9306275596,-5.751205149904,12.));
#951 = ORIENTED_EDGE('',*,*,#952,.T.);
#952 = EDGE_CURVE('',#898,#953,#955,.T.);
#953 = VERTEX_POINT('',#954);
#954 = CARTESIAN_POINT('',(-15.45960500242,-4.1231799826,12.));
#955 = CIRCLE('',#956,16.);
#956 = AXIS2_PLACEMENT_3D('',#957,#958,#959);
#957 = CARTESIAN_POINT('',(0.,0.,12.));
#958 = DIRECTION('',(0.,0.,-1.));
#959 = DIRECTION('',(0.,1.,0.));
#960 = ORIENTED_EDGE('',*,*,#961,.T.);
#961 = EDGE_CURVE('',#953,#962,#964,.T.);
#962 = VERTEX_POINT('',#963);
#963 = CARTESIAN_POINT('',(-15.80010031183,-2.521275497818,12.));
#964 = B_SPLINE_CURVE_WITH_KNOTS('',7,(#965,#966,#967,#968,#969,#970,
    #971,#972,#973,#974,#975,#976,#977,#978,#979,#980,#981,#982,#983,
    #984,#985,#986,#987,#988,#989,#990,#991,#992,#993,#994,#995,#996,
    #997,#998,#999,#1000,#1001,#1002,#1003,#1004,#1005,#1006,#1007,#1008
    ,#1009,#1010,#1011,#1012,#1013,#1014),.UNSPECIFIED.,.F.,.F.,(8,6,6,6
    ,6,6,6,6,8),(0.,0.30837325176,0.383852477633,0.422445969222,
    0.499702814013,0.576940814235,0.616520245526,0.692031198104,1.),
  .UNSPECIFIED.);
#965 = CARTESIAN_POINT('',(-15.45960500242,-4.1231799826,12.));
#966 = CARTESIAN_POINT('',(-15.41912244142,-4.071832664854,
    12.052347414703));
#967 = CARTESIAN_POINT('',(-15.38113760592,-4.016089797942,
    12.103302298765));
#968 = CARTESIAN_POINT('',(-15.34585073329,-3.955404131895,
    12.152760050943));
#969 = CARTESIAN_POINT('',(-15.31380214424,-3.889236726967,
    12.200266280219));
#970 = CARTESIAN_POINT('',(-15.28590874535,-3.817083608965,
    12.244960628337));
#971 = CARTESIAN_POINT('',(-15.26336027549,-3.738601390135,
    12.285642953711));
#972 = CARTESIAN_POINT('',(-15.2441681975,-3.63248816416,12.329031380666
    ));
#973 = CARTESIAN_POINT('',(-15.24082500423,-3.611235967345,
    12.33720631678));
#974 = CARTESIAN_POINT('',(-15.23793880696,-3.589600922969,
    12.344995472007));
#975 = CARTESIAN_POINT('',(-15.23553804102,-3.567592061863,
    12.352366414871));
#976 = CARTESIAN_POINT('',(-15.23365197938,-3.545224692785,
    12.35928440742));
#977 = CARTESIAN_POINT('',(-15.23230947028,-3.522521315681,
    12.365713541084));
#978 = CARTESIAN_POINT('',(-15.23114304597,-3.487747851685,
    12.374636832561));
#979 = CARTESIAN_POINT('',(-15.23089758143,-3.47590351424,
    12.377518592299));
#980 = CARTESIAN_POINT('',(-15.23080498514,-3.46398378023,
    12.380258232479));
#981 = CARTESIAN_POINT('',(-15.23086869503,-3.451993553785,
    12.38285097156));
#982 = CARTESIAN_POINT('',(-15.23109188304,-3.439938385554,
    12.385292165726));
#983 = CARTESIAN_POINT('',(-15.23147745512,-3.427824472705,
    12.387577308885));
#984 = CARTESIAN_POINT('',(-15.23313024022,-3.391305008904,
    12.393955326401));
#985 = CARTESIAN_POINT('',(-15.23489371587,-3.366740156045,
    12.397566506858));
#986 = CARTESIAN_POINT('',(-15.23733890468,-3.342023967984,
    12.400500222898));
#987 = CARTESIAN_POINT('',(-15.24047946586,-3.317222408714,
    12.402726951383));
#988 = CARTESIAN_POINT('',(-15.24432048634,-3.292407153125,
    12.404225014686));
#989 = CARTESIAN_POINT('',(-15.24885667586,-3.267655201542,
    12.404982598182));
#990 = CARTESIAN_POINT('',(-15.25928317618,-3.218447789081,
    12.405016933117));
#991 = CARTESIAN_POINT('',(-15.26517427286,-3.193986985546,
    12.404294050044));
#992 = CARTESIAN_POINT('',(-15.27172680834,-3.169748087174,
    12.402830699583));
#993 = CARTESIAN_POINT('',(-15.27891458506,-3.145803746061,
    12.400638353181));
#994 = CARTESIAN_POINT('',(-15.28670403797,-3.122217624761,12.3977383804
    ));
#995 = CARTESIAN_POINT('',(-15.29505602087,-3.099044758161,
    12.394160056639));
#996 = CARTESIAN_POINT('',(-15.30847369418,-3.064693066618,
    12.387775335081));
#997 = CARTESIAN_POINT('',(-15.31315658239,-3.053174241627,
    12.385443018173));
#998 = CARTESIAN_POINT('',(-15.31797065582,-3.041781073969,
    12.382946318753));
#999 = CARTESIAN_POINT('',(-15.3229103337,-3.030518424622,
    12.380290088943));
#1000 = CARTESIAN_POINT('',(-15.32797005618,-3.019390381952,
    12.377479334374));
#1001 = CARTESIAN_POINT('',(-15.33314428434,-3.008400261716,
    12.374519214191));
#1002 = CARTESIAN_POINT('',(-15.34850699459,-2.976851275831,
    12.365492796507));
#1003 = CARTESIAN_POINT('',(-15.35898305389,-2.956663947669,
    12.35904619325));
#1004 = CARTESIAN_POINT('',(-15.36981840866,-2.937005368346,
    12.352111221517));
#1005 = CARTESIAN_POINT('',(-15.38097756271,-2.91788421704,
    12.344723812134));
#1006 = CARTESIAN_POINT('',(-15.39242757053,-2.899302451964,
    12.336918705735));
#1007 = CARTESIAN_POINT('',(-15.40413881485,-2.881256655997,
    12.328728321984));
#1008 = CARTESIAN_POINT('',(-15.46481108411,-2.792295788949,12.285324237
    ));
#1009 = CARTESIAN_POINT('',(-15.51727804301,-2.729904086485,
    12.244668917501));
#1010 = CARTESIAN_POINT('',(-15.57204228456,-2.675443059663,
    12.200018692732));
#1011 = CARTESIAN_POINT('',(-15.62816223387,-2.628117925672,
    12.152566978674));
#1012 = CARTESIAN_POINT('',(-15.68500882802,-2.587099147001,
    12.103169490187));
#1013 = CARTESIAN_POINT('',(-15.74230869015,-2.551677950856,
    12.052278778744));
#1014 = CARTESIAN_POINT('',(-15.80010031183,-2.521275497818,12.));
#1015 = ORIENTED_EDGE('',*,*,#1016,.T.);
#1016 = EDGE_CURVE('',#962,#1017,#1019,.T.);
#1017 = VERTEX_POINT('',#1018);
#1018 = CARTESIAN_POINT('',(-15.97903286314,-0.818845991945,12.));
#1019 = CIRCLE('',#1020,16.);
#1020 = AXIS2_PLACEMENT_3D('',#1021,#1022,#1023);
#1021 = CARTESIAN_POINT('',(0.,0.,12.));
#1022 = DIRECTION('',(0.,0.,-1.));
#1023 = DIRECTION('',(0.,1.,0.));
#1024 = ORIENTED_EDGE('',*,*,#1025,.T.);
#1025 = EDGE_CURVE('',#1017,#1026,#1028,.T.);
#1026 = VERTEX_POINT('',#1027);
#1027 = CARTESIAN_POINT('',(-15.97903286314,0.818845991945,12.));
#1028 = B_SPLINE_CURVE_WITH_KNOTS('',7,(#1029,#1030,#1031,#1032,#1033,
    #1034,#1035,#1036,#1037,#1038,#1039,#1040,#1041,#1042,#1043,#1044,
    #1045,#1046,#1047,#1048,#1049,#1050,#1051,#1052,#1053,#1054,#1055,
    #1056,#1057,#1058,#1059,#1060,#1061,#1062,#1063,#1064,#1065,#1066,
    #1067,#1068,#1069,#1070,#1071,#1072,#1073,#1074,#1075,#1076,#1077,
    #1078),.UNSPECIFIED.,.F.,.F.,(8,6,6,6,6,6,6,6,8),(0.,0.308373251759,
    0.383852477633,0.422445969221,0.499702814012,0.576940814234,
    0.616520245526,0.692031198103,1.),.UNSPECIFIED.);
#1029 = CARTESIAN_POINT('',(-15.97903286314,-0.818845991945,12.));
#1030 = CARTESIAN_POINT('',(-15.92875923557,-0.777037533993,
    12.052347414703));
#1031 = CARTESIAN_POINT('',(-15.88001486615,-0.73041027384,
    12.103302298765));
#1032 = CARTESIAN_POINT('',(-15.83288183692,-0.678387288549,
    12.152760050943));
#1033 = CARTESIAN_POINT('',(-15.7877766094,-0.620329076509,
    12.200266280219));
#1034 = CARTESIAN_POINT('',(-15.74549127143,-0.555552040977,
    12.244960628337));
#1035 = CARTESIAN_POINT('',(-15.70711816893,-0.483472937421,
    12.285642953711));
#1036 = CARTESIAN_POINT('',(-15.66628330365,-0.383668797414,
    12.329031380666));
#1037 = CARTESIAN_POINT('',(-15.658594587,-0.363576101054,12.33720631678
    ));
#1038 = CARTESIAN_POINT('',(-15.65127328141,-0.343013908461,
    12.344995472007));
#1039 = CARTESIAN_POINT('',(-15.64434907844,-0.321985141081,
    12.352366414871));
#1040 = CARTESIAN_POINT('',(-15.63785379425,-0.300498686947,
    12.35928440742));
#1041 = CARTESIAN_POINT('',(-15.63182032467,-0.278570556441,
    12.365713541084));
#1042 = CARTESIAN_POINT('',(-15.62344957983,-0.244799489315,
    12.374636832561));
#1043 = CARTESIAN_POINT('',(-15.62074690306,-0.233265014007,
    12.377518592299));
#1044 = CARTESIAN_POINT('',(-15.61817807818,-0.221625006635,
    12.380258232479));
#1045 = CARTESIAN_POINT('',(-15.6157474876,-0.209883549375,
    12.38285097156));
#1046 = CARTESIAN_POINT('',(-15.613459388,-0.198045412098,
    12.385292165726));
#1047 = CARTESIAN_POINT('',(-15.61131791031,-0.186116052365,
    12.387577308885));
#1048 = CARTESIAN_POINT('',(-15.60534175461,-0.150050993125,
    12.393955326401));
#1049 = CARTESIAN_POINT('',(-15.601959374,-0.125656294033,
    12.397566506858));
#1050 = CARTESIAN_POINT('',(-15.59921234512,-0.100971830641,
    12.400500222898));
#1051 = CARTESIAN_POINT('',(-15.59712774338,-7.605928556302E-02,
    12.402726951383));
#1052 = CARTESIAN_POINT('',(-15.5957254466,-5.098770978312E-02,
    12.404225014686));
#1053 = CARTESIAN_POINT('',(-15.59501628939,-2.583352089572E-02,
    12.404982598182));
#1054 = CARTESIAN_POINT('',(-15.59498414934,2.446638285189E-02,
    12.405016933117));
#1055 = CARTESIAN_POINT('',(-15.5956608244,4.961748701257E-02,
    12.404294050044));
#1056 = CARTESIAN_POINT('',(-15.59703062091,7.468905602925E-02,
    12.402830699583));
#1057 = CARTESIAN_POINT('',(-15.59908301902,9.960457865238E-02,
    12.400638353181));
#1058 = CARTESIAN_POINT('',(-15.60179842333,0.124294804937,12.3977383804
    ));
#1059 = CARTESIAN_POINT('',(-15.6051499855,0.148697763691,
    12.394160056639));
#1060 = CARTESIAN_POINT('',(-15.61113233218,0.1850884795,12.387775335081
    ));
#1061 = CARTESIAN_POINT('',(-15.61331798966,0.197329217733,
    12.385443018173));
#1062 = CARTESIAN_POINT('',(-15.61565809128,0.209474319488,
    12.382946318753));
#1063 = CARTESIAN_POINT('',(-15.61814818888,0.221517869706,
    12.380290088943));
#1064 = CARTESIAN_POINT('',(-15.62078369413,0.233454713401,
    12.377479334374));
#1065 = CARTESIAN_POINT('',(-15.6235598785,0.245280455666,
    12.374519214191));
#1066 = CARTESIAN_POINT('',(-15.63202747368,0.279334107579,
    12.365492796507));
#1067 = CARTESIAN_POINT('',(-15.63807742442,0.301258389389,
    12.35904619325));
#1068 = CARTESIAN_POINT('',(-15.64458875222,0.322740178518,
    12.352111221517));
#1069 = CARTESIAN_POINT('',(-15.65152854108,0.343763605377,
    12.344723812134));
#1070 = CARTESIAN_POINT('',(-15.65886497256,0.364319904789,
    12.336918705735));
#1071 = CARTESIAN_POINT('',(-15.66656836615,0.384406261427,
    12.328728321984));
#1072 = CARTESIAN_POINT('',(-15.70741879647,0.484037594176,12.285324237)
  );
#1073 = CARTESIAN_POINT('',(-15.74576726208,0.555974382383,
    12.244668917501));
#1074 = CARTESIAN_POINT('',(-15.78801168939,0.620631431163,
    12.200018692731));
#1075 = CARTESIAN_POINT('',(-15.83306583453,0.678590390976,
    12.152566978675));
#1076 = CARTESIAN_POINT('',(-15.88014191058,0.730531882428,
    12.103169490187));
#1077 = CARTESIAN_POINT('',(-15.92882515246,0.777092351669,
    12.052278778744));
#1078 = CARTESIAN_POINT('',(-15.97903286314,0.818845991945,12.));
#1079 = ORIENTED_EDGE('',*,*,#1080,.T.);
#1080 = EDGE_CURVE('',#1026,#1081,#1083,.T.);
#1081 = VERTEX_POINT('',#1082);
#1082 = CARTESIAN_POINT('',(-15.80010031183,2.521275497818,12.));
#1083 = CIRCLE('',#1084,16.);
#1084 = AXIS2_PLACEMENT_3D('',#1085,#1086,#1087);
#1085 = CARTESIAN_POINT('',(0.,0.,12.));
#1086 = DIRECTION('',(0.,0.,-1.));
#1087 = DIRECTION('',(0.,1.,0.));
#1088 = ORIENTED_EDGE('',*,*,#1089,.T.);
#1089 = EDGE_CURVE('',#1081,#1090,#1092,.T.);
#1090 = VERTEX_POINT('',#1091);
#1091 = CARTESIAN_POINT('',(-15.45960500242,4.1231799826,12.));
#1092 = B_SPLINE_CURVE_WITH_KNOTS('',7,(#1093,#1094,#1095,#1096,#1097,
    #1098,#1099,#1100,#1101,#1102,#1103,#1104,#1105,#1106,#1107,#1108,
    #1109,#1110,#1111,#1112,#1113,#1114,#1115,#1116,#1117,#1118,#1119,
    #1120,#1121,#1122,#1123,#1124,#1125,#1126,#1127,#1128,#1129,#1130,
    #1131,#1132,#1133,#1134,#1135,#1136,#1137,#1138,#1139,#1140,#1141,
    #1142),.UNSPECIFIED.,.F.,.F.,(8,6,6,6,6,6,6,6,8),(0.,0.30837325176,
    0.383852477633,0.422445969222,0.499702814013,0.576940814235,
    0.616520245526,0.692031198103,1.),.UNSPECIFIED.);
#1093 = CARTESIAN_POINT('',(-15.80010031183,2.521275497818,12.));
#1094 = CARTESIAN_POINT('',(-15.74223281647,2.551717865743,
    12.052347414703));
#1095 = CARTESIAN_POINT('',(-15.68485927597,2.587191684126,
    12.103302298765));
#1096 = CARTESIAN_POINT('',(-15.62794002967,2.62827833457,
    12.152760050943));
#1097 = CARTESIAN_POINT('',(-15.57174947857,2.675689931261,
    12.200266280219));
#1098 = CARTESIAN_POINT('',(-15.5169202737,2.730259817037,
    12.244960628337));
#1099 = CARTESIAN_POINT('',(-15.46439962726,2.792785602619,
    12.285642953711));
#1100 = CARTESIAN_POINT('',(-15.40370665427,2.881918736826,
    12.329031380666));
#1101 = CARTESIAN_POINT('',(-15.39200844805,2.899973785485,
    12.33720631678));
#1102 = CARTESIAN_POINT('',(-15.38057201032,2.918564459811,
    12.344995472007));
#1103 = CARTESIAN_POINT('',(-15.36942699122,2.937694075422,
    12.352366414871));
#1104 = CARTESIAN_POINT('',(-15.35860635956,2.957360553464,
    12.35928440742));
#1105 = CARTESIAN_POINT('',(-15.34814562108,2.977555072846,
    12.365713541084));
#1106 = CARTESIAN_POINT('',(-15.33293639744,3.008847785416,
    12.374636832561));
#1107 = CARTESIAN_POINT('',(-15.32789462837,3.019568286667,
    12.377518592299));
#1108 = CARTESIAN_POINT('',(-15.32296184486,3.030419843225,
    12.380258232479));
#1109 = CARTESIAN_POINT('',(-15.31814318228,3.041399373275,
    12.38285097156));
#1110 = CARTESIAN_POINT('',(-15.31344379601,3.052503096194,
    12.385292165726));
#1111 = CARTESIAN_POINT('',(-15.3088688614,3.063726532548,
    12.387577308885));
#1112 = CARTESIAN_POINT('',(-15.2955249516,3.097760971079,
    12.393955326401));
#1113 = CARTESIAN_POINT('',(-15.28714454098,3.120919350994,
    12.397566506858));
#1114 = CARTESIAN_POINT('',(-15.27932535275,3.144493260217,
    12.400500222898));
#1115 = CARTESIAN_POINT('',(-15.27210669519,3.16842799334,
    12.402726951383));
#1116 = CARTESIAN_POINT('',(-15.26552236825,3.192660141142,
    12.404225014686));
#1117 = CARTESIAN_POINT('',(-15.25959885788,3.217117208576,
    12.404982598182));
#1118 = CARTESIAN_POINT('',(-15.24910948213,3.266311256451,
    12.405016933117));
#1119 = CARTESIAN_POINT('',(-15.24454216163,3.291053437298,
    12.404294050044));
#1120 = CARTESIAN_POINT('',(-15.24066935249,3.315861929086,
    12.402830699583));
#1121 = CARTESIAN_POINT('',(-15.23749667234,3.340659705323,
    12.400638353181));
#1122 = CARTESIAN_POINT('',(-15.23501935186,3.365374955227,12.3977383804
    ));
#1123 = CARTESIAN_POINT('',(-15.23322401393,3.389941479739,
    12.394160056639));
#1124 = CARTESIAN_POINT('',(-15.23150957673,3.42678077091,
    12.387775335081));
#1125 = CARTESIAN_POINT('',(-15.23110247978,3.439208443387,
    12.385443018173));
#1126 = CARTESIAN_POINT('',(-15.23086633592,3.451574680014,
    12.382946318753));
#1127 = CARTESIAN_POINT('',(-15.23079802402,3.463872770166,
    12.380290088943));
#1128 = CARTESIAN_POINT('',(-15.2308941278,3.476096717538,
    12.377479334374));
#1129 = CARTESIAN_POINT('',(-15.23115093581,3.48824124015,
    12.374519214191));
#1130 = CARTESIAN_POINT('',(-15.23235334137,3.523311250095,
    12.365492796507));
#1131 = CARTESIAN_POINT('',(-15.23371277167,3.546014289232,
    12.35904619325));
#1132 = CARTESIAN_POINT('',(-15.23561549624,3.568380430902,
    12.352111221517));
#1133 = CARTESIAN_POINT('',(-15.23803261784,3.590387308678,
    12.344723812134));
#1134 = CARTESIAN_POINT('',(-15.24093483572,3.612019733503,
    12.336918705735));
#1135 = CARTESIAN_POINT('',(-15.24429370331,3.633268780641,
    12.328728321984));
#1136 = CARTESIAN_POINT('',(-15.26353693486,3.739216211765,12.285324237)
  );
#1137 = CARTESIAN_POINT('',(-15.28609089522,3.81755410288,
    12.244668917501));
#1138 = CARTESIAN_POINT('',(-15.31396922411,3.889581350325,
    12.200018692731));
#1139 = CARTESIAN_POINT('',(-15.34598848275,3.955641051301,
    12.152566978675));
#1140 = CARTESIAN_POINT('',(-15.38123659028,4.016235163113,
    12.103169490187));
#1141 = CARTESIAN_POINT('',(-15.41917552063,4.071899989523,
    12.052278778744));
#1142 = CARTESIAN_POINT('',(-15.45960500242,4.1231799826,12.));
#1143 = ORIENTED_EDGE('',*,*,#1144,.T.);
#1144 = EDGE_CURVE('',#1090,#1145,#1147,.T.);
#1145 = VERTEX_POINT('',#1146);
#1146 = CARTESIAN_POINT('',(-14.9306275596,5.751205149904,12.));
#1147 = CIRCLE('',#1148,16.);
#1148 = AXIS2_PLACEMENT_3D('',#1149,#1150,#1151);
#1149 = CARTESIAN_POINT('',(0.,0.,12.));
#1150 = DIRECTION('',(0.,0.,-1.));
#1151 = DIRECTION('',(0.,1.,0.));
#1152 = ORIENTED_EDGE('',*,*,#1153,.T.);
#1153 = EDGE_CURVE('',#1145,#1154,#1156,.T.);
#1154 = VERTEX_POINT('',#1155);
#1155 = CARTESIAN_POINT('',(-14.26451821968,7.247311222803,12.));
#1156 = B_SPLINE_CURVE_WITH_KNOTS('',7,(#1157,#1158,#1159,#1160,#1161,
    #1162,#1163,#1164,#1165,#1166,#1167,#1168,#1169,#1170,#1171,#1172,
    #1173,#1174,#1175,#1176,#1177,#1178,#1179,#1180,#1181,#1182,#1183,
    #1184,#1185,#1186,#1187,#1188,#1189,#1190,#1191,#1192,#1193,#1194,
    #1195,#1196,#1197,#1198,#1199,#1200,#1201,#1202,#1203,#1204,#1205,
    #1206),.UNSPECIFIED.,.F.,.F.,(8,6,6,6,6,6,6,6,8),(0.,0.30837325176,
    0.383852477634,0.422445969222,0.499702814013,0.576940814235,
    0.616520245527,0.692031198104,1.),.UNSPECIFIED.);
#1157 = CARTESIAN_POINT('',(-14.9306275596,5.751205149904,12.));
#1158 = CARTESIAN_POINT('',(-14.86769528366,5.768950950245,
    12.052347414703));
#1159 = CARTESIAN_POINT('',(-14.80420007112,5.791720950772,
    12.103302298765));
#1160 = CARTESIAN_POINT('',(-14.73998225196,5.820075582589,
    12.152760050943));
#1161 = CARTESIAN_POINT('',(-14.67516217397,5.854768449651,
    12.200266280219));
#1162 = CARTESIAN_POINT('',(-14.61018540157,5.896746219805,
    12.244960628337));
#1163 = CARTESIAN_POINT('',(-14.54581261546,5.946986010552,
    12.285642953711));
#1164 = CARTESIAN_POINT('',(-14.4679141089,6.021552593286,
    12.329031380666));
#1165 = CARTESIAN_POINT('',(-14.45271768087,6.036780901979,
    12.33720631678));
#1166 = CARTESIAN_POINT('',(-14.43766593821,6.052587556362,
    12.344995472007));
#1167 = CARTESIAN_POINT('',(-14.42278719379,6.068981964209,
    12.352366414871));
#1168 = CARTESIAN_POINT('',(-14.40811412819,6.085968946697,
    12.35928440742));
#1169 = CARTESIAN_POINT('',(-14.39368330528,6.103547257554,
    12.365713541084));
#1170 = CARTESIAN_POINT('',(-14.37230031888,6.130993973871,
    12.374636832561));
#1171 = CARTESIAN_POINT('',(-14.36513980702,6.140431963718,
    12.377518592299));
#1172 = CARTESIAN_POINT('',(-14.35805865119,6.150020804368,
    12.380258232479));
#1173 = CARTESIAN_POINT('',(-14.3510625153,6.15975854906,12.38285097156)
  );
#1174 = CARTESIAN_POINT('',(-14.34415722809,6.169642571648,
    12.385292165726));
#1175 = CARTESIAN_POINT('',(-14.33734878314,6.179669566597,
    12.387577308885));
#1176 = CARTESIAN_POINT('',(-14.31722031212,6.21018591614,
    12.393955326401));
#1177 = CARTESIAN_POINT('',(-14.30420813566,6.23109584455,
    12.397566506858));
#1178 = CARTESIAN_POINT('',(-14.29165852413,6.252528906651,
    12.400500222898));
#1179 = CARTESIAN_POINT('',(-14.27962130072,6.274439765129,
    12.402726951383));
#1180 = CARTESIAN_POINT('',(-14.2681427103,6.296773423817,
    12.404225014686));
#1181 = CARTESIAN_POINT('',(-14.2572637326,6.319464478593,
    12.404982598182));
#1182 = CARTESIAN_POINT('',(-14.23677555721,6.365402654643,
    12.405016933117));
#1183 = CARTESIAN_POINT('',(-14.22716385496,6.388654560147,
    12.404294050044));
#1184 = CARTESIAN_POINT('',(-14.21821770052,6.412115724572,
    12.402830699583));
#1185 = CARTESIAN_POINT('',(-14.20995860346,6.435711972607,
    12.400638353181));
#1186 = CARTESIAN_POINT('',(-14.20239682898,6.459372071112,12.3977383804
    ));
#1187 = CARTESIAN_POINT('',(-14.19553305584,6.483028486378,
    12.394160056639));
#1188 = CARTESIAN_POINT('',(-14.18619676389,6.518706299113,
    12.387775335081));
#1189 = CARTESIAN_POINT('',(-14.18321470458,6.530777756913,
    12.385443018173));
#1190 = CARTESIAN_POINT('',(-14.18041263587,6.542824664531,
    12.382946318753));
#1191 = CARTESIAN_POINT('',(-14.17778890004,6.554839809064,
    12.380290088943));
#1192 = CARTESIAN_POINT('',(-14.17534140215,6.566816614956,
    12.377479334374));
#1193 = CARTESIAN_POINT('',(-14.17306761006,6.578749144,12.374519214191)
  );
#1194 = CARTESIAN_POINT('',(-14.16695227511,6.613302784258,
    12.365492796507));
#1195 = CARTESIAN_POINT('',(-14.16356177134,6.635792348971,
    12.35904619325));
#1196 = CARTESIAN_POINT('',(-14.16077273448,6.658065335466,
    12.352111221517));
#1197 = CARTESIAN_POINT('',(-14.158561549,6.680093858,12.344723812134));
#1198 = CARTESIAN_POINT('',(-14.15690271244,6.701856967468,
    12.336918705735));
#1199 = CARTESIAN_POINT('',(-14.15577025539,6.723340019783,
    12.328728321984));
#1200 = CARTESIAN_POINT('',(-14.15256526663,6.83097313815,12.285324237)
  );
#1201 = CARTESIAN_POINT('',(-14.15833900544,6.912288390425,
    12.244668917501));
#1202 = CARTESIAN_POINT('',(-14.17063281916,6.988537900195,
    12.200018692732));
#1203 = CARTESIAN_POINT('',(-14.18821779604,7.059811216414,
    12.152566978674));
#1204 = CARTESIAN_POINT('',(-14.21009742361,7.126409695134,
    12.103169490187));
#1205 = CARTESIAN_POINT('',(-14.23563392914,7.188746058692,
    12.052278778744));
#1206 = CARTESIAN_POINT('',(-14.26451821968,7.247311222803,12.));
#1207 = ORIENTED_EDGE('',*,*,#1208,.T.);
#1208 = EDGE_CURVE('',#1154,#1209,#1211,.T.);
#1209 = VERTEX_POINT('',#1210);
#1210 = CARTESIAN_POINT('',(-13.40861473792,8.729779539594,12.));
#1211 = CIRCLE('',#1212,16.);
#1212 = AXIS2_PLACEMENT_3D('',#1213,#1214,#1215);
#1213 = CARTESIAN_POINT('',(0.,0.,12.));
#1214 = DIRECTION('',(0.,0.,-1.));
#1215 = DIRECTION('',(0.,1.,0.));
#1216 = ORIENTED_EDGE('',*,*,#1217,.T.);
#1217 = EDGE_CURVE('',#1209,#1218,#1220,.T.);
#1218 = VERTEX_POINT('',#1219);
#1219 = CARTESIAN_POINT('',(-12.44600354199,10.054700186113,12.));
#1220 = B_SPLINE_CURVE_WITH_KNOTS('',7,(#1221,#1222,#1223,#1224,#1225,
    #1226,#1227,#1228,#1229,#1230,#1231,#1232,#1233,#1234,#1235,#1236,
    #1237,#1238,#1239,#1240,#1241,#1242,#1243,#1244,#1245,#1246,#1247,
    #1248,#1249,#1250,#1251,#1252,#1253,#1254,#1255,#1256,#1257,#1258,
    #1259,#1260,#1261,#1262,#1263,#1264,#1265,#1266,#1267,#1268,#1269,
    #1270),.UNSPECIFIED.,.F.,.F.,(8,6,6,6,6,6,6,6,8),(0.,0.30837325176,
    0.383852477633,0.422445969222,0.499702814013,0.576940814235,
    0.616520245526,0.692031198103,1.),.UNSPECIFIED.);
#1221 = CARTESIAN_POINT('',(-13.40861473792,8.729779539595,12.));
#1222 = CARTESIAN_POINT('',(-13.34336812384,8.734053195723,
    12.052347414703));
#1223 = CARTESIAN_POINT('',(-13.27652628473,8.743124220109,
    12.103302298765));
#1224 = CARTESIAN_POINT('',(-13.20781651955,8.757507599828,
    12.152760050943));
#1225 = CARTESIAN_POINT('',(-13.13719986314,8.777965492494,
    12.200266280219));
#1226 = CARTESIAN_POINT('',(-13.06491531994,8.805516517041,
    12.244960628337));
#1227 = CARTESIAN_POINT('',(-12.99150379381,8.841274593019,
    12.285642953711));
#1228 = CARTESIAN_POINT('',(-12.89980429223,8.898015706805,
    12.329031380666));
#1229 = CARTESIAN_POINT('',(-12.8817737992,8.909751725369,12.33720631678
    ));
#1230 = CARTESIAN_POINT('',(-12.86376458499,8.922083533163,
    12.344995472007));
#1231 = CARTESIAN_POINT('',(-12.84580238777,8.935026218953,
    12.352366414871));
#1232 = CARTESIAN_POINT('',(-12.82791817162,8.948591293241,
    12.35928440742));
#1233 = CARTESIAN_POINT('',(-12.81014796048,8.962785139039,
    12.365713541084));
#1234 = CARTESIAN_POINT('',(-12.78352575043,8.985186305895,
    12.374636832561));
#1235 = CARTESIAN_POINT('',(-12.77455944452,8.992929298892,
    12.377518592299));
#1236 = CARTESIAN_POINT('',(-12.76563939686,9.000836345286,
    12.380258232479));
#1237 = CARTESIAN_POINT('',(-12.75677155235,9.008906718451,
    12.38285097156));
#1238 = CARTESIAN_POINT('',(-12.74796215839,9.017139061491,
    12.385292165726));
#1239 = CARTESIAN_POINT('',(-12.73921776482,9.025531387241,
    12.387577308885));
#1240 = CARTESIAN_POINT('',(-12.71318444336,9.051195936888,
    12.393955326401));
#1241 = CARTESIAN_POINT('',(-12.6961091956,9.068943549584,
    12.397566506858));
#1242 = CARTESIAN_POINT('',(-12.67937763901,9.087299036902,
    12.400500222898));
#1243 = CARTESIAN_POINT('',(-12.66304793418,9.10622841108,
    12.402726951383));
#1244 = CARTESIAN_POINT('',(-12.64717674976,9.125687492599,
    12.404225014686));
#1245 = CARTESIAN_POINT('',(-12.63181776827,9.145620826739,
    12.404982598182));
#1246 = CARTESIAN_POINT('',(-12.6022262248,9.186295412236,
    12.405016933117));
#1247 = CARTESIAN_POINT('',(-12.58799021832,9.207040822551,
    12.404294050044));
#1248 = CARTESIAN_POINT('',(-12.57436170846,9.228129294148,
    12.402830699583));
#1249 = CARTESIAN_POINT('',(-12.56137715666,9.249492744716,
    12.400638353181));
#1250 = CARTESIAN_POINT('',(-12.54906141401,9.271063631984,12.3977383804
    ));
#1251 = CARTESIAN_POINT('',(-12.53742918549,9.29277603914,
    12.394160056639));
#1252 = CARTESIAN_POINT('',(-12.52087907955,9.325733081821,
    12.387775335081));
#1253 = CARTESIAN_POINT('',(-12.51545238819,9.336920744312,
    12.385443018173));
#1254 = CARTESIAN_POINT('',(-12.51020685847,9.348121815252,
    12.382946318753));
#1255 = CARTESIAN_POINT('',(-12.50514236854,9.359328894695,
    12.380290088943));
#1256 = CARTESIAN_POINT('',(-12.50025823639,9.370535115219,
    12.377479334374));
#1257 = CARTESIAN_POINT('',(-12.49555321982,9.381734141916,
    12.374519214191));
#1258 = CARTESIAN_POINT('',(-12.48238741384,9.414261252601,
    12.365492796507));
#1259 = CARTESIAN_POINT('',(-12.47439515729,9.435554440995,
    12.35904619325));
#1260 = CARTESIAN_POINT('',(-12.4670362533,9.456760835928,
    12.352111221517));
#1261 = CARTESIAN_POINT('',(-12.46029340016,9.47784825108,
    12.344723812134));
#1262 = CARTESIAN_POINT('',(-12.45414600827,9.498790892878,
    12.336918705735));
#1263 = CARTESIAN_POINT('',(-12.44857172039,9.519569037895,
    12.328728321984));
#1264 = CARTESIAN_POINT('',(-12.42305858469,9.624183759753,12.285324237)
  );
#1265 = CARTESIAN_POINT('',(-12.41179976188,9.704922506468,
    12.244668917501));
#1266 = CARTESIAN_POINT('',(-12.40797176176,9.782061809103,
    12.200018692731));
#1267 = CARTESIAN_POINT('',(-12.41035390903,9.855433754635,
    12.152566978675));
#1268 = CARTESIAN_POINT('',(-12.41790881193,9.925125927172,
    12.103169490187));
#1269 = CARTESIAN_POINT('',(-12.42992682479,9.991409429664,
    12.052278778744));
#1270 = CARTESIAN_POINT('',(-12.44600354199,10.054700186113,12.));
#1271 = ORIENTED_EDGE('',*,*,#1272,.T.);
#1272 = EDGE_CURVE('',#1218,#1273,#1275,.T.);
#1273 = VERTEX_POINT('',#1274);
#1274 = CARTESIAN_POINT('',(-11.30058111052,11.326820673275,12.));
#1275 = CIRCLE('',#1276,16.);
#1276 = AXIS2_PLACEMENT_3D('',#1277,#1278,#1279);
#1277 = CARTESIAN_POINT('',(0.,0.,12.));
#1278 = DIRECTION('',(0.,0.,-1.));
#1279 = DIRECTION('',(0.,1.,0.));
#1280 = ORIENTED_EDGE('',*,*,#1281,.T.);
#1281 = EDGE_CURVE('',#1273,#1282,#1284,.T.);
#1282 = VERTEX_POINT('',#1283);
#1283 = CARTESIAN_POINT('',(-10.08353878696,12.422650503484,12.));
#1284 = B_SPLINE_CURVE_WITH_KNOTS('',7,(#1285,#1286,#1287,#1288,#1289,
    #1290,#1291,#1292,#1293,#1294,#1295,#1296,#1297,#1298,#1299,#1300,
    #1301,#1302,#1303,#1304,#1305,#1306,#1307,#1308,#1309,#1310,#1311,
    #1312,#1313,#1314,#1315,#1316,#1317,#1318,#1319,#1320,#1321,#1322,
    #1323,#1324,#1325,#1326,#1327,#1328,#1329,#1330,#1331,#1332,#1333,
    #1334),.UNSPECIFIED.,.F.,.F.,(8,6,6,6,6,6,6,6,8),(0.,0.30837325176,
    0.383852477633,0.422445969222,0.499702814013,0.576940814235,
    0.616520245526,0.692031198103,1.),.UNSPECIFIED.);
#1285 = CARTESIAN_POINT('',(-11.30058111052,11.326820673275,12.));
#1286 = CARTESIAN_POINT('',(-11.23587174843,11.317435405911,
    12.052347414703));
#1287 = CARTESIAN_POINT('',(-11.16860459185,11.312411006863,
    12.103302298765));
#1288 = CARTESIAN_POINT('',(-11.0984058271,11.312194511771,
    12.152760050943));
#1289 = CARTESIAN_POINT('',(-11.025078879,11.317523321964,
    12.200266280219));
#1290 = CARTESIAN_POINT('',(-10.94864574641,11.329443488925,
    12.244960628337));
#1291 = CARTESIAN_POINT('',(-10.86940391623,11.349157050628,
    12.285642953711));
#1292 = CARTESIAN_POINT('',(-10.76791112786,11.385592836519,
    12.329031380666));
#1293 = CARTESIAN_POINT('',(-10.74783458889,11.393323644627,
    12.33720631678));
#1294 = CARTESIAN_POINT('',(-10.72765499222,11.401641646658,
    12.344995472007));
#1295 = CARTESIAN_POINT('',(-10.70739437642,11.410566952917,
    12.352366414871));
#1296 = CARTESIAN_POINT('',(-10.68708063576,11.420117260165,
    12.35928440742));
#1297 = CARTESIAN_POINT('',(-10.66674767989,11.430306301733,
    12.365713541084));
#1298 = CARTESIAN_POINT('',(-10.63604976453,11.446682880643,
    12.374636832561));
#1299 = CARTESIAN_POINT('',(-10.62566953515,11.452392470843,
    12.377518592299));
#1300 = CARTESIAN_POINT('',(-10.61530044455,11.45827214711,
    12.380258232479));
#1301 = CARTESIAN_POINT('',(-10.60494845879,11.464322434714,
    12.38285097156));
#1302 = CARTESIAN_POINT('',(-10.59461997086,11.470543305313,
    12.385292165726));
#1303 = CARTESIAN_POINT('',(-10.58432180064,11.476934176959,
    12.387577308885));
#1304 = CARTESIAN_POINT('',(-10.5535214098,11.496625262737,
    12.393955326401));
#1305 = CARTESIAN_POINT('',(-10.53312936101,11.510434903882,
    12.397566506858));
#1306 = CARTESIAN_POINT('',(-10.51294710867,11.524910593542,
    12.400500222898));
#1307 = CARTESIAN_POINT('',(-10.49303860888,11.540031178935,
    12.402726951383));
#1308 = CARTESIAN_POINT('',(-10.47346847738,11.555765228048,
    12.404225014686));
#1309 = CARTESIAN_POINT('',(-10.45430075327,11.5720696592,
    12.404982598182));
#1310 = CARTESIAN_POINT('',(-10.41689913419,11.605702979578,
    12.405016933117));
#1311 = CARTESIAN_POINT('',(-10.39866100527,11.623035220727,
    12.404294050044));
#1312 = CARTESIAN_POINT('',(-10.38094577126,11.640829332093,
    12.402830699583));
#1313 = CARTESIAN_POINT('',(-10.36380325194,11.65902629989,
    12.400638353181));
#1314 = CARTESIAN_POINT('',(-10.34727179817,11.677565224639,
    12.3977383804));
#1315 = CARTESIAN_POINT('',(-10.33137949847,11.696384687305,
    12.394160056639));
#1316 = CARTESIAN_POINT('',(-10.30833889758,11.725180579022,
    12.387775335081));
#1317 = CARTESIAN_POINT('',(-10.30070474662,11.734995491669,
    12.385443018173));
#1318 = CARTESIAN_POINT('',(-10.29324501071,11.74486118538,
    12.382946318753));
#1319 = CARTESIAN_POINT('',(-10.28596110921,11.754770396585,
    12.380290088943));
#1320 = CARTESIAN_POINT('',(-10.2788538028,11.76471626613,
    12.377479334374));
#1321 = CARTESIAN_POINT('',(-10.27192319356,11.774692339276,
    12.374519214191));
#1322 = CARTESIAN_POINT('',(-10.25228232545,11.803771329568,
    12.365492796507));
#1323 = CARTESIAN_POINT('',(-10.24003761608,11.822937527135,
    12.35904619325));
#1324 = CARTESIAN_POINT('',(-10.22843046437,11.842150509286,
    12.352111221517));
#1325 = CARTESIAN_POINT('',(-10.21745063861,11.861375195827,
    12.344723812134));
#1326 = CARTESIAN_POINT('',(-10.20708336192,11.880582076013,
    12.336918705735));
#1327 = CARTESIAN_POINT('',(-10.19731086634,11.899747209091,
    12.328728321984));
#1328 = CARTESIAN_POINT('',(-10.15060463016,11.996771369096,12.285324237
    ));
#1329 = CARTESIAN_POINT('',(-10.12280531029,12.073404939593,
    12.244668917501));
#1330 = CARTESIAN_POINT('',(-10.10302279833,12.148062677412,
    12.200018692731));
#1331 = CARTESIAN_POINT('',(-10.09009800471,12.220326546161,
    12.152566978675));
#1332 = CARTESIAN_POINT('',(-10.08299799742,12.290066530153,
    12.103169490187));
#1333 = CARTESIAN_POINT('',(-10.08097227279,12.357400264459,
    12.052278778744));
#1334 = CARTESIAN_POINT('',(-10.08353878696,12.422650503484,12.));
#1335 = ORIENTED_EDGE('',*,*,#1336,.T.);
#1336 = EDGE_CURVE('',#1282,#1337,#1339,.T.);
#1337 = VERTEX_POINT('',#1338);
#1338 = CARTESIAN_POINT('',(-8.698657862384,13.428825391418,12.));
#1339 = CIRCLE('',#1340,16.);
#1340 = AXIS2_PLACEMENT_3D('',#1341,#1342,#1343);
#1341 = CARTESIAN_POINT('',(0.,0.,12.));
#1342 = DIRECTION('',(0.,0.,-1.));
#1343 = DIRECTION('',(0.,1.,0.));
#1344 = ORIENTED_EDGE('',*,*,#1345,.T.);
#1345 = EDGE_CURVE('',#1337,#1346,#1348,.T.);
#1346 = VERTEX_POINT('',#1347);
#1347 = CARTESIAN_POINT('',(-7.280375000761,14.247671383363,12.));
#1348 = B_SPLINE_CURVE_WITH_KNOTS('',7,(#1349,#1350,#1351,#1352,#1353,
    #1354,#1355,#1356,#1357,#1358,#1359,#1360,#1361,#1362,#1363,#1364,
    #1365,#1366,#1367,#1368,#1369,#1370,#1371,#1372,#1373,#1374,#1375,
    #1376,#1377,#1378,#1379,#1380,#1381,#1382,#1383,#1384,#1385,#1386,
    #1387,#1388,#1389,#1390,#1391,#1392,#1393,#1394,#1395,#1396,#1397,
    #1398),.UNSPECIFIED.,.F.,.F.,(8,6,6,6,6,6,6,6,8),(0.,0.30837325176,
    0.383852477633,0.422445969222,0.499702814013,0.576940814235,
    0.616520245526,0.692031198103,1.),.UNSPECIFIED.);
#1349 = CARTESIAN_POINT('',(-8.698657862384,13.428825391418,12.));
#1350 = CARTESIAN_POINT('',(-8.637313861922,13.406191381781,
    12.052347414703));
#1351 = CARTESIAN_POINT('',(-8.572561285409,13.387291149646,
    12.103302298765));
#1352 = CARTESIAN_POINT('',(-8.50394154395,13.372484241618,
    12.152760050943));
#1353 = CARTESIAN_POINT('',(-8.431109043665,13.362451074762,
    12.200266280219));
#1354 = CARTESIAN_POINT('',(-8.353867816329,13.358219415642,
    12.244960628337));
#1355 = CARTESIAN_POINT('',(-8.272258930314,13.361026885828,
    12.285642953711));
#1356 = CARTESIAN_POINT('',(-8.165408577028,13.375564925142,
    12.329031380666));
#1357 = CARTESIAN_POINT('',(-8.144163433225,13.378952649383,
    12.33720631678));
#1358 = CARTESIAN_POINT('',(-8.122695399285,13.382893309047,
    12.344995472007));
#1359 = CARTESIAN_POINT('',(-8.101021851039,13.387411157063,
    12.352366414871));
#1360 = CARTESIAN_POINT('',(-8.079166393827,13.392529303017,
    12.35928440742));
#1361 = CARTESIAN_POINT('',(-8.057159340964,13.398268230345,
    12.365713541084));
#1362 = CARTESIAN_POINT('',(-8.0237273665,13.407904486229,
    12.374636832561));
#1363 = CARTESIAN_POINT('',(-8.012386879479,13.411331137141,
    12.377518592299));
#1364 = CARTESIAN_POINT('',(-8.00102192495,13.414926473216,
    12.380258232479));
#1365 = CARTESIAN_POINT('',(-7.989638229396,13.418692248657,
    12.38285097156));
#1366 = CARTESIAN_POINT('',(-7.978242051982,13.422629764919,
    12.385292165726));
#1367 = CARTESIAN_POINT('',(-7.966840184556,13.426739870702,
    12.387577308885));
#1368 = CARTESIAN_POINT('',(-7.932618849218,13.439596897675,
    12.393955326401));
#1369 = CARTESIAN_POINT('',(-7.909801229781,13.448865019686,
    12.397566506858));
#1370 = CARTESIAN_POINT('',(-7.887050342965,13.458828254587,
    12.400500222898));
#1371 = CARTESIAN_POINT('',(-7.864433145181,13.469479209057,
    12.402726951383));
#1372 = CARTESIAN_POINT('',(-7.842019375256,13.480800572317,
    12.404225014686));
#1373 = CARTESIAN_POINT('',(-7.819880630064,13.492763518602,
    12.404982598182));
#1374 = CARTESIAN_POINT('',(-7.776303565582,13.517885636372,
    12.405016933117));
#1375 = CARTESIAN_POINT('',(-7.754860407977,13.531047206246,
    12.404294050044));
#1376 = CARTESIAN_POINT('',(-7.73383269055,13.544769269329,
    12.402830699583));
#1377 = CARTESIAN_POINT('',(-7.713281414066,13.559004459543,
    12.400638353181));
#1378 = CARTESIAN_POINT('',(-7.693256753035,13.573701181802,
    12.3977383804));
#1379 = CARTESIAN_POINT('',(-7.673798951908,13.588805199154,
    12.394160056639));
#1380 = CARTESIAN_POINT('',(-7.645274840897,13.61218142126,
    12.387775335081));
#1381 = CARTESIAN_POINT('',(-7.635766879368,13.620194625283,
    12.385443018173));
#1382 = CARTESIAN_POINT('',(-7.626418963527,13.628293763611,
    12.382946318753));
#1383 = CARTESIAN_POINT('',(-7.617233991886,13.636472026498,
    12.380290088943));
#1384 = CARTESIAN_POINT('',(-7.608214134626,13.644722862839,
    12.377479334374));
#1385 = CARTESIAN_POINT('',(-7.599360833594,13.653039980166,
    12.374519214191));
#1386 = CARTESIAN_POINT('',(-7.574103303534,13.677399958655,
    12.365492796507));
#1387 = CARTESIAN_POINT('',(-7.558141293896,13.69360151059,
    12.35904619325));
#1388 = CARTESIAN_POINT('',(-7.542793182694,13.709981380447,
    12.352111221517));
#1389 = CARTESIAN_POINT('',(-7.528056255388,13.726503127322,
    12.344723812134));
#1390 = CARTESIAN_POINT('',(-7.513922193632,13.743134813068,
    12.336918705735));
#1391 = CARTESIAN_POINT('',(-7.500378595307,13.759849325928,
    12.328728321984));
#1392 = CARTESIAN_POINT('',(-7.434520545293,13.845042502714,12.285324237
    ));
#1393 = CARTESIAN_POINT('',(-7.391395692045,13.914221642234,
    12.244668917501));
#1394 = CARTESIAN_POINT('',(-7.356523258925,13.983134913846,
    12.200018692731));
#1395 = CARTESIAN_POINT('',(-7.328856399918,14.051132427987,
    12.152566978675));
#1396 = CARTESIAN_POINT('',(-7.307411786837,14.117872251485,
    12.103169490187));
#1397 = CARTESIAN_POINT('',(-7.291430858601,14.183313410311,
    12.052278778744));
#1398 = CARTESIAN_POINT('',(-7.280375000761,14.247671383363,12.));
#1399 = ORIENTED_EDGE('',*,*,#1400,.T.);
#1400 = EDGE_CURVE('',#1346,#1401,#1403,.T.);
#1401 = VERTEX_POINT('',#1402);
#1402 = CARTESIAN_POINT('',(-5.716561524869,14.943926001302,12.));
#1403 = CIRCLE('',#1404,16.);
#1404 = AXIS2_PLACEMENT_3D('',#1405,#1406,#1407);
#1405 = CARTESIAN_POINT('',(0.,0.,12.));
#1406 = DIRECTION('',(0.,0.,-1.));
#1407 = DIRECTION('',(0.,1.,0.));
#1408 = ORIENTED_EDGE('',*,*,#1409,.T.);
#1409 = EDGE_CURVE('',#1401,#1410,#1412,.T.);
#1410 = VERTEX_POINT('',#1411);
#1411 = CARTESIAN_POINT('',(-4.159023891907,15.450000655875,12.));
#1412 = B_SPLINE_CURVE_WITH_KNOTS('',7,(#1413,#1414,#1415,#1416,#1417,
    #1418,#1419,#1420,#1421,#1422,#1423,#1424,#1425,#1426,#1427,#1428,
    #1429,#1430,#1431,#1432,#1433,#1434,#1435,#1436,#1437,#1438,#1439,
    #1440,#1441,#1442,#1443,#1444,#1445,#1446,#1447,#1448,#1449,#1450,
    #1451,#1452,#1453,#1454,#1455,#1456,#1457,#1458,#1459,#1460,#1461,
    #1462),.UNSPECIFIED.,.F.,.F.,(8,6,6,6,6,6,6,6,8),(0.,0.30837325176,
    0.383852477633,0.422445969222,0.499702814013,0.576940814235,
    0.616520245526,0.692031198104,1.),.UNSPECIFIED.);
#1413 = CARTESIAN_POINT('',(-5.716561524869,14.943926001302,12.));
#1414 = CARTESIAN_POINT('',(-5.661263913211,14.909032464223,
    12.052347414703));
#1415 = CARTESIAN_POINT('',(-5.601855915074,14.877082429839,
    12.103302298765));
#1416 = CARTESIAN_POINT('',(-5.537814208886,14.848332241807,
    12.152760050943));
#1417 = CARTESIAN_POINT('',(-5.468659286162,14.823375595439,
    12.200266280219));
#1418 = CARTESIAN_POINT('',(-5.393985776368,14.803177054047,
    12.244960628337));
#1419 = CARTESIAN_POINT('',(-5.313576534442,14.788955732796,
    12.285642953711));
#1420 = CARTESIAN_POINT('',(-5.206038489402,14.780960643454,
    12.329031380666));
#1421 = CARTESIAN_POINT('',(-5.184553255489,14.779857224024,
    12.33720631678));
#1422 = CARTESIAN_POINT('',(-5.162735040385,14.779248315584,
    12.344995472007));
#1423 = CARTESIAN_POINT('',(-5.140595797748,14.779161253719,
    12.352366414871));
#1424 = CARTESIAN_POINT('',(-5.118153812334,14.779623550842,
    12.35928440742));
#1425 = CARTESIAN_POINT('',(-5.095434476293,14.780661545268,
    12.365713541084));
#1426 = CARTESIAN_POINT('',(-5.060729580429,14.783136327502,
    12.374636832561));
#1427 = CARTESIAN_POINT('',(-5.048924469474,14.78413027804,
    12.377518592299));
#1428 = CARTESIAN_POINT('',(-5.037060354066,14.785284140483,
    12.380258232479));
#1429 = CARTESIAN_POINT('',(-5.025142470833,14.786600821305,
    12.38285097156));
#1430 = CARTESIAN_POINT('',(-5.013176671575,14.788082894875,
    12.385292165726));
#1431 = CARTESIAN_POINT('',(-5.001169423265,14.78973260345,
    12.387577308885));
#1432 = CARTESIAN_POINT('',(-4.965022779994,14.795193657844,
    12.393955326401));
#1433 = CARTESIAN_POINT('',(-4.940776829369,14.799515199314,
    12.397566506858));
#1434 = CARTESIAN_POINT('',(-4.916451631001,14.804530538283,
    12.400500222898));
#1435 = CARTESIAN_POINT('',(-4.892114215301,14.810246364011,
    12.402726951383));
#1436 = CARTESIAN_POINT('',(-4.867836396247,14.816660243518,
    12.404225014686));
#1437 = CARTESIAN_POINT('',(-4.843694199365,14.823758866779,
    12.404982598182));
#1438 = CARTESIAN_POINT('',(-4.795846216313,14.839271824843,
    12.405016933117));
#1439 = CARTESIAN_POINT('',(-4.772135198903,14.847687499684,
    12.404294050044));
#1440 = CARTESIAN_POINT('',(-4.748714010216,14.856737794481,
    12.402830699583));
#1441 = CARTESIAN_POINT('',(-4.725652165964,14.866389060993,
    12.400638353181));
#1442 = CARTESIAN_POINT('',(-4.703009471446,14.876601263476,
    12.3977383804));
#1443 = CARTESIAN_POINT('',(-4.680836568173,14.887329717479,
    12.394160056639));
#1444 = CARTESIAN_POINT('',(-4.648075587561,14.904264616896,
    12.387775335081));
#1445 = CARTESIAN_POINT('',(-4.637109359007,14.910125896828,
    12.385443018173));
#1446 = CARTESIAN_POINT('',(-4.626281812011,14.916104508563,
    12.382946318753));
#1447 = CARTESIAN_POINT('',(-4.615597197573,14.922194393801,
    12.380290088943));
#1448 = CARTESIAN_POINT('',(-4.605059000501,14.928389595797,
    12.377479334374));
#1449 = CARTESIAN_POINT('',(-4.594669939411,14.934684259369,
    12.374519214191));
#1450 = CARTESIAN_POINT('',(-4.564899622667,14.953260578101,
    12.365492796507));
#1451 = CARTESIAN_POINT('',(-4.54591792918,14.965789398842,
    12.35904619325));
#1452 = CARTESIAN_POINT('',(-4.527499644595,14.978620277491,
    12.352111221517));
#1453 = CARTESIAN_POINT('',(-4.50964969018,14.991717005084,
    12.344723812134));
#1454 = CARTESIAN_POINT('',(-4.49236656968,15.005046611915,
    12.336918705735));
#1455 = CARTESIAN_POINT('',(-4.475643788843,15.018580000138,
    12.328728321984));
#1456 = CARTESIAN_POINT('',(-4.393512237802,15.088218843079,12.285324237
    ));
#1457 = CARTESIAN_POINT('',(-4.336946614197,15.146920091266,
    12.244668917501));
#1458 = CARTESIAN_POINT('',(-4.28850835259,15.207077056018,
    12.200018692732));
#1459 = CARTESIAN_POINT('',(-4.247308602695,15.267836397897,
    12.152566978674));
#1460 = CARTESIAN_POINT('',(-4.212456616313,15.328659210359,
    12.103169490187));
#1461 = CARTESIAN_POINT('',(-4.183218927721,15.389347701044,
    12.052278778744));
#1462 = CARTESIAN_POINT('',(-4.159023891907,15.450000655875,12.));
#1463 = ORIENTED_EDGE('',*,*,#1464,.T.);
#1464 = EDGE_CURVE('',#1410,#1465,#1467,.T.);
#1465 = VERTEX_POINT('',#1466);
#1466 = CARTESIAN_POINT('',(-2.484624017611,15.805905336016,12.));
#1467 = CIRCLE('',#1468,16.);
#1468 = AXIS2_PLACEMENT_3D('',#1469,#1470,#1471);
#1469 = CARTESIAN_POINT('',(0.,0.,12.));
#1470 = DIRECTION('',(0.,0.,-1.));
#1471 = DIRECTION('',(0.,1.,0.));
#1472 = ORIENTED_EDGE('',*,*,#1473,.T.);
#1473 = EDGE_CURVE('',#1465,#1474,#1476,.T.);
#1474 = VERTEX_POINT('',#1475);
#1475 = CARTESIAN_POINT('',(-0.855903481764,15.977090762398,12.));
#1476 = B_SPLINE_CURVE_WITH_KNOTS('',7,(#1477,#1478,#1479,#1480,#1481,
    #1482,#1483,#1484,#1485,#1486,#1487,#1488,#1489,#1490,#1491,#1492,
    #1493,#1494,#1495,#1496,#1497,#1498,#1499,#1500,#1501,#1502,#1503,
    #1504,#1505,#1506,#1507,#1508,#1509,#1510,#1511,#1512,#1513,#1514,
    #1515,#1516,#1517,#1518,#1519,#1520,#1521,#1522,#1523,#1524,#1525,
    #1526),.UNSPECIFIED.,.F.,.F.,(8,6,6,6,6,6,6,6,8),(0.,0.30837325176,
    0.383852477633,0.422445969222,0.499702814013,0.576940814235,
    0.616520245526,0.692031198103,1.),.UNSPECIFIED.);
#1477 = CARTESIAN_POINT('',(-2.484624017611,15.805905336016,12.));
#1478 = CARTESIAN_POINT('',(-2.437789565735,15.760277286504,
    12.052347414703));
#1479 = CARTESIAN_POINT('',(-2.386322560563,15.716673819687,
    12.103302298765));
#1480 = CARTESIAN_POINT('',(-2.329657819513,15.675236872826,
    12.152760050943));
#1481 = CARTESIAN_POINT('',(-2.267202876316,15.636447472147,
    12.200266280219));
#1482 = CARTESIAN_POINT('',(-2.198360674765,15.601164821665,
    12.244960628337));
#1483 = CARTESIAN_POINT('',(-2.122665346645,15.570536248958,
    12.285642953711));
#1484 = CARTESIAN_POINT('',(-2.019139538445,15.54035745473,
    12.329031380666));
#1485 = CARTESIAN_POINT('',(-1.998353222242,15.53481111635,
    12.33720631678));
#1486 = CARTESIAN_POINT('',(-1.977138386668,15.529679252028,
    12.344995472007));
#1487 = CARTESIAN_POINT('',(-1.955501040781,15.524991085304,
    12.352366414871));
#1488 = CARTESIAN_POINT('',(-1.933453349615,15.520777328993,
    12.35928440742));
#1489 = CARTESIAN_POINT('',(-1.9110146744,15.51706902518,12.365713541084
    ));
#1490 = CARTESIAN_POINT('',(-1.876553627619,15.512274173906,
    12.374636832561));
#1491 = CARTESIAN_POINT('',(-1.864799832725,15.51079198366,
    12.377518592299));
#1492 = CARTESIAN_POINT('',(-1.852955075212,15.509453943146,
    12.380258232479));
#1493 = CARTESIAN_POINT('',(-1.841023872986,15.508263984079,
    12.38285097156));
#1494 = CARTESIAN_POINT('',(-1.829011414729,15.50722584123,
    12.385292165726));
#1495 = CARTESIAN_POINT('',(-1.816923559904,15.506343052417,
    12.387577308885));
#1496 = CARTESIAN_POINT('',(-1.780431390461,15.504169459949,
    12.393955326401));
#1497 = CARTESIAN_POINT('',(-1.755816773036,15.50335554878,
    12.397566506858));
#1498 = CARTESIAN_POINT('',(-1.73098039101,15.503203797437,
    12.400500222898));
#1499 = CARTESIAN_POINT('',(-1.705986419243,15.503734685411,
    12.402726951383));
#1500 = CARTESIAN_POINT('',(-1.680905608252,15.504960763853,
    12.404225014686));
#1501 = CARTESIAN_POINT('',(-1.65581508953,15.506884820191,
    12.404982598182));
#1502 = CARTESIAN_POINT('',(-1.605787374367,15.512110627843,
    12.405016933117));
#1503 = CARTESIAN_POINT('',(-1.580844782391,15.515412602276,
    12.404294050044));
#1504 = CARTESIAN_POINT('',(-1.556053740777,15.519395587477,
    12.402830699583));
#1505 = CARTESIAN_POINT('',(-1.531489242014,15.524041123628,
    12.400638353181));
#1506 = CARTESIAN_POINT('',(-1.507218108413,15.529322484083,
    12.3977383804));
#1507 = CARTESIAN_POINT('',(-1.483299165263,15.535206489815,
    12.394160056639));
#1508 = CARTESIAN_POINT('',(-1.447733127108,15.544959930177,
    12.387775335081));
#1509 = CARTESIAN_POINT('',(-1.435787908338,15.548413119959,
    12.385443018173));
#1510 = CARTESIAN_POINT('',(-1.423953945947,15.55200991108,
    12.382946318753));
#1511 = CARTESIAN_POINT('',(-1.412236657633,15.555745261461,
    12.380290088943));
#1512 = CARTESIAN_POINT('',(-1.400640690529,15.559614069058,
    12.377479334374));
#1513 = CARTESIAN_POINT('',(-1.389169921204,15.563611171871,
    12.374519214191));
#1514 = CARTESIAN_POINT('',(-1.356187923471,15.575591956579,
    12.365492796507));
#1515 = CARTESIAN_POINT('',(-1.335016137225,15.583900476539,
    12.35904619325));
#1516 = CARTESIAN_POINT('',(-1.314332646673,15.592621593016,
    12.352111221517));
#1517 = CARTESIAN_POINT('',(-1.294149793811,15.601720911485,
    12.344723812134));
#1518 = CARTESIAN_POINT('',(-1.274472969867,15.611165871619,
    12.336918705735));
#1519 = CARTESIAN_POINT('',(-1.255301872286,15.6209266612,
    12.328728321984));
#1520 = CARTESIAN_POINT('',(-1.160486363107,15.671967618694,12.285324237
    ));
#1521 = CARTESIAN_POINT('',(-1.092952158332,15.717625449322,
    12.244668917501));
#1522 = CARTESIAN_POINT('',(-1.033065052699,15.766396959192,
    12.200018692731));
#1523 = CARTESIAN_POINT('',(-0.980133038688,15.817262654009,
    12.152566978675));
#1524 = CARTESIAN_POINT('',(-0.933396878047,15.869510206673,
    12.103169490187));
#1525 = CARTESIAN_POINT('',(-0.892180256389,15.922793650958,
    12.052278778744));
#1526 = CARTESIAN_POINT('',(-0.855903481764,15.977090762398,12.));
#1527 = ORIENTED_EDGE('',*,*,#1528,.T.);
#1528 = EDGE_CURVE('',#1474,#22,#1529,.T.);
#1529 = CIRCLE('',#1530,16.);
#1530 = AXIS2_PLACEMENT_3D('',#1531,#1532,#1533);
#1531 = CARTESIAN_POINT('',(0.,0.,12.));
#1532 = DIRECTION('',(0.,0.,-1.));
#1533 = DIRECTION('',(0.,1.,0.));
#1534 = ORIENTED_EDGE('',*,*,#1535,.T.);
#1535 = EDGE_CURVE('',#22,#1536,#1538,.T.);
#1536 = VERTEX_POINT('',#1537);
#1537 = CARTESIAN_POINT('',(0.,15.5,12.5));
#1538 = LINE('',#1539,#1540);
#1539 = CARTESIAN_POINT('',(0.,16.,12.));
#1540 = VECTOR('',#1541,1.);
#1541 = DIRECTION('',(0.,-0.707106781187,0.707106781187));
#1542 = ORIENTED_EDGE('',*,*,#1543,.F.);
#1543 = EDGE_CURVE('',#1536,#1536,#1544,.T.);
#1544 = CIRCLE('',#1545,15.5);
#1545 = AXIS2_PLACEMENT_3D('',#1546,#1547,#1548);
#1546 = CARTESIAN_POINT('',(0.,0.,12.5));
#1547 = DIRECTION('',(0.,0.,-1.));
#1548 = DIRECTION('',(0.,1.,0.));
#1549 = ORIENTED_EDGE('',*,*,#1535,.F.);
#1550 = ORIENTED_EDGE('',*,*,#21,.T.);
#1551 = ORIENTED_EDGE('',*,*,#1552,.T.);
#1552 = EDGE_CURVE('',#24,#1553,#1555,.T.);
#1553 = VERTEX_POINT('',#1554);
#1554 = CARTESIAN_POINT('',(2.484624017611,15.805905336016,12.));
#1555 = B_SPLINE_CURVE_WITH_KNOTS('',7,(#1556,#1557,#1558,#1559,#1560,
    #1561,#1562,#1563,#1564,#1565,#1566,#1567,#1568,#1569,#1570,#1571,
    #1572,#1573,#1574,#1575,#1576,#1577,#1578,#1579,#1580,#1581,#1582,
    #1583,#1584,#1585,#1586,#1587,#1588,#1589,#1590,#1591,#1592,#1593,
    #1594,#1595,#1596,#1597,#1598,#1599,#1600,#1601,#1602,#1603,#1604,
    #1605),.UNSPECIFIED.,.F.,.F.,(8,6,6,6,6,6,6,6,8),(0.,0.30837325176,
    0.383852477633,0.422445969222,0.499702814013,0.576940814235,
    0.616520245526,0.692031198103,1.),.UNSPECIFIED.);
#1556 = CARTESIAN_POINT('',(0.855903481764,15.977090762398,12.));
#1557 = CARTESIAN_POINT('',(0.892227883576,15.922722365163,
    12.052347414703));
#1558 = CARTESIAN_POINT('',(0.933504540691,15.869371146645,
    12.103302298765));
#1559 = CARTESIAN_POINT('',(0.98031579551,15.817058434371,
    12.152760050943));
#1560 = CARTESIAN_POINT('',(1.033341178472,15.766131562322,
    12.200266280219));
#1561 = CARTESIAN_POINT('',(1.09334333723,15.717306823882,
    12.244960628337));
#1562 = CARTESIAN_POINT('',(1.161016502479,15.671609615318,
    12.285642953711));
#1563 = CARTESIAN_POINT('',(1.256005499249,15.620566074325,
    12.329031380666));
#1564 = CARTESIAN_POINT('',(1.275184435981,15.610819218598,
    12.33720631678));
#1565 = CARTESIAN_POINT('',(1.294868701908,15.60138868549,
    12.344995472007));
#1566 = CARTESIAN_POINT('',(1.315058495204,15.592304309288,
    12.352366414871));
#1567 = CARTESIAN_POINT('',(1.33574830222,15.583598660914,12.35928440742
    ));
#1568 = CARTESIAN_POINT('',(1.356925638829,15.575306129532,
    12.365713541084));
#1569 = CARTESIAN_POINT('',(1.389636723422,15.563451202759,
    12.374636832561));
#1570 = CARTESIAN_POINT('',(1.400825505017,15.559557650557,
    12.377518592299));
#1571 = CARTESIAN_POINT('',(1.412133231893,15.555786185876,
    12.380258232479));
#1572 = CARTESIAN_POINT('',(1.423556302323,15.552141593842,
    12.38285097156));
#1573 = CARTESIAN_POINT('',(1.435090417511,15.548628606397,
    12.385292165726));
#1574 = CARTESIAN_POINT('',(1.446730581591,15.545251902303,
    12.387577308885));
#1575 = CARTESIAN_POINT('',(1.481973394293,15.535538659396,
    12.393955326401));
#1576 = CARTESIAN_POINT('',(1.505880901623,15.529624867411,
    12.397566506858));
#1577 = CARTESIAN_POINT('',(1.530142998234,15.524312658018,
    12.400500222898));
#1578 = CARTESIAN_POINT('',(1.554701169566,15.519635405885,
    12.402726951383));
#1579 = CARTESIAN_POINT('',(1.579488820704,15.515620097752,
    12.404225014686));
#1580 = CARTESIAN_POINT('',(1.6044310852,15.512285496671,12.404982598182
    ));
#1581 = CARTESIAN_POINT('',(1.654452081261,15.50699576104,
    12.405016933117));
#1582 = CARTESIAN_POINT('',(1.679536136846,15.505039722938,
    12.404294050044));
#1583 = CARTESIAN_POINT('',(1.704613543908,15.503781322977,
    12.402830699583));
#1584 = CARTESIAN_POINT('',(1.729607110712,15.503218096546,
    12.400638353181));
#1585 = CARTESIAN_POINT('',(1.754445918394,15.503337794179,12.3977383804
    ));
#1586 = CARTESIAN_POINT('',(1.779065528828,15.504120192355,
    12.394160056639));
#1587 = CARTESIAN_POINT('',(1.815882217994,15.506265901516,
    12.387775335081));
#1588 = CARTESIAN_POINT('',(1.828284363601,15.507160080184,
    12.385443018173));
#1589 = CARTESIAN_POINT('',(1.840607540444,15.50821785366,
    12.382946318753));
#1590 = CARTESIAN_POINT('',(1.852845400908,15.509435416447,
    12.380290088943));
#1591 = CARTESIAN_POINT('',(1.864992338638,15.510808744189,
    12.377479334374));
#1592 = CARTESIAN_POINT('',(1.877043488537,15.512333593671,
    12.374519214191));
#1593 = CARTESIAN_POINT('',(1.911795695693,15.517195226572,
    12.365492796507));
#1594 = CARTESIAN_POINT('',(1.934232266046,15.520920323561,
    12.35904619325));
#1595 = CARTESIAN_POINT('',(1.956276994776,15.525150523225,
    12.352111221517));
#1596 = CARTESIAN_POINT('',(1.977910658567,15.52985474869,
    12.344723812134));
#1597 = CARTESIAN_POINT('',(1.99912121433,15.535002272048,
    12.336918705735));
#1598 = CARTESIAN_POINT('',(2.019902759698,15.540563869646,
    12.328728321984));
#1599 = CARTESIAN_POINT('',(2.123258334286,15.570776206928,12.285324237)
  );
#1600 = CARTESIAN_POINT('',(2.19880955142,15.601395153709,
    12.244668917501));
#1601 = CARTESIAN_POINT('',(2.267528147189,15.636649659682,
    12.200018692732));
#1602 = CARTESIAN_POINT('',(2.329879042312,15.675398632496,
    12.152566978674));
#1603 = CARTESIAN_POINT('',(2.386456782725,15.716787456597,
    12.103169490187));
#1604 = CARTESIAN_POINT('',(2.437850973304,15.760337112284,
    12.052278778744));
#1605 = CARTESIAN_POINT('',(2.484624017611,15.805905336016,12.));
#1606 = ORIENTED_EDGE('',*,*,#1607,.T.);
#1607 = EDGE_CURVE('',#1553,#1608,#1610,.T.);
#1608 = VERTEX_POINT('',#1609);
#1609 = CARTESIAN_POINT('',(4.159023891907,15.450000655875,12.));
#1610 = CIRCLE('',#1611,16.);
#1611 = AXIS2_PLACEMENT_3D('',#1612,#1613,#1614);
#1612 = CARTESIAN_POINT('',(0.,0.,12.));
#1613 = DIRECTION('',(0.,0.,-1.));
#1614 = DIRECTION('',(0.,1.,0.));
#1615 = ORIENTED_EDGE('',*,*,#1616,.T.);
#1616 = EDGE_CURVE('',#1608,#1617,#1619,.T.);
#1617 = VERTEX_POINT('',#1618);
#1618 = CARTESIAN_POINT('',(5.716561524869,14.943926001302,12.));
#1619 = B_SPLINE_CURVE_WITH_KNOTS('',7,(#1620,#1621,#1622,#1623,#1624,
    #1625,#1626,#1627,#1628,#1629,#1630,#1631,#1632,#1633,#1634,#1635,
    #1636,#1637,#1638,#1639,#1640,#1641,#1642,#1643,#1644,#1645,#1646,
    #1647,#1648,#1649,#1650,#1651,#1652,#1653,#1654,#1655,#1656,#1657,
    #1658,#1659,#1660,#1661,#1662,#1663,#1664,#1665,#1666,#1667,#1668,
    #1669),.UNSPECIFIED.,.F.,.F.,(8,6,6,6,6,6,6,6,8),(0.,0.30837325176,
    0.383852477634,0.422445969222,0.499702814013,0.576940814235,
    0.616520245527,0.692031198104,1.),.UNSPECIFIED.);
#1620 = CARTESIAN_POINT('',(4.159023891907,15.450000655875,12.));
#1621 = CARTESIAN_POINT('',(4.183250692991,15.389268070765,
    12.052347414703));
#1622 = CARTESIAN_POINT('',(4.212533014064,15.328500804805,
    12.103302298765));
#1623 = CARTESIAN_POINT('',(4.247444906193,15.267598643666,
    12.152760050943));
#1624 = CARTESIAN_POINT('',(4.288723265239,15.206760048932,
    12.200266280219));
#1625 = CARTESIAN_POINT('',(4.337262998944,15.14652709789,
    12.244960628337));
#1626 = CARTESIAN_POINT('',(4.393956359268,15.087758440763,
    12.285642953711));
#1627 = CARTESIAN_POINT('',(4.476257069642,15.018081000679,
    12.329031380666));
#1628 = CARTESIAN_POINT('',(4.492990415337,15.004559611972,
    12.33720631678));
#1629 = CARTESIAN_POINT('',(4.510283814742,14.991242569627,
    12.344995472007));
#1630 = CARTESIAN_POINT('',(4.528143664597,14.97815901478,
    12.352366414871));
#1631 = CARTESIAN_POINT('',(4.546571343616,14.96534195295,12.35928440742
    ));
#1632 = CARTESIAN_POINT('',(4.56556179039,14.952827617414,
    12.365713541084));
#1633 = CARTESIAN_POINT('',(4.595093281432,14.934430732327,
    12.374636832561));
#1634 = CARTESIAN_POINT('',(4.605228046283,14.928295985083,
    12.377518592299));
#1635 = CARTESIAN_POINT('',(4.615504540598,14.92225592734,
    12.380258232479));
#1636 = CARTESIAN_POINT('',(4.62592023624,14.916315988499,12.38285097156
    ));
#1637 = CARTESIAN_POINT('',(4.636471912178,14.910481690868,
    12.385292165726));
#1638 = CARTESIAN_POINT('',(4.647155654487,14.904758649664,
    12.387577308885));
#1639 = CARTESIAN_POINT('',(4.679608830418,14.887930271641,
    12.393955326401));
#1640 = CARTESIAN_POINT('',(4.701764354862,14.877175059927,
    12.397566506858));
#1641 = CARTESIAN_POINT('',(4.724391796014,14.866934561526,
    12.400500222898));
#1642 = CARTESIAN_POINT('',(4.747440856982,14.857253587649,
    12.402726951383));
#1643 = CARTESIAN_POINT('',(4.770852008967,14.848172381173,
    12.404225014686));
#1644 = CARTESIAN_POINT('',(4.794555922591,14.839724860742,
    12.404982598182));
#1645 = CARTESIAN_POINT('',(4.842384041996,14.824150768659,
    12.405016933117));
#1646 = CARTESIAN_POINT('',(4.866513267594,14.817022206273,
    12.404294050044));
#1647 = CARTESIAN_POINT('',(4.890781037081,14.810577419267,
    12.402830699583));
#1648 = CARTESIAN_POINT('',(4.915111333124,14.804830045951,
    12.400638353181));
#1649 = CARTESIAN_POINT('',(4.9394322398,14.7997828494,12.3977383804));
#1650 = CARTESIAN_POINT('',(4.963676522406,14.795429445467,
    12.394160056639));
#1651 = CARTESIAN_POINT('',(5.0001347966,14.789873645639,12.387775335081
    ));
#1652 = CARTESIAN_POINT('',(5.012451835768,14.788169733295,
    12.385443018173));
#1653 = CARTESIAN_POINT('',(5.024725645102,14.786642259349,
    12.382946318753));
#1654 = CARTESIAN_POINT('',(5.036949224491,14.785288821207,
    12.380290088943));
#1655 = CARTESIAN_POINT('',(5.049116253381,14.784106648081,
    12.377479334374));
#1656 = CARTESIAN_POINT('',(5.061221090774,14.783092600991,
    12.374519214191));
#1657 = CARTESIAN_POINT('',(5.096224669141,14.7806226054,12.365492796507
    ));
#1658 = CARTESIAN_POINT('',(5.118945437814,14.779601474804,
    12.35904619325));
#1659 = CARTESIAN_POINT('',(5.141387944295,14.779155877632,
    12.352111221517));
#1660 = CARTESIAN_POINT('',(5.163526924098,14.779259412866,
    12.344723812134));
#1661 = CARTESIAN_POINT('',(5.185344208612,14.779884527977,
    12.336918705735));
#1662 = CARTESIAN_POINT('',(5.206827948513,14.781003865088,
    12.328728321984));
#1663 = CARTESIAN_POINT('',(5.314206453947,14.789067158045,12.285324237)
  );
#1664 = CARTESIAN_POINT('',(5.394472732716,14.803309026079,
    12.244668917501));
#1665 = CARTESIAN_POINT('',(5.469019486238,14.823505737074,
    12.200018692732));
#1666 = CARTESIAN_POINT('',(5.538064229163,14.848444471834,
    12.152566978674));
#1667 = CARTESIAN_POINT('',(5.602010830601,14.877165677153,
    12.103169490187));
#1668 = CARTESIAN_POINT('',(5.661336417357,14.909078215315,
    12.052278778744));
#1669 = CARTESIAN_POINT('',(5.716561524869,14.943926001302,12.));
#1670 = ORIENTED_EDGE('',*,*,#1671,.T.);
#1671 = EDGE_CURVE('',#1617,#1672,#1674,.T.);
#1672 = VERTEX_POINT('',#1673);
#1673 = CARTESIAN_POINT('',(7.280375000761,14.247671383363,12.));
#1674 = CIRCLE('',#1675,16.);
#1675 = AXIS2_PLACEMENT_3D('',#1676,#1677,#1678);
#1676 = CARTESIAN_POINT('',(0.,0.,12.));
#1677 = DIRECTION('',(0.,0.,-1.));
#1678 = DIRECTION('',(0.,1.,0.));
#1679 = ORIENTED_EDGE('',*,*,#1680,.T.);
#1680 = EDGE_CURVE('',#1672,#1681,#1683,.T.);
#1681 = VERTEX_POINT('',#1682);
#1682 = CARTESIAN_POINT('',(8.698657862384,13.428825391418,12.));
#1683 = B_SPLINE_CURVE_WITH_KNOTS('',7,(#1684,#1685,#1686,#1687,#1688,
    #1689,#1690,#1691,#1692,#1693,#1694,#1695,#1696,#1697,#1698,#1699,
    #1700,#1701,#1702,#1703,#1704,#1705,#1706,#1707,#1708,#1709,#1710,
    #1711,#1712,#1713,#1714,#1715,#1716,#1717,#1718,#1719,#1720,#1721,
    #1722,#1723,#1724,#1725,#1726,#1727,#1728,#1729,#1730,#1731,#1732,
    #1733),.UNSPECIFIED.,.F.,.F.,(8,6,6,6,6,6,6,6,8),(0.,0.30837325176,
    0.383852477633,0.422445969222,0.499702814013,0.576940814235,
    0.616520245526,0.692031198104,1.),.UNSPECIFIED.);
#1684 = CARTESIAN_POINT('',(7.280375000761,14.247671383363,12.));
#1685 = CARTESIAN_POINT('',(7.291445373657,14.183228915774,
    12.052347414703));
#1686 = CARTESIAN_POINT('',(7.307453580747,14.117701423486,
    12.103302298765));
#1687 = CARTESIAN_POINT('',(7.328940292973,14.050871530167,
    12.152760050943));
#1688 = CARTESIAN_POINT('',(7.356667565738,13.982780151272,
    12.200266280219));
#1689 = CARTESIAN_POINT('',(7.391623455108,13.913771456619,
    12.244960628337));
#1690 = CARTESIAN_POINT('',(7.434859238616,13.844499823249,
    12.285642953711));
#1691 = CARTESIAN_POINT('',(7.500874726627,13.759233722556,
    12.329031380666));
#1692 = CARTESIAN_POINT('',(7.514431153782,13.742528750437,
    12.33720631678));
#1693 = CARTESIAN_POINT('',(7.528577882129,13.725907217508,
    12.344995472007));
#1694 = CARTESIAN_POINT('',(7.543327227404,13.709396298144,
    12.352366414871));
#1695 = CARTESIAN_POINT('',(7.558687400427,13.693027989964,
    12.35928440742));
#1696 = CARTESIAN_POINT('',(7.574660983715,13.676838786786,
    12.365713541084));
#1697 = CARTESIAN_POINT('',(7.59972221334,13.652703975543,
    12.374636832561));
#1698 = CARTESIAN_POINT('',(7.60836002359,13.644596151149,
    12.377518592299));
#1699 = CARTESIAN_POINT('',(7.61715615323,13.636551479851,
    12.380258232479));
#1700 = CARTESIAN_POINT('',(7.626109258205,13.628575798033,
    12.38285097156));
#1701 = CARTESIAN_POINT('',(7.635217336022,13.620675177017,
    12.385292165726));
#1702 = CARTESIAN_POINT('',(7.644477725756,13.612855923067,
    12.387577308885));
#1703 = CARTESIAN_POINT('',(7.6727229054,13.5896478908,12.393955326401)
  );
#1704 = CARTESIAN_POINT('',(7.692158144225,13.574521313719,
    12.397566506858));
#1705 = CARTESIAN_POINT('',(7.712162002162,13.559800085228,
    12.400500222898));
#1706 = CARTESIAN_POINT('',(7.732694598199,13.54553849462,
    12.402726951383));
#1707 = CARTESIAN_POINT('',(7.75370607135,13.5317882821,12.404225014686)
  );
#1708 = CARTESIAN_POINT('',(7.775135659334,13.518597039498,
    12.404982598182));
#1709 = CARTESIAN_POINT('',(7.818680583759,13.49341925352,
    12.405016933117));
#1710 = CARTESIAN_POINT('',(7.840800416427,13.481429719233,
    12.404294050044));
#1711 = CARTESIAN_POINT('',(7.863197930362,13.4700802133,12.402830699583
    ));
#1712 = CARTESIAN_POINT('',(7.885801604958,13.459399880891,
    12.400638353181));
#1713 = CARTESIAN_POINT('',(7.908541670302,13.449406376866,12.3977383804
    ));
#1714 = CARTESIAN_POINT('',(7.931351033592,13.440107435464,
    12.394160056639));
#1715 = CARTESIAN_POINT('',(7.965857491286,13.427092941761,
    12.387775335081));
#1716 = CARTESIAN_POINT('',(7.977551110299,13.42286540755,
    12.385443018173));
#1717 = CARTESIAN_POINT('',(7.989239127761,13.418819444123,
    12.382946318753));
#1718 = CARTESIAN_POINT('',(8.000914197,13.414954156793,12.380290088943)
  );
#1719 = CARTESIAN_POINT('',(8.012569559504,13.411268149437,
    12.377479334374));
#1720 = CARTESIAN_POINT('',(8.024199044912,13.4077595245,12.374519214191
    ));
#1721 = CARTESIAN_POINT('',(8.057924170148,13.398065851075,
    12.365492796507));
#1722 = CARTESIAN_POINT('',(8.079936130524,13.392343121201,
    12.35904619325));
#1723 = CARTESIAN_POINT('',(8.101795569531,13.387241201928,
    12.352111221517));
#1724 = CARTESIAN_POINT('',(8.123472285694,13.382739521946,
    12.344723812134));
#1725 = CARTESIAN_POINT('',(8.144942778935,13.378814908279,
    12.336918705735));
#1726 = CARTESIAN_POINT('',(8.166189770846,13.375443064501,
    12.328728321984));
#1727 = CARTESIAN_POINT('',(8.272898251179,13.361004908538,12.285324237)
  );
#1728 = CARTESIAN_POINT('',(8.354371570039,13.358247259851,
    12.244668917501));
#1729 = CARTESIAN_POINT('',(8.431488430473,13.362503482683,
    12.200018692731));
#1730 = CARTESIAN_POINT('',(8.504209434617,13.372542037011,
    12.152566978675));
#1731 = CARTESIAN_POINT('',(8.572730123751,13.387340369057,
    12.103169490187));
#1732 = CARTESIAN_POINT('',(8.637394293865,13.406221058642,
    12.052278778744));
#1733 = CARTESIAN_POINT('',(8.698657862384,13.428825391418,12.));
#1734 = ORIENTED_EDGE('',*,*,#1735,.T.);
#1735 = EDGE_CURVE('',#1681,#1736,#1738,.T.);
#1736 = VERTEX_POINT('',#1737);
#1737 = CARTESIAN_POINT('',(10.083538786968,12.422650503484,12.));
#1738 = CIRCLE('',#1739,16.);
#1739 = AXIS2_PLACEMENT_3D('',#1740,#1741,#1742);
#1740 = CARTESIAN_POINT('',(0.,0.,12.));
#1741 = DIRECTION('',(0.,0.,-1.));
#1742 = DIRECTION('',(0.,1.,0.));
#1743 = ORIENTED_EDGE('',*,*,#1744,.T.);
#1744 = EDGE_CURVE('',#1736,#1745,#1747,.T.);
#1745 = VERTEX_POINT('',#1746);
#1746 = CARTESIAN_POINT('',(11.300581110521,11.326820673275,12.));
#1747 = B_SPLINE_CURVE_WITH_KNOTS('',7,(#1748,#1749,#1750,#1751,#1752,
    #1753,#1754,#1755,#1756,#1757,#1758,#1759,#1760,#1761,#1762,#1763,
    #1764,#1765,#1766,#1767,#1768,#1769,#1770,#1771,#1772,#1773,#1774,
    #1775,#1776,#1777,#1778,#1779,#1780,#1781,#1782,#1783,#1784,#1785,
    #1786,#1787,#1788,#1789,#1790,#1791,#1792,#1793,#1794,#1795,#1796,
    #1797),.UNSPECIFIED.,.F.,.F.,(8,6,6,6,6,6,6,6,8),(0.,0.30837325176,
    0.383852477633,0.422445969222,0.499702814013,0.576940814235,
    0.616520245526,0.692031198103,1.),.UNSPECIFIED.);
#1748 = CARTESIAN_POINT('',(10.083538786968,12.422650503484,12.));
#1749 = CARTESIAN_POINT('',(10.080968903259,12.35731459848,
    12.052347414703));
#1750 = CARTESIAN_POINT('',(10.083003360899,12.289890745714,
    12.103302298765));
#1751 = CARTESIAN_POINT('',(10.090125820793,12.220053907237,
    12.152760050943));
#1752 = CARTESIAN_POINT('',(10.103090192407,12.147685664178,
    12.200266280219));
#1753 = CARTESIAN_POINT('',(10.122934497339,12.07291723701,
    12.244960628337));
#1754 = CARTESIAN_POINT('',(10.150823092824,11.996170130178,
    12.285642953711));
#1755 = CARTESIAN_POINT('',(10.197668164869,11.899041906629,
    12.329031380666));
#1756 = CARTESIAN_POINT('',(10.207455192567,11.879883438539,
    12.33720631678));
#1757 = CARTESIAN_POINT('',(10.217836969942,11.860683855773,
    12.344995472007));
#1758 = CARTESIAN_POINT('',(10.228831193473,11.841467178297,
    12.352366414871));
#1759 = CARTESIAN_POINT('',(10.240452547233,11.822262997378,
    12.35928440742));
#1760 = CARTESIAN_POINT('',(10.252711144796,11.803106472423,
    12.365713541084));
#1761 = CARTESIAN_POINT('',(10.272206817011,11.774288542086,
    12.374636832561));
#1762 = CARTESIAN_POINT('',(10.278970158905,11.764561991373,
    12.377518592299));
#1763 = CARTESIAN_POINT('',(10.285901490796,11.754864297258,
    12.380258232479));
#1764 = CARTESIAN_POINT('',(10.293000711454,11.74520144803,
    12.38285097156));
#1765 = CARTESIAN_POINT('',(10.300267124445,11.735579798681,
    12.385292165726));
#1766 = CARTESIAN_POINT('',(10.307699438134,11.726006070903,
    12.387577308885));
#1767 = CARTESIAN_POINT('',(10.330502171607,11.697432686765,
    12.393955326401));
#1768 = CARTESIAN_POINT('',(10.346367711616,11.67859584832,
    12.397566506858));
#1769 = CARTESIAN_POINT('',(10.362873721755,11.660037278066,
    12.400500222898));
#1770 = CARTESIAN_POINT('',(10.379992479889,11.641818370671,
    12.402726951383));
#1771 = CARTESIAN_POINT('',(10.397685972006,11.624000102376,
    12.404225014686));
#1772 = CARTESIAN_POINT('',(10.415904658523,11.606641658203,
    12.404982598182));
#1773 = CARTESIAN_POINT('',(10.45326326582,11.572960568392,
    12.405016933117));
#1774 = CARTESIAN_POINT('',(10.472406962727,11.556634062386,
    12.404294050044));
#1775 = CARTESIAN_POINT('',(10.491955342277,11.540875865395,
    12.402830699583));
#1776 = CARTESIAN_POINT('',(10.511844506381,11.52572935567,
    12.400638353181));
#1777 = CARTESIAN_POINT('',(10.532009880419,11.51122630825,12.3977383804
    ));
#1778 = CARTESIAN_POINT('',(10.552387445765,11.49738823774,
    12.394160056639));
#1779 = CARTESIAN_POINT('',(10.583433989177,11.477483845986,
    12.387775335081));
#1780 = CARTESIAN_POINT('',(10.593993120774,11.47091745344,
    12.385443018173));
#1781 = CARTESIAN_POINT('',(10.604584523914,11.464529828549,
    12.382946318753));
#1782 = CARTESIAN_POINT('',(10.615200826455,11.458321623635,
    12.380290088943));
#1783 = CARTESIAN_POINT('',(10.625835127301,11.452292878259,
    12.377479334374));
#1784 = CARTESIAN_POINT('',(10.636480996408,11.44644301922,
    12.374519214191));
#1785 = CARTESIAN_POINT('',(10.66745371871,11.429949328006,
    12.365492796507));
#1786 = CARTESIAN_POINT('',(10.687794842495,11.41977510961,
    12.35904619325));
#1787 = CARTESIAN_POINT('',(10.708115851651,11.41023984659,
    12.352111221517));
#1788 = CARTESIAN_POINT('',(10.72838292766,11.401329696407,
    12.344723812134));
#1789 = CARTESIAN_POINT('',(10.748568266048,11.393026878412,
    12.336918705735));
#1790 = CARTESIAN_POINT('',(10.768649914467,11.385311219498,
    12.328728321984));
#1791 = CARTESIAN_POINT('',(10.870024697065,11.349002631313,12.285324237
    ));
#1792 = CARTESIAN_POINT('',(10.949144281029,11.329365988385,
    12.244668917501));
#1793 = CARTESIAN_POINT('',(11.025460871526,11.317495705694,
    12.200018692731));
#1794 = CARTESIAN_POINT('',(11.098679880054,11.312195346595,
    12.152566978675));
#1795 = CARTESIAN_POINT('',(11.168779973969,11.312424047247,
    12.103169490186));
#1796 = CARTESIAN_POINT('',(11.235956592915,11.317447711521,
    12.052278778744));
#1797 = CARTESIAN_POINT('',(11.300581110521,11.326820673275,12.));
#1798 = ORIENTED_EDGE('',*,*,#1799,.T.);
#1799 = EDGE_CURVE('',#1745,#1800,#1802,.T.);
#1800 = VERTEX_POINT('',#1801);
#1801 = CARTESIAN_POINT('',(12.446003541996,10.054700186113,12.));
#1802 = CIRCLE('',#1803,16.);
#1803 = AXIS2_PLACEMENT_3D('',#1804,#1805,#1806);
#1804 = CARTESIAN_POINT('',(0.,0.,12.));
#1805 = DIRECTION('',(0.,0.,-1.));
#1806 = DIRECTION('',(0.,1.,0.));
#1807 = ORIENTED_EDGE('',*,*,#1808,.T.);
#1808 = EDGE_CURVE('',#1800,#1809,#1811,.T.);
#1809 = VERTEX_POINT('',#1810);
#1810 = CARTESIAN_POINT('',(13.408614737924,8.729779539595,12.));
#1811 = B_SPLINE_CURVE_WITH_KNOTS('',7,(#1812,#1813,#1814,#1815,#1816,
    #1817,#1818,#1819,#1820,#1821,#1822,#1823,#1824,#1825,#1826,#1827,
    #1828,#1829,#1830,#1831,#1832,#1833,#1834,#1835,#1836,#1837,#1838,
    #1839,#1840,#1841,#1842,#1843,#1844,#1845,#1846,#1847,#1848,#1849,
    #1850,#1851,#1852,#1853,#1854,#1855,#1856,#1857,#1858,#1859,#1860,
    #1861),.UNSPECIFIED.,.F.,.F.,(8,6,6,6,6,6,6,6,8),(0.,0.30837325176,
    0.383852477633,0.422445969222,0.499702814013,0.576940814235,
    0.616520245526,0.692031198103,1.),.UNSPECIFIED.);
#1812 = CARTESIAN_POINT('',(12.446003541996,10.054700186113,12.));
#1813 = CARTESIAN_POINT('',(12.429905717932,9.991326336259,
    12.052347414703));
#1814 = CARTESIAN_POINT('',(12.417877510561,9.924952868914,
    12.103302298765));
#1815 = CARTESIAN_POINT('',(12.410324432449,9.855161290237,
    12.152760050942));
#1816 = CARTESIAN_POINT('',(12.407959297662,9.781679022496,
    12.200266280219));
#1817 = CARTESIAN_POINT('',(12.411824726808,9.704418601861,
    12.244960628337));
#1818 = CARTESIAN_POINT('',(12.423147268822,9.623550238407,
    12.285642953711));
#1819 = CARTESIAN_POINT('',(12.448774570464,9.518804861444,
    12.329031380666));
#1820 = CARTESIAN_POINT('',(12.454364458631,9.498030214371,
    12.33720631678));
#1821 = CARTESIAN_POINT('',(12.460527551546,9.477091695666,
    12.344995472007));
#1822 = CARTESIAN_POINT('',(12.46728615301,9.456009121095,
    12.352366414871));
#1823 = CARTESIAN_POINT('',(12.474660778582,9.434808382295,
    12.35928440742));
#1824 = CARTESIAN_POINT('',(12.482668630882,9.413521767625,
    12.365713541084));
#1825 = CARTESIAN_POINT('',(12.495746691262,9.381280200035,
    12.374636832561));
#1826 = CARTESIAN_POINT('',(12.500339974304,9.370360019943,
    12.377518592299));
#1827 = CARTESIAN_POINT('',(12.505103575983,9.359433138778,
    12.380258232479));
#1828 = CARTESIAN_POINT('',(12.510038642315,9.348505435019,
    12.38285097156));
#1829 = CARTESIAN_POINT('',(12.515145813363,9.337583269582,
    12.385292165726));
#1830 = CARTESIAN_POINT('',(12.520425223237,9.32667348582,
    12.387577308885));
#1831 = CARTESIAN_POINT('',(12.536788921665,9.293983543809,
    12.393955326401));
#1832 = CARTESIAN_POINT('',(12.548391362628,9.27225970423,
    12.397566506858));
#1833 = CARTESIAN_POINT('',(12.560678133123,9.250674890786,
    12.400500222898));
#1834 = CARTESIAN_POINT('',(12.573634881478,9.229294920281,
    12.402726951383));
#1835 = CARTESIAN_POINT('',(12.587237102052,9.208187340037,
    12.404225014686));
#1836 = CARTESIAN_POINT('',(12.601448643079,9.187420341598,
    12.404982598182));
#1837 = CARTESIAN_POINT('',(12.630988182843,9.1467079732,12.405016933117
    ));
#1838 = CARTESIAN_POINT('',(12.646319072572,9.126758042129,
    12.404294050044));
#1839 = CARTESIAN_POINT('',(12.662163959746,9.107279862905,
    12.402830699583));
#1840 = CARTESIAN_POINT('',(12.678469361449,9.088329151021,
    12.400638353181));
#1841 = CARTESIAN_POINT('',(12.695178720571,9.069950412971,12.3977383804
    ));
#1842 = CARTESIAN_POINT('',(12.712233890585,9.052178003437,
    12.394160056639));
#1843 = CARTESIAN_POINT('',(12.738463636791,9.026253631065,
    12.387775335081));
#1844 = CARTESIAN_POINT('',(12.747426796251,9.017635363047,
    12.385443018173));
#1845 = CARTESIAN_POINT('',(12.756458689929,9.009185246549,
    12.382946318753));
#1846 = CARTESIAN_POINT('',(12.765552242408,9.000905452396,
    12.380290088943));
#1847 = CARTESIAN_POINT('',(12.774700711621,8.992797454102,
    12.377479334374));
#1848 = CARTESIAN_POINT('',(12.783897688862,8.984862027872,
    12.374519214191));
#1849 = CARTESIAN_POINT('',(12.810764351642,8.962289172321,
    12.365492796507));
#1850 = CARTESIAN_POINT('',(12.828545634119,8.948108127568,
    12.35904619325));
#1851 = CARTESIAN_POINT('',(12.846440087813,8.93455625755,
    12.352111221517));
#1852 = CARTESIAN_POINT('',(12.864411755195,8.921627053485,
    12.344723812134));
#1853 = CARTESIAN_POINT('',(12.882429742581,8.909308904151,
    12.336918705735));
#1854 = CARTESIAN_POINT('',(12.90046838311,8.897586641418,
    12.328728321984));
#1855 = CARTESIAN_POINT('',(12.992078903522,8.840994480543,12.285324237)
  );
#1856 = CARTESIAN_POINT('',(13.065386847116,8.805337058898,
    12.244668917501));
#1857 = CARTESIAN_POINT('',(13.13756776646,8.777859058996,
    12.200018692731));
#1858 = CARTESIAN_POINT('',(13.208084757359,8.757451437596,
    12.152566978675));
#1859 = CARTESIAN_POINT('',(13.276700545572,8.743100511538,
    12.103169490187));
#1860 = CARTESIAN_POINT('',(13.343453672753,8.734047592266,
    12.052278778744));
#1861 = CARTESIAN_POINT('',(13.408614737924,8.729779539595,12.));
#1862 = ORIENTED_EDGE('',*,*,#1863,.T.);
#1863 = EDGE_CURVE('',#1809,#1864,#1866,.T.);
#1864 = VERTEX_POINT('',#1865);
#1865 = CARTESIAN_POINT('',(14.264518219689,7.247311222803,12.));
#1866 = CIRCLE('',#1867,16.);
#1867 = AXIS2_PLACEMENT_3D('',#1868,#1869,#1870);
#1868 = CARTESIAN_POINT('',(0.,0.,12.));
#1869 = DIRECTION('',(0.,0.,-1.));
#1870 = DIRECTION('',(0.,1.,0.));
#1871 = ORIENTED_EDGE('',*,*,#1872,.T.);
#1872 = EDGE_CURVE('',#1864,#1873,#1875,.T.);
#1873 = VERTEX_POINT('',#1874);
#1874 = CARTESIAN_POINT('',(14.930627559608,5.751205149904,12.));
#1875 = B_SPLINE_CURVE_WITH_KNOTS('',7,(#1876,#1877,#1878,#1879,#1880,
    #1881,#1882,#1883,#1884,#1885,#1886,#1887,#1888,#1889,#1890,#1891,
    #1892,#1893,#1894,#1895,#1896,#1897,#1898,#1899,#1900,#1901,#1902,
    #1903,#1904,#1905,#1906,#1907,#1908,#1909,#1910,#1911,#1912,#1913,
    #1914,#1915,#1916,#1917,#1918,#1919,#1920,#1921,#1922,#1923,#1924,
    #1925),.UNSPECIFIED.,.F.,.F.,(8,6,6,6,6,6,6,6,8),(0.,0.30837325176,
    0.383852477633,0.422445969222,0.499702814013,0.576940814235,
    0.616520245526,0.692031198103,1.),.UNSPECIFIED.);
#1876 = CARTESIAN_POINT('',(14.264518219689,7.247311222803,12.));
#1877 = CARTESIAN_POINT('',(14.235596007426,7.188669169439,
    12.052347414703));
#1878 = CARTESIAN_POINT('',(14.210030825424,7.126246926537,
    12.103302298765));
#1879 = CARTESIAN_POINT('',(14.188132315063,7.059550834542,
    12.152760050943));
#1880 = CARTESIAN_POINT('',(14.170541041615,6.988166069828,
    12.200266280219));
#1881 = CARTESIAN_POINT('',(14.158258657172,6.911790306842,
    12.244960628337));
#1882 = CARTESIAN_POINT('',(14.152520296298,6.8303350223,12.285642953711
    ));
#1883 = CARTESIAN_POINT('',(14.155809791483,6.72255036752,
    12.329031380666));
#1884 = CARTESIAN_POINT('',(14.156958235183,6.70106749323,12.33720631678
    ));
#1885 = CARTESIAN_POINT('',(14.158633286903,6.679305152327,
    12.344995472007));
#1886 = CARTESIAN_POINT('',(14.160860882983,6.657278090335,
    12.352366414871));
#1887 = CARTESIAN_POINT('',(14.163666473842,6.635007367673,
    12.35928440742));
#1888 = CARTESIAN_POINT('',(14.167073599309,6.612520990494,
    12.365713541084));
#1889 = CARTESIAN_POINT('',(14.17316247386,6.578264896865,
    12.374636832561));
#1890 = CARTESIAN_POINT('',(14.175384949539,6.566628351665,
    12.377518592299));
#1891 = CARTESIAN_POINT('',(14.177772628754,6.55494984059,
    12.380258232479));
#1892 = CARTESIAN_POINT('',(14.180327854682,6.543234875392,
    12.38285097156));
#1893 = CARTESIAN_POINT('',(14.183052575905,6.531489544906,
    12.385292165726));
#1894 = CARTESIAN_POINT('',(14.185948346418,6.519720515062,
    12.387577308885));
#1895 = CARTESIAN_POINT('',(14.195157837658,6.484342722508,
    12.393955326401));
#1896 = CARTESIAN_POINT('',(14.201990097231,6.460681317826,
    12.397566506858));
#1897 = CARTESIAN_POINT('',(14.209520637253,6.437013621115,
    12.400500222898));
#1898 = CARTESIAN_POINT('',(14.217749103752,6.413406994805,
    12.402726951383));
#1899 = CARTESIAN_POINT('',(14.226665570473,6.389932605153,
    12.404225014686));
#1900 = CARTESIAN_POINT('',(14.236248853473,6.366664669931,
    12.404982598182));
#1901 = CARTESIAN_POINT('',(14.256678306069,6.320700348804,
    12.405016933117));
#1902 = CARTESIAN_POINT('',(14.267526355174,6.297998900387,
    12.404294050044));
#1903 = CARTESIAN_POINT('',(14.278975252371,6.275652028829,
    12.402830699583));
#1904 = CARTESIAN_POINT('',(14.290984267375,6.25372535183,
    12.400638353181));
#1905 = CARTESIAN_POINT('',(14.303507332407,6.232274162195,12.3977383804
    ));
#1906 = CARTESIAN_POINT('',(14.316494714321,6.211344153215,
    12.394160056639));
#1907 = CARTESIAN_POINT('',(14.336761297546,6.180532819695,
    12.387775335081));
#1908 = CARTESIAN_POINT('',(14.343736751792,6.170239335872,
    12.385443018173));
#1909 = CARTESIAN_POINT('',(14.350814398915,6.160096038409,
    12.382946318753));
#1910 = CARTESIAN_POINT('',(14.357987769452,6.150106521752,
    12.380290088943));
#1911 = CARTESIAN_POINT('',(14.365250575029,6.140273628971,
    12.377479334374));
#1912 = CARTESIAN_POINT('',(14.372596708366,6.130599451755,
    12.374519214191));
#1913 = CARTESIAN_POINT('',(14.39418310954,6.10293397397,12.365492796507
    ));
#1914 = CARTESIAN_POINT('',(14.408627423341,6.085365882565,
    12.35904619325));
#1915 = CARTESIAN_POINT('',(14.423313248078,6.068389687297,
    12.352111221517));
#1916 = CARTESIAN_POINT('',(14.438204058731,6.05200649761,
    12.344723812134));
#1917 = CARTESIAN_POINT('',(14.453267222607,6.03621137917,
    12.336918705735));
#1918 = CARTESIAN_POINT('',(14.468474480096,6.02099483175,
    12.328728321984));
#1919 = CARTESIAN_POINT('',(14.546316918985,5.946592447175,12.285324237)
  );
#1920 = CARTESIAN_POINT('',(14.610609313301,5.896472647241,
    12.244668917501));
#1921 = CARTESIAN_POINT('',(14.675499908957,5.854587850578,
    12.200018692731));
#1922 = CARTESIAN_POINT('',(14.740232951345,5.819964877861,
    12.152566978675));
#1923 = CARTESIAN_POINT('',(14.804365594656,5.791661529425,
    12.103169490187));
#1924 = CARTESIAN_POINT('',(14.867777798097,5.76892768262,
    12.052278778744));
#1925 = CARTESIAN_POINT('',(14.930627559608,5.751205149904,12.));
#1926 = ORIENTED_EDGE('',*,*,#1927,.T.);
#1927 = EDGE_CURVE('',#1873,#1928,#1930,.T.);
#1928 = VERTEX_POINT('',#1929);
#1929 = CARTESIAN_POINT('',(15.459605002428,4.1231799826,12.));
#1930 = CIRCLE('',#1931,16.);
#1931 = AXIS2_PLACEMENT_3D('',#1932,#1933,#1934);
#1932 = CARTESIAN_POINT('',(0.,0.,12.));
#1933 = DIRECTION('',(0.,0.,-1.));
#1934 = DIRECTION('',(0.,1.,0.));
#1935 = ORIENTED_EDGE('',*,*,#1936,.T.);
#1936 = EDGE_CURVE('',#1928,#1937,#1939,.T.);
#1937 = VERTEX_POINT('',#1938);
#1938 = CARTESIAN_POINT('',(15.800100311837,2.521275497818,12.));
#1939 = B_SPLINE_CURVE_WITH_KNOTS('',7,(#1940,#1941,#1942,#1943,#1944,
    #1945,#1946,#1947,#1948,#1949,#1950,#1951,#1952,#1953,#1954,#1955,
    #1956,#1957,#1958,#1959,#1960,#1961,#1962,#1963,#1964,#1965,#1966,
    #1967,#1968,#1969,#1970,#1971,#1972,#1973,#1974,#1975,#1976,#1977,
    #1978,#1979,#1980,#1981,#1982,#1983,#1984,#1985,#1986,#1987,#1988,
    #1989),.UNSPECIFIED.,.F.,.F.,(8,6,6,6,6,6,6,6,8),(0.,0.30837325176,
    0.383852477633,0.422445969222,0.499702814013,0.576940814235,
    0.616520245526,0.692031198103,1.),.UNSPECIFIED.);
#1940 = CARTESIAN_POINT('',(15.459605002428,4.1231799826,12.));
#1941 = CARTESIAN_POINT('',(15.419122441427,4.071832664854,
    12.052347414703));
#1942 = CARTESIAN_POINT('',(15.381137605923,4.016089797942,
    12.103302298765));
#1943 = CARTESIAN_POINT('',(15.345850733296,3.955404131894,
    12.152760050943));
#1944 = CARTESIAN_POINT('',(15.313802144249,3.889236726968,
    12.200266280219));
#1945 = CARTESIAN_POINT('',(15.285908745354,3.817083608965,
    12.244960628337));
#1946 = CARTESIAN_POINT('',(15.263360275498,3.738601390135,
    12.285642953711));
#1947 = CARTESIAN_POINT('',(15.244168197502,3.63248816416,
    12.329031380666));
#1948 = CARTESIAN_POINT('',(15.240825004234,3.611235967345,
    12.33720631678));
#1949 = CARTESIAN_POINT('',(15.237938806962,3.589600922969,
    12.344995472007));
#1950 = CARTESIAN_POINT('',(15.235538041021,3.567592061863,
    12.352366414871));
#1951 = CARTESIAN_POINT('',(15.233651979384,3.545224692785,
    12.35928440742));
#1952 = CARTESIAN_POINT('',(15.232309470285,3.522521315681,
    12.365713541084));
#1953 = CARTESIAN_POINT('',(15.231143045971,3.487747851684,
    12.374636832561));
#1954 = CARTESIAN_POINT('',(15.230897581436,3.47590351424,
    12.377518592299));
#1955 = CARTESIAN_POINT('',(15.230804985148,3.46398378023,
    12.380258232479));
#1956 = CARTESIAN_POINT('',(15.230868695036,3.451993553785,
    12.38285097156));
#1957 = CARTESIAN_POINT('',(15.231091883043,3.439938385554,
    12.385292165726));
#1958 = CARTESIAN_POINT('',(15.231477455128,3.427824472705,
    12.387577308885));
#1959 = CARTESIAN_POINT('',(15.233130240221,3.391305008904,
    12.393955326401));
#1960 = CARTESIAN_POINT('',(15.234893715876,3.366740156045,
    12.397566506858));
#1961 = CARTESIAN_POINT('',(15.237338904689,3.342023967984,
    12.400500222898));
#1962 = CARTESIAN_POINT('',(15.240479465862,3.317222408714,
    12.402726951383));
#1963 = CARTESIAN_POINT('',(15.24432048635,3.292407153125,
    12.404225014686));
#1964 = CARTESIAN_POINT('',(15.248856675869,3.267655201542,
    12.404982598182));
#1965 = CARTESIAN_POINT('',(15.259283176187,3.218447789081,
    12.405016933117));
#1966 = CARTESIAN_POINT('',(15.265174272868,3.193986985546,
    12.404294050044));
#1967 = CARTESIAN_POINT('',(15.271726808342,3.169748087174,
    12.402830699583));
#1968 = CARTESIAN_POINT('',(15.278914585066,3.145803746061,
    12.400638353181));
#1969 = CARTESIAN_POINT('',(15.286704037974,3.122217624761,12.3977383804
    ));
#1970 = CARTESIAN_POINT('',(15.295056020877,3.099044758161,
    12.394160056639));
#1971 = CARTESIAN_POINT('',(15.308473694186,3.064693066618,
    12.387775335081));
#1972 = CARTESIAN_POINT('',(15.313156582394,3.053174241627,
    12.385443018173));
#1973 = CARTESIAN_POINT('',(15.31797065582,3.041781073969,
    12.382946318753));
#1974 = CARTESIAN_POINT('',(15.322910333701,3.030518424622,
    12.380290088943));
#1975 = CARTESIAN_POINT('',(15.327970056187,3.019390381952,
    12.377479334374));
#1976 = CARTESIAN_POINT('',(15.333144284343,3.008400261716,
    12.374519214191));
#1977 = CARTESIAN_POINT('',(15.348506994597,2.976851275831,
    12.365492796507));
#1978 = CARTESIAN_POINT('',(15.358983053897,2.956663947669,
    12.35904619325));
#1979 = CARTESIAN_POINT('',(15.369818408667,2.937005368345,
    12.352111221517));
#1980 = CARTESIAN_POINT('',(15.380977562711,2.91788421704,
    12.344723812134));
#1981 = CARTESIAN_POINT('',(15.392427570535,2.899302451964,
    12.336918705735));
#1982 = CARTESIAN_POINT('',(15.404138814859,2.881256655997,
    12.328728321984));
#1983 = CARTESIAN_POINT('',(15.464811084115,2.792295788949,12.285324237)
  );
#1984 = CARTESIAN_POINT('',(15.517278043013,2.729904086485,
    12.244668917501));
#1985 = CARTESIAN_POINT('',(15.57204228457,2.675443059661,
    12.200018692732));
#1986 = CARTESIAN_POINT('',(15.628162233872,2.628117925673,
    12.152566978674));
#1987 = CARTESIAN_POINT('',(15.685008828026,2.587099147,12.103169490187)
  );
#1988 = CARTESIAN_POINT('',(15.742308690151,2.551677950856,
    12.052278778744));
#1989 = CARTESIAN_POINT('',(15.800100311837,2.521275497818,12.));
#1990 = ORIENTED_EDGE('',*,*,#1991,.T.);
#1991 = EDGE_CURVE('',#1937,#64,#1992,.T.);
#1992 = CIRCLE('',#1993,16.);
#1993 = AXIS2_PLACEMENT_3D('',#1994,#1995,#1996);
#1994 = CARTESIAN_POINT('',(0.,0.,12.));
#1995 = DIRECTION('',(0.,0.,-1.));
#1996 = DIRECTION('',(0.,1.,0.));
#1997 = CONICAL_SURFACE('',#1998,16.,0.785398163397);
#1998 = AXIS2_PLACEMENT_3D('',#1999,#2000,#2001);
#1999 = CARTESIAN_POINT('',(0.,0.,12.));
#2000 = DIRECTION('',(-0.,-0.,-1.));
#2001 = DIRECTION('',(0.,1.,0.));
#2002 = ADVANCED_FACE('',(#2003),#2022,.F.);
#2003 = FACE_BOUND('',#2004,.F.);
#2004 = EDGE_LOOP('',(#2005,#2014,#2020,#2021));
#2005 = ORIENTED_EDGE('',*,*,#2006,.T.);
#2006 = EDGE_CURVE('',#41,#2007,#2009,.T.);
#2007 = VERTEX_POINT('',#2008);
#2008 = CARTESIAN_POINT('',(2.484624017611,15.805905336016,-4.5));
#2009 = CIRCLE('',#2010,1.065);
#2010 = AXIS2_PLACEMENT_3D('',#2011,#2012,#2013);
#2011 = CARTESIAN_POINT('',(1.741444198039,16.568734776835,-4.5));
#2012 = DIRECTION('',(0.,-0.,1.));
#2013 = DIRECTION('',(0.104528463268,0.994521895368,0.));
#2014 = ORIENTED_EDGE('',*,*,#2015,.T.);
#2015 = EDGE_CURVE('',#2007,#1553,#2016,.T.);
#2016 = LINE('',#2017,#2018);
#2017 = CARTESIAN_POINT('',(2.484624017611,15.805905336016,-4.5));
#2018 = VECTOR('',#2019,1.);
#2019 = DIRECTION('',(0.,0.,1.));
#2020 = ORIENTED_EDGE('',*,*,#1552,.F.);
#2021 = ORIENTED_EDGE('',*,*,#49,.F.);
#2022 = CYLINDRICAL_SURFACE('',#2023,1.065);
#2023 = AXIS2_PLACEMENT_3D('',#2024,#2025,#2026);
#2024 = CARTESIAN_POINT('',(1.741444198039,16.568734776835,12.5));
#2025 = DIRECTION('',(0.,0.,1.));
#2026 = DIRECTION('',(0.104528463268,0.994521895368,0.));
#2027 = ADVANCED_FACE('',(#2028,#2561),#2572,.T.);
#2028 = FACE_BOUND('',#2029,.F.);
#2029 = EDGE_LOOP('',(#2030,#2031,#2040,#2049,#2058,#2067,#2076,#2085,
    #2094,#2103,#2112,#2121,#2130,#2139,#2148,#2157,#2166,#2175,#2184,
    #2193,#2202,#2211,#2220,#2229,#2238,#2247,#2256,#2265,#2274,#2283,
    #2292,#2301,#2310,#2319,#2328,#2337,#2346,#2355,#2364,#2373,#2382,
    #2391,#2400,#2409,#2418,#2427,#2436,#2445,#2454,#2463,#2472,#2481,
    #2490,#2499,#2508,#2517,#2526,#2535,#2544,#2553,#2560));
#2030 = ORIENTED_EDGE('',*,*,#40,.F.);
#2031 = ORIENTED_EDGE('',*,*,#2032,.F.);
#2032 = EDGE_CURVE('',#2033,#33,#2035,.T.);
#2033 = VERTEX_POINT('',#2034);
#2034 = CARTESIAN_POINT('',(-0.855903481764,15.977090762398,-4.5));
#2035 = CIRCLE('',#2036,16.);
#2036 = AXIS2_PLACEMENT_3D('',#2037,#2038,#2039);
#2037 = CARTESIAN_POINT('',(0.,0.,-4.5));
#2038 = DIRECTION('',(0.,0.,-1.));
#2039 = DIRECTION('',(0.,1.,0.));
#2040 = ORIENTED_EDGE('',*,*,#2041,.F.);
#2041 = EDGE_CURVE('',#2042,#2033,#2044,.T.);
#2042 = VERTEX_POINT('',#2043);
#2043 = CARTESIAN_POINT('',(-2.484624017611,15.805905336016,-4.5));
#2044 = CIRCLE('',#2045,1.065);
#2045 = AXIS2_PLACEMENT_3D('',#2046,#2047,#2048);
#2046 = CARTESIAN_POINT('',(-1.741444198039,16.568734776835,-4.5));
#2047 = DIRECTION('',(0.,0.,1.));
#2048 = DIRECTION('',(-0.104528463268,0.994521895368,0.));
#2049 = ORIENTED_EDGE('',*,*,#2050,.F.);
#2050 = EDGE_CURVE('',#2051,#2042,#2053,.T.);
#2051 = VERTEX_POINT('',#2052);
#2052 = CARTESIAN_POINT('',(-4.159023891907,15.450000655875,-4.5));
#2053 = CIRCLE('',#2054,16.);
#2054 = AXIS2_PLACEMENT_3D('',#2055,#2056,#2057);
#2055 = CARTESIAN_POINT('',(0.,0.,-4.5));
#2056 = DIRECTION('',(0.,0.,-1.));
#2057 = DIRECTION('',(0.,1.,0.));
#2058 = ORIENTED_EDGE('',*,*,#2059,.F.);
#2059 = EDGE_CURVE('',#2060,#2051,#2062,.T.);
#2060 = VERTEX_POINT('',#2061);
#2061 = CARTESIAN_POINT('',(-5.716561524869,14.943926001302,-4.5));
#2062 = CIRCLE('',#2063,1.065);
#2063 = AXIS2_PLACEMENT_3D('',#2064,#2065,#2066);
#2064 = CARTESIAN_POINT('',(-5.148223126287,15.844601561477,-4.5));
#2065 = DIRECTION('',(0.,0.,1.));
#2066 = DIRECTION('',(-0.309016994375,0.951056516295,0.));
#2067 = ORIENTED_EDGE('',*,*,#2068,.F.);
#2068 = EDGE_CURVE('',#2069,#2060,#2071,.T.);
#2069 = VERTEX_POINT('',#2070);
#2070 = CARTESIAN_POINT('',(-7.280375000761,14.247671383363,-4.5));
#2071 = CIRCLE('',#2072,16.);
#2072 = AXIS2_PLACEMENT_3D('',#2073,#2074,#2075);
#2073 = CARTESIAN_POINT('',(0.,0.,-4.5));
#2074 = DIRECTION('',(0.,0.,-1.));
#2075 = DIRECTION('',(0.,1.,0.));
#2076 = ORIENTED_EDGE('',*,*,#2077,.F.);
#2077 = EDGE_CURVE('',#2078,#2069,#2080,.T.);
#2078 = VERTEX_POINT('',#2079);
#2079 = CARTESIAN_POINT('',(-8.698657862384,13.428825391418,-4.5));
#2080 = CIRCLE('',#2081,1.065);
#2081 = AXIS2_PLACEMENT_3D('',#2082,#2083,#2084);
#2082 = CARTESIAN_POINT('',(-8.33,14.427983227049,-4.5));
#2083 = DIRECTION('',(0.,0.,1.));
#2084 = DIRECTION('',(-0.5,0.866025403784,0.));
#2085 = ORIENTED_EDGE('',*,*,#2086,.F.);
#2086 = EDGE_CURVE('',#2087,#2078,#2089,.T.);
#2087 = VERTEX_POINT('',#2088);
#2088 = CARTESIAN_POINT('',(-10.08353878696,12.422650503484,-4.5));
#2089 = CIRCLE('',#2090,16.);
#2090 = AXIS2_PLACEMENT_3D('',#2091,#2092,#2093);
#2091 = CARTESIAN_POINT('',(0.,0.,-4.5));
#2092 = DIRECTION('',(0.,0.,-1.));
#2093 = DIRECTION('',(0.,1.,0.));
#2094 = ORIENTED_EDGE('',*,*,#2095,.F.);
#2095 = EDGE_CURVE('',#2096,#2087,#2098,.T.);
#2096 = VERTEX_POINT('',#2097);
#2097 = CARTESIAN_POINT('',(-11.30058111052,11.326820673275,-4.5));
#2098 = CIRCLE('',#2099,1.065);
#2099 = AXIS2_PLACEMENT_3D('',#2100,#2101,#2102);
#2100 = CARTESIAN_POINT('',(-11.14771590193,12.380792792453,-4.5));
#2101 = DIRECTION('',(0.,0.,1.));
#2102 = DIRECTION('',(-0.669130606359,0.743144825477,0.));
#2103 = ORIENTED_EDGE('',*,*,#2104,.F.);
#2104 = EDGE_CURVE('',#2105,#2096,#2107,.T.);
#2105 = VERTEX_POINT('',#2106);
#2106 = CARTESIAN_POINT('',(-12.44600354199,10.054700186113,-4.5));
#2107 = CIRCLE('',#2108,16.);
#2108 = AXIS2_PLACEMENT_3D('',#2109,#2110,#2111);
#2109 = CARTESIAN_POINT('',(0.,0.,-4.5));
#2110 = DIRECTION('',(0.,0.,-1.));
#2111 = DIRECTION('',(0.,1.,0.));
#2112 = ORIENTED_EDGE('',*,*,#2113,.F.);
#2113 = EDGE_CURVE('',#2114,#2105,#2116,.T.);
#2114 = VERTEX_POINT('',#2115);
#2115 = CARTESIAN_POINT('',(-13.40861473792,8.729779539594,-4.5));
#2116 = CIRCLE('',#2117,1.065);
#2117 = AXIS2_PLACEMENT_3D('',#2118,#2119,#2120);
#2118 = CARTESIAN_POINT('',(-13.47822312628,9.792502303193,-4.5));
#2119 = DIRECTION('',(0.,0.,1.));
#2120 = DIRECTION('',(-0.809016994375,0.587785252292,0.));
#2121 = ORIENTED_EDGE('',*,*,#2122,.F.);
#2122 = EDGE_CURVE('',#2123,#2114,#2125,.T.);
#2123 = VERTEX_POINT('',#2124);
#2124 = CARTESIAN_POINT('',(-14.26451821968,7.247311222803,-4.5));
#2125 = CIRCLE('',#2126,16.);
#2126 = AXIS2_PLACEMENT_3D('',#2127,#2128,#2129);
#2127 = CARTESIAN_POINT('',(0.,0.,-4.5));
#2128 = DIRECTION('',(0.,0.,-1.));
#2129 = DIRECTION('',(0.,1.,0.));
#2130 = ORIENTED_EDGE('',*,*,#2131,.F.);
#2131 = EDGE_CURVE('',#2132,#2123,#2134,.T.);
#2132 = VERTEX_POINT('',#2133);
#2133 = CARTESIAN_POINT('',(-14.9306275596,5.751205149904,-4.5));
#2134 = CIRCLE('',#2135,1.065);
#2135 = AXIS2_PLACEMENT_3D('',#2136,#2137,#2138);
#2136 = CARTESIAN_POINT('',(-15.21966732432,6.776232473643,-4.5));
#2137 = DIRECTION('',(0.,0.,1.));
#2138 = DIRECTION('',(-0.913545457643,0.406736643076,0.));
#2139 = ORIENTED_EDGE('',*,*,#2140,.F.);
#2140 = EDGE_CURVE('',#2141,#2132,#2143,.T.);
#2141 = VERTEX_POINT('',#2142);
#2142 = CARTESIAN_POINT('',(-15.45960500242,4.1231799826,-4.5));
#2143 = CIRCLE('',#2144,16.);
#2144 = AXIS2_PLACEMENT_3D('',#2145,#2146,#2147);
#2145 = CARTESIAN_POINT('',(0.,0.,-4.5));
#2146 = DIRECTION('',(0.,0.,-1.));
#2147 = DIRECTION('',(0.,1.,0.));
#2148 = ORIENTED_EDGE('',*,*,#2149,.F.);
#2149 = EDGE_CURVE('',#2150,#2141,#2152,.T.);
#2150 = VERTEX_POINT('',#2151);
#2151 = CARTESIAN_POINT('',(-15.80010031183,2.521275497818,-4.5));
#2152 = CIRCLE('',#2153,1.065);
#2153 = AXIS2_PLACEMENT_3D('',#2154,#2155,#2156);
#2154 = CARTESIAN_POINT('',(-16.29593902822,3.463808769024,-4.5));
#2155 = DIRECTION('',(0.,0.,1.));
#2156 = DIRECTION('',(-0.978147600734,0.207911690818,0.));
#2157 = ORIENTED_EDGE('',*,*,#2158,.F.);
#2158 = EDGE_CURVE('',#2159,#2150,#2161,.T.);
#2159 = VERTEX_POINT('',#2160);
#2160 = CARTESIAN_POINT('',(-15.97903286314,0.818845991945,-4.5));
#2161 = CIRCLE('',#2162,16.);
#2162 = AXIS2_PLACEMENT_3D('',#2163,#2164,#2165);
#2163 = CARTESIAN_POINT('',(0.,0.,-4.5));
#2164 = DIRECTION('',(0.,0.,-1.));
#2165 = DIRECTION('',(0.,1.,0.));
#2166 = ORIENTED_EDGE('',*,*,#2167,.F.);
#2167 = EDGE_CURVE('',#2168,#2159,#2170,.T.);
#2168 = VERTEX_POINT('',#2169);
#2169 = CARTESIAN_POINT('',(-15.97903286314,-0.818845991945,-4.5));
#2170 = CIRCLE('',#2171,1.065);
#2171 = AXIS2_PLACEMENT_3D('',#2172,#2173,#2174);
#2172 = CARTESIAN_POINT('',(-16.66,-5.358264668723E-15,-4.5));
#2173 = DIRECTION('',(0.,0.,1.));
#2174 = DIRECTION('',(-1.,-3.216245299353E-16,0.));
#2175 = ORIENTED_EDGE('',*,*,#2176,.F.);
#2176 = EDGE_CURVE('',#2177,#2168,#2179,.T.);
#2177 = VERTEX_POINT('',#2178);
#2178 = CARTESIAN_POINT('',(-15.80010031183,-2.521275497818,-4.5));
#2179 = CIRCLE('',#2180,16.);
#2180 = AXIS2_PLACEMENT_3D('',#2181,#2182,#2183);
#2181 = CARTESIAN_POINT('',(0.,0.,-4.5));
#2182 = DIRECTION('',(0.,0.,-1.));
#2183 = DIRECTION('',(0.,1.,0.));
#2184 = ORIENTED_EDGE('',*,*,#2185,.F.);
#2185 = EDGE_CURVE('',#2186,#2177,#2188,.T.);
#2186 = VERTEX_POINT('',#2187);
#2187 = CARTESIAN_POINT('',(-15.45960500242,-4.1231799826,-4.5));
#2188 = CIRCLE('',#2189,1.065);
#2189 = AXIS2_PLACEMENT_3D('',#2190,#2191,#2192);
#2190 = CARTESIAN_POINT('',(-16.29593902822,-3.463808769024,-4.5));
#2191 = DIRECTION('',(0.,0.,1.));
#2192 = DIRECTION('',(-0.978147600734,-0.207911690818,0.));
#2193 = ORIENTED_EDGE('',*,*,#2194,.F.);
#2194 = EDGE_CURVE('',#2195,#2186,#2197,.T.);
#2195 = VERTEX_POINT('',#2196);
#2196 = CARTESIAN_POINT('',(-14.9306275596,-5.751205149904,-4.5));
#2197 = CIRCLE('',#2198,16.);
#2198 = AXIS2_PLACEMENT_3D('',#2199,#2200,#2201);
#2199 = CARTESIAN_POINT('',(0.,0.,-4.5));
#2200 = DIRECTION('',(0.,0.,-1.));
#2201 = DIRECTION('',(0.,1.,0.));
#2202 = ORIENTED_EDGE('',*,*,#2203,.F.);
#2203 = EDGE_CURVE('',#2204,#2195,#2206,.T.);
#2204 = VERTEX_POINT('',#2205);
#2205 = CARTESIAN_POINT('',(-14.26451821968,-7.247311222803,-4.5));
#2206 = CIRCLE('',#2207,1.065);
#2207 = AXIS2_PLACEMENT_3D('',#2208,#2209,#2210);
#2208 = CARTESIAN_POINT('',(-15.21966732432,-6.776232473643,-4.5));
#2209 = DIRECTION('',(0.,0.,1.));
#2210 = DIRECTION('',(-0.913545457643,-0.406736643076,0.));
#2211 = ORIENTED_EDGE('',*,*,#2212,.F.);
#2212 = EDGE_CURVE('',#2213,#2204,#2215,.T.);
#2213 = VERTEX_POINT('',#2214);
#2214 = CARTESIAN_POINT('',(-13.40861473792,-8.729779539595,-4.5));
#2215 = CIRCLE('',#2216,16.);
#2216 = AXIS2_PLACEMENT_3D('',#2217,#2218,#2219);
#2217 = CARTESIAN_POINT('',(0.,0.,-4.5));
#2218 = DIRECTION('',(0.,0.,-1.));
#2219 = DIRECTION('',(0.,1.,0.));
#2220 = ORIENTED_EDGE('',*,*,#2221,.F.);
#2221 = EDGE_CURVE('',#2222,#2213,#2224,.T.);
#2222 = VERTEX_POINT('',#2223);
#2223 = CARTESIAN_POINT('',(-12.44600354199,-10.05470018611,-4.5));
#2224 = CIRCLE('',#2225,1.065);
#2225 = AXIS2_PLACEMENT_3D('',#2226,#2227,#2228);
#2226 = CARTESIAN_POINT('',(-13.47822312628,-9.792502303193,-4.5));
#2227 = DIRECTION('',(0.,0.,1.));
#2228 = DIRECTION('',(-0.809016994375,-0.587785252292,0.));
#2229 = ORIENTED_EDGE('',*,*,#2230,.F.);
#2230 = EDGE_CURVE('',#2231,#2222,#2233,.T.);
#2231 = VERTEX_POINT('',#2232);
#2232 = CARTESIAN_POINT('',(-11.30058111052,-11.32682067327,-4.5));
#2233 = CIRCLE('',#2234,16.);
#2234 = AXIS2_PLACEMENT_3D('',#2235,#2236,#2237);
#2235 = CARTESIAN_POINT('',(0.,0.,-4.5));
#2236 = DIRECTION('',(0.,0.,-1.));
#2237 = DIRECTION('',(0.,1.,0.));
#2238 = ORIENTED_EDGE('',*,*,#2239,.F.);
#2239 = EDGE_CURVE('',#2240,#2231,#2242,.T.);
#2240 = VERTEX_POINT('',#2241);
#2241 = CARTESIAN_POINT('',(-10.08353878696,-12.42265050348,-4.5));
#2242 = CIRCLE('',#2243,1.065);
#2243 = AXIS2_PLACEMENT_3D('',#2244,#2245,#2246);
#2244 = CARTESIAN_POINT('',(-11.14771590193,-12.38079279245,-4.5));
#2245 = DIRECTION('',(0.,0.,1.));
#2246 = DIRECTION('',(-0.669130606359,-0.743144825477,0.));
#2247 = ORIENTED_EDGE('',*,*,#2248,.F.);
#2248 = EDGE_CURVE('',#2249,#2240,#2251,.T.);
#2249 = VERTEX_POINT('',#2250);
#2250 = CARTESIAN_POINT('',(-8.698657862384,-13.42882539141,-4.5));
#2251 = CIRCLE('',#2252,16.);
#2252 = AXIS2_PLACEMENT_3D('',#2253,#2254,#2255);
#2253 = CARTESIAN_POINT('',(0.,0.,-4.5));
#2254 = DIRECTION('',(0.,0.,-1.));
#2255 = DIRECTION('',(0.,1.,0.));
#2256 = ORIENTED_EDGE('',*,*,#2257,.F.);
#2257 = EDGE_CURVE('',#2258,#2249,#2260,.T.);
#2258 = VERTEX_POINT('',#2259);
#2259 = CARTESIAN_POINT('',(-7.280375000761,-14.24767138336,-4.5));
#2260 = CIRCLE('',#2261,1.065);
#2261 = AXIS2_PLACEMENT_3D('',#2262,#2263,#2264);
#2262 = CARTESIAN_POINT('',(-8.33,-14.42798322704,-4.5));
#2263 = DIRECTION('',(0.,0.,1.));
#2264 = DIRECTION('',(-0.5,-0.866025403784,0.));
#2265 = ORIENTED_EDGE('',*,*,#2266,.F.);
#2266 = EDGE_CURVE('',#2267,#2258,#2269,.T.);
#2267 = VERTEX_POINT('',#2268);
#2268 = CARTESIAN_POINT('',(-5.716561524869,-14.9439260013,-4.5));
#2269 = CIRCLE('',#2270,16.);
#2270 = AXIS2_PLACEMENT_3D('',#2271,#2272,#2273);
#2271 = CARTESIAN_POINT('',(0.,0.,-4.5));
#2272 = DIRECTION('',(0.,0.,-1.));
#2273 = DIRECTION('',(0.,1.,0.));
#2274 = ORIENTED_EDGE('',*,*,#2275,.F.);
#2275 = EDGE_CURVE('',#2276,#2267,#2278,.T.);
#2276 = VERTEX_POINT('',#2277);
#2277 = CARTESIAN_POINT('',(-4.159023891907,-15.45000065587,-4.5));
#2278 = CIRCLE('',#2279,1.065);
#2279 = AXIS2_PLACEMENT_3D('',#2280,#2281,#2282);
#2280 = CARTESIAN_POINT('',(-5.148223126287,-15.84460156147,-4.5));
#2281 = DIRECTION('',(0.,0.,1.));
#2282 = DIRECTION('',(-0.309016994375,-0.951056516295,0.));
#2283 = ORIENTED_EDGE('',*,*,#2284,.F.);
#2284 = EDGE_CURVE('',#2285,#2276,#2287,.T.);
#2285 = VERTEX_POINT('',#2286);
#2286 = CARTESIAN_POINT('',(-2.484624017611,-15.80590533601,-4.5));
#2287 = CIRCLE('',#2288,16.);
#2288 = AXIS2_PLACEMENT_3D('',#2289,#2290,#2291);
#2289 = CARTESIAN_POINT('',(0.,0.,-4.5));
#2290 = DIRECTION('',(0.,0.,-1.));
#2291 = DIRECTION('',(0.,1.,0.));
#2292 = ORIENTED_EDGE('',*,*,#2293,.F.);
#2293 = EDGE_CURVE('',#2294,#2285,#2296,.T.);
#2294 = VERTEX_POINT('',#2295);
#2295 = CARTESIAN_POINT('',(-0.855903481764,-15.97709076239,-4.5));
#2296 = CIRCLE('',#2297,1.065);
#2297 = AXIS2_PLACEMENT_3D('',#2298,#2299,#2300);
#2298 = CARTESIAN_POINT('',(-1.741444198039,-16.56873477683,-4.5));
#2299 = DIRECTION('',(0.,0.,1.));
#2300 = DIRECTION('',(-0.104528463268,-0.994521895368,0.));
#2301 = ORIENTED_EDGE('',*,*,#2302,.F.);
#2302 = EDGE_CURVE('',#2303,#2294,#2305,.T.);
#2303 = VERTEX_POINT('',#2304);
#2304 = CARTESIAN_POINT('',(0.855903481764,-15.97709076239,-4.5));
#2305 = CIRCLE('',#2306,16.);
#2306 = AXIS2_PLACEMENT_3D('',#2307,#2308,#2309);
#2307 = CARTESIAN_POINT('',(0.,0.,-4.5));
#2308 = DIRECTION('',(0.,0.,-1.));
#2309 = DIRECTION('',(0.,1.,0.));
#2310 = ORIENTED_EDGE('',*,*,#2311,.F.);
#2311 = EDGE_CURVE('',#2312,#2303,#2314,.T.);
#2312 = VERTEX_POINT('',#2313);
#2313 = CARTESIAN_POINT('',(2.484624017611,-15.80590533601,-4.5));
#2314 = CIRCLE('',#2315,1.065);
#2315 = AXIS2_PLACEMENT_3D('',#2316,#2317,#2318);
#2316 = CARTESIAN_POINT('',(1.741444198039,-16.56873477683,-4.5));
#2317 = DIRECTION('',(-0.,0.,1.));
#2318 = DIRECTION('',(0.104528463268,-0.994521895368,0.));
#2319 = ORIENTED_EDGE('',*,*,#2320,.F.);
#2320 = EDGE_CURVE('',#2321,#2312,#2323,.T.);
#2321 = VERTEX_POINT('',#2322);
#2322 = CARTESIAN_POINT('',(4.159023891906,-15.45000065587,-4.5));
#2323 = CIRCLE('',#2324,16.);
#2324 = AXIS2_PLACEMENT_3D('',#2325,#2326,#2327);
#2325 = CARTESIAN_POINT('',(0.,0.,-4.5));
#2326 = DIRECTION('',(0.,0.,-1.));
#2327 = DIRECTION('',(0.,1.,0.));
#2328 = ORIENTED_EDGE('',*,*,#2329,.F.);
#2329 = EDGE_CURVE('',#2330,#2321,#2332,.T.);
#2330 = VERTEX_POINT('',#2331);
#2331 = CARTESIAN_POINT('',(5.716561524869,-14.9439260013,-4.5));
#2332 = CIRCLE('',#2333,1.065);
#2333 = AXIS2_PLACEMENT_3D('',#2334,#2335,#2336);
#2334 = CARTESIAN_POINT('',(5.148223126287,-15.84460156147,-4.5));
#2335 = DIRECTION('',(-0.,0.,1.));
#2336 = DIRECTION('',(0.309016994375,-0.951056516295,0.));
#2337 = ORIENTED_EDGE('',*,*,#2338,.F.);
#2338 = EDGE_CURVE('',#2339,#2330,#2341,.T.);
#2339 = VERTEX_POINT('',#2340);
#2340 = CARTESIAN_POINT('',(7.280375000761,-14.24767138336,-4.5));
#2341 = CIRCLE('',#2342,16.);
#2342 = AXIS2_PLACEMENT_3D('',#2343,#2344,#2345);
#2343 = CARTESIAN_POINT('',(0.,0.,-4.5));
#2344 = DIRECTION('',(0.,0.,-1.));
#2345 = DIRECTION('',(0.,1.,0.));
#2346 = ORIENTED_EDGE('',*,*,#2347,.F.);
#2347 = EDGE_CURVE('',#2348,#2339,#2350,.T.);
#2348 = VERTEX_POINT('',#2349);
#2349 = CARTESIAN_POINT('',(8.698657862384,-13.42882539141,-4.5));
#2350 = CIRCLE('',#2351,1.065);
#2351 = AXIS2_PLACEMENT_3D('',#2352,#2353,#2354);
#2352 = CARTESIAN_POINT('',(8.33,-14.42798322704,-4.5));
#2353 = DIRECTION('',(-0.,0.,1.));
#2354 = DIRECTION('',(0.5,-0.866025403784,0.));
#2355 = ORIENTED_EDGE('',*,*,#2356,.F.);
#2356 = EDGE_CURVE('',#2357,#2348,#2359,.T.);
#2357 = VERTEX_POINT('',#2358);
#2358 = CARTESIAN_POINT('',(10.083538786968,-12.42265050348,-4.5));
#2359 = CIRCLE('',#2360,16.);
#2360 = AXIS2_PLACEMENT_3D('',#2361,#2362,#2363);
#2361 = CARTESIAN_POINT('',(0.,0.,-4.5));
#2362 = DIRECTION('',(0.,0.,-1.));
#2363 = DIRECTION('',(0.,1.,0.));
#2364 = ORIENTED_EDGE('',*,*,#2365,.F.);
#2365 = EDGE_CURVE('',#2366,#2357,#2368,.T.);
#2366 = VERTEX_POINT('',#2367);
#2367 = CARTESIAN_POINT('',(11.300581110521,-11.32682067327,-4.5));
#2368 = CIRCLE('',#2369,1.065);
#2369 = AXIS2_PLACEMENT_3D('',#2370,#2371,#2372);
#2370 = CARTESIAN_POINT('',(11.147715901939,-12.38079279245,-4.5));
#2371 = DIRECTION('',(-0.,0.,1.));
#2372 = DIRECTION('',(0.669130606359,-0.743144825477,0.));
#2373 = ORIENTED_EDGE('',*,*,#2374,.F.);
#2374 = EDGE_CURVE('',#2375,#2366,#2377,.T.);
#2375 = VERTEX_POINT('',#2376);
#2376 = CARTESIAN_POINT('',(12.446003541996,-10.05470018611,-4.5));
#2377 = CIRCLE('',#2378,16.);
#2378 = AXIS2_PLACEMENT_3D('',#2379,#2380,#2381);
#2379 = CARTESIAN_POINT('',(0.,0.,-4.5));
#2380 = DIRECTION('',(0.,0.,-1.));
#2381 = DIRECTION('',(0.,1.,0.));
#2382 = ORIENTED_EDGE('',*,*,#2383,.F.);
#2383 = EDGE_CURVE('',#2384,#2375,#2386,.T.);
#2384 = VERTEX_POINT('',#2385);
#2385 = CARTESIAN_POINT('',(13.408614737924,-8.729779539594,-4.5));
#2386 = CIRCLE('',#2387,1.065);
#2387 = AXIS2_PLACEMENT_3D('',#2388,#2389,#2390);
#2388 = CARTESIAN_POINT('',(13.478223126287,-9.792502303193,-4.5));
#2389 = DIRECTION('',(-0.,0.,1.));
#2390 = DIRECTION('',(0.809016994375,-0.587785252292,0.));
#2391 = ORIENTED_EDGE('',*,*,#2392,.F.);
#2392 = EDGE_CURVE('',#2393,#2384,#2395,.T.);
#2393 = VERTEX_POINT('',#2394);
#2394 = CARTESIAN_POINT('',(14.264518219689,-7.247311222804,-4.5));
#2395 = CIRCLE('',#2396,16.);
#2396 = AXIS2_PLACEMENT_3D('',#2397,#2398,#2399);
#2397 = CARTESIAN_POINT('',(0.,0.,-4.5));
#2398 = DIRECTION('',(0.,0.,-1.));
#2399 = DIRECTION('',(0.,1.,0.));
#2400 = ORIENTED_EDGE('',*,*,#2401,.F.);
#2401 = EDGE_CURVE('',#2402,#2393,#2404,.T.);
#2402 = VERTEX_POINT('',#2403);
#2403 = CARTESIAN_POINT('',(14.930627559608,-5.751205149904,-4.5));
#2404 = CIRCLE('',#2405,1.065);
#2405 = AXIS2_PLACEMENT_3D('',#2406,#2407,#2408);
#2406 = CARTESIAN_POINT('',(15.219667324326,-6.776232473643,-4.5));
#2407 = DIRECTION('',(-0.,0.,1.));
#2408 = DIRECTION('',(0.913545457643,-0.406736643076,0.));
#2409 = ORIENTED_EDGE('',*,*,#2410,.F.);
#2410 = EDGE_CURVE('',#2411,#2402,#2413,.T.);
#2411 = VERTEX_POINT('',#2412);
#2412 = CARTESIAN_POINT('',(15.459605002428,-4.1231799826,-4.5));
#2413 = CIRCLE('',#2414,16.);
#2414 = AXIS2_PLACEMENT_3D('',#2415,#2416,#2417);
#2415 = CARTESIAN_POINT('',(0.,0.,-4.5));
#2416 = DIRECTION('',(0.,0.,-1.));
#2417 = DIRECTION('',(0.,1.,0.));
#2418 = ORIENTED_EDGE('',*,*,#2419,.F.);
#2419 = EDGE_CURVE('',#2420,#2411,#2422,.T.);
#2420 = VERTEX_POINT('',#2421);
#2421 = CARTESIAN_POINT('',(15.800100311837,-2.521275497818,-4.5));
#2422 = CIRCLE('',#2423,1.065);
#2423 = AXIS2_PLACEMENT_3D('',#2424,#2425,#2426);
#2424 = CARTESIAN_POINT('',(16.295939028225,-3.463808769024,-4.5));
#2425 = DIRECTION('',(-0.,0.,1.));
#2426 = DIRECTION('',(0.978147600734,-0.207911690818,0.));
#2427 = ORIENTED_EDGE('',*,*,#2428,.F.);
#2428 = EDGE_CURVE('',#2429,#2420,#2431,.T.);
#2429 = VERTEX_POINT('',#2430);
#2430 = CARTESIAN_POINT('',(15.979032863145,-0.818845991945,-4.5));
#2431 = CIRCLE('',#2432,16.);
#2432 = AXIS2_PLACEMENT_3D('',#2433,#2434,#2435);
#2433 = CARTESIAN_POINT('',(0.,0.,-4.5));
#2434 = DIRECTION('',(0.,0.,-1.));
#2435 = DIRECTION('',(0.,1.,0.));
#2436 = ORIENTED_EDGE('',*,*,#2437,.F.);
#2437 = EDGE_CURVE('',#2438,#2429,#2440,.T.);
#2438 = VERTEX_POINT('',#2439);
#2439 = CARTESIAN_POINT('',(15.979032863145,0.818845991945,-4.5));
#2440 = CIRCLE('',#2441,1.065);
#2441 = AXIS2_PLACEMENT_3D('',#2442,#2443,#2444);
#2442 = CARTESIAN_POINT('',(16.66,0.,-4.5));
#2443 = DIRECTION('',(0.,0.,1.));
#2444 = DIRECTION('',(1.,0.,0.));
#2445 = ORIENTED_EDGE('',*,*,#2446,.F.);
#2446 = EDGE_CURVE('',#2447,#2438,#2449,.T.);
#2447 = VERTEX_POINT('',#2448);
#2448 = CARTESIAN_POINT('',(15.800100311837,2.521275497818,-4.5));
#2449 = CIRCLE('',#2450,16.);
#2450 = AXIS2_PLACEMENT_3D('',#2451,#2452,#2453);
#2451 = CARTESIAN_POINT('',(0.,0.,-4.5));
#2452 = DIRECTION('',(0.,0.,-1.));
#2453 = DIRECTION('',(0.,1.,0.));
#2454 = ORIENTED_EDGE('',*,*,#2455,.F.);
#2455 = EDGE_CURVE('',#2456,#2447,#2458,.T.);
#2456 = VERTEX_POINT('',#2457);
#2457 = CARTESIAN_POINT('',(15.459605002428,4.1231799826,-4.5));
#2458 = CIRCLE('',#2459,1.065);
#2459 = AXIS2_PLACEMENT_3D('',#2460,#2461,#2462);
#2460 = CARTESIAN_POINT('',(16.295939028225,3.463808769024,-4.5));
#2461 = DIRECTION('',(0.,-0.,1.));
#2462 = DIRECTION('',(0.978147600734,0.207911690818,0.));
#2463 = ORIENTED_EDGE('',*,*,#2464,.F.);
#2464 = EDGE_CURVE('',#2465,#2456,#2467,.T.);
#2465 = VERTEX_POINT('',#2466);
#2466 = CARTESIAN_POINT('',(14.930627559608,5.751205149904,-4.5));
#2467 = CIRCLE('',#2468,16.);
#2468 = AXIS2_PLACEMENT_3D('',#2469,#2470,#2471);
#2469 = CARTESIAN_POINT('',(0.,0.,-4.5));
#2470 = DIRECTION('',(0.,0.,-1.));
#2471 = DIRECTION('',(0.,1.,0.));
#2472 = ORIENTED_EDGE('',*,*,#2473,.F.);
#2473 = EDGE_CURVE('',#2474,#2465,#2476,.T.);
#2474 = VERTEX_POINT('',#2475);
#2475 = CARTESIAN_POINT('',(14.264518219689,7.247311222803,-4.5));
#2476 = CIRCLE('',#2477,1.065);
#2477 = AXIS2_PLACEMENT_3D('',#2478,#2479,#2480);
#2478 = CARTESIAN_POINT('',(15.219667324326,6.776232473643,-4.5));
#2479 = DIRECTION('',(0.,-0.,1.));
#2480 = DIRECTION('',(0.913545457643,0.406736643076,0.));
#2481 = ORIENTED_EDGE('',*,*,#2482,.F.);
#2482 = EDGE_CURVE('',#2483,#2474,#2485,.T.);
#2483 = VERTEX_POINT('',#2484);
#2484 = CARTESIAN_POINT('',(13.408614737924,8.729779539595,-4.5));
#2485 = CIRCLE('',#2486,16.);
#2486 = AXIS2_PLACEMENT_3D('',#2487,#2488,#2489);
#2487 = CARTESIAN_POINT('',(0.,0.,-4.5));
#2488 = DIRECTION('',(0.,0.,-1.));
#2489 = DIRECTION('',(0.,1.,0.));
#2490 = ORIENTED_EDGE('',*,*,#2491,.F.);
#2491 = EDGE_CURVE('',#2492,#2483,#2494,.T.);
#2492 = VERTEX_POINT('',#2493);
#2493 = CARTESIAN_POINT('',(12.446003541996,10.054700186113,-4.5));
#2494 = CIRCLE('',#2495,1.065);
#2495 = AXIS2_PLACEMENT_3D('',#2496,#2497,#2498);
#2496 = CARTESIAN_POINT('',(13.478223126287,9.792502303193,-4.5));
#2497 = DIRECTION('',(0.,-0.,1.));
#2498 = DIRECTION('',(0.809016994375,0.587785252292,0.));
#2499 = ORIENTED_EDGE('',*,*,#2500,.F.);
#2500 = EDGE_CURVE('',#2501,#2492,#2503,.T.);
#2501 = VERTEX_POINT('',#2502);
#2502 = CARTESIAN_POINT('',(11.300581110521,11.326820673275,-4.5));
#2503 = CIRCLE('',#2504,16.);
#2504 = AXIS2_PLACEMENT_3D('',#2505,#2506,#2507);
#2505 = CARTESIAN_POINT('',(0.,0.,-4.5));
#2506 = DIRECTION('',(0.,0.,-1.));
#2507 = DIRECTION('',(0.,1.,0.));
#2508 = ORIENTED_EDGE('',*,*,#2509,.F.);
#2509 = EDGE_CURVE('',#2510,#2501,#2512,.T.);
#2510 = VERTEX_POINT('',#2511);
#2511 = CARTESIAN_POINT('',(10.083538786968,12.422650503484,-4.5));
#2512 = CIRCLE('',#2513,1.065);
#2513 = AXIS2_PLACEMENT_3D('',#2514,#2515,#2516);
#2514 = CARTESIAN_POINT('',(11.147715901939,12.380792792453,-4.5));
#2515 = DIRECTION('',(0.,-0.,1.));
#2516 = DIRECTION('',(0.669130606359,0.743144825477,0.));
#2517 = ORIENTED_EDGE('',*,*,#2518,.F.);
#2518 = EDGE_CURVE('',#2519,#2510,#2521,.T.);
#2519 = VERTEX_POINT('',#2520);
#2520 = CARTESIAN_POINT('',(8.698657862384,13.428825391418,-4.5));
#2521 = CIRCLE('',#2522,16.);
#2522 = AXIS2_PLACEMENT_3D('',#2523,#2524,#2525);
#2523 = CARTESIAN_POINT('',(0.,0.,-4.5));
#2524 = DIRECTION('',(0.,0.,-1.));
#2525 = DIRECTION('',(0.,1.,0.));
#2526 = ORIENTED_EDGE('',*,*,#2527,.F.);
#2527 = EDGE_CURVE('',#2528,#2519,#2530,.T.);
#2528 = VERTEX_POINT('',#2529);
#2529 = CARTESIAN_POINT('',(7.280375000761,14.247671383363,-4.5));
#2530 = CIRCLE('',#2531,1.065);
#2531 = AXIS2_PLACEMENT_3D('',#2532,#2533,#2534);
#2532 = CARTESIAN_POINT('',(8.33,14.427983227049,-4.5));
#2533 = DIRECTION('',(0.,-0.,1.));
#2534 = DIRECTION('',(0.5,0.866025403784,0.));
#2535 = ORIENTED_EDGE('',*,*,#2536,.F.);
#2536 = EDGE_CURVE('',#2537,#2528,#2539,.T.);
#2537 = VERTEX_POINT('',#2538);
#2538 = CARTESIAN_POINT('',(5.716561524869,14.943926001302,-4.5));
#2539 = CIRCLE('',#2540,16.);
#2540 = AXIS2_PLACEMENT_3D('',#2541,#2542,#2543);
#2541 = CARTESIAN_POINT('',(0.,0.,-4.5));
#2542 = DIRECTION('',(0.,0.,-1.));
#2543 = DIRECTION('',(0.,1.,0.));
#2544 = ORIENTED_EDGE('',*,*,#2545,.F.);
#2545 = EDGE_CURVE('',#2546,#2537,#2548,.T.);
#2546 = VERTEX_POINT('',#2547);
#2547 = CARTESIAN_POINT('',(4.159023891907,15.450000655875,-4.5));
#2548 = CIRCLE('',#2549,1.065);
#2549 = AXIS2_PLACEMENT_3D('',#2550,#2551,#2552);
#2550 = CARTESIAN_POINT('',(5.148223126287,15.844601561477,-4.5));
#2551 = DIRECTION('',(0.,-0.,1.));
#2552 = DIRECTION('',(0.309016994375,0.951056516295,0.));
#2553 = ORIENTED_EDGE('',*,*,#2554,.F.);
#2554 = EDGE_CURVE('',#2007,#2546,#2555,.T.);
#2555 = CIRCLE('',#2556,16.);
#2556 = AXIS2_PLACEMENT_3D('',#2557,#2558,#2559);
#2557 = CARTESIAN_POINT('',(0.,0.,-4.5));
#2558 = DIRECTION('',(0.,0.,-1.));
#2559 = DIRECTION('',(0.,1.,0.));
#2560 = ORIENTED_EDGE('',*,*,#2006,.F.);
#2561 = FACE_BOUND('',#2562,.F.);
#2562 = EDGE_LOOP('',(#2563));
#2563 = ORIENTED_EDGE('',*,*,#2564,.T.);
#2564 = EDGE_CURVE('',#2565,#2565,#2567,.T.);
#2565 = VERTEX_POINT('',#2566);
#2566 = CARTESIAN_POINT('',(0.,14.,-4.5));
#2567 = CIRCLE('',#2568,14.);
#2568 = AXIS2_PLACEMENT_3D('',#2569,#2570,#2571);
#2569 = CARTESIAN_POINT('',(0.,0.,-4.5));
#2570 = DIRECTION('',(0.,0.,-1.));
#2571 = DIRECTION('',(0.,1.,0.));
#2572 = PLANE('',#2573);
#2573 = AXIS2_PLACEMENT_3D('',#2574,#2575,#2576);
#2574 = CARTESIAN_POINT('',(0.,0.,-4.5));
#2575 = DIRECTION('',(-0.,-0.,-1.));
#2576 = DIRECTION('',(0.,1.,0.));
#2577 = ADVANCED_FACE('',(#2578),#2589,.T.);
#2578 = FACE_BOUND('',#2579,.F.);
#2579 = EDGE_LOOP('',(#2580,#2581,#2582,#2588));
#2580 = ORIENTED_EDGE('',*,*,#32,.T.);
#2581 = ORIENTED_EDGE('',*,*,#1528,.F.);
#2582 = ORIENTED_EDGE('',*,*,#2583,.F.);
#2583 = EDGE_CURVE('',#2033,#1474,#2584,.T.);
#2584 = LINE('',#2585,#2586);
#2585 = CARTESIAN_POINT('',(-0.855903481764,15.977090762398,-4.5));
#2586 = VECTOR('',#2587,1.);
#2587 = DIRECTION('',(0.,0.,1.));
#2588 = ORIENTED_EDGE('',*,*,#2032,.T.);
#2589 = CYLINDRICAL_SURFACE('',#2590,16.);
#2590 = AXIS2_PLACEMENT_3D('',#2591,#2592,#2593);
#2591 = CARTESIAN_POINT('',(0.,0.,-4.5));
#2592 = DIRECTION('',(0.,0.,1.));
#2593 = DIRECTION('',(0.,1.,0.));
#2594 = ADVANCED_FACE('',(#2595),#2611,.F.);
#2595 = FACE_BOUND('',#2596,.F.);
#2596 = EDGE_LOOP('',(#2597,#2598,#2604,#2605));
#2597 = ORIENTED_EDGE('',*,*,#2437,.T.);
#2598 = ORIENTED_EDGE('',*,*,#2599,.T.);
#2599 = EDGE_CURVE('',#2429,#66,#2600,.T.);
#2600 = LINE('',#2601,#2602);
#2601 = CARTESIAN_POINT('',(15.979032863145,-0.818845991945,-4.5));
#2602 = VECTOR('',#2603,1.);
#2603 = DIRECTION('',(0.,0.,1.));
#2604 = ORIENTED_EDGE('',*,*,#63,.F.);
#2605 = ORIENTED_EDGE('',*,*,#2606,.F.);
#2606 = EDGE_CURVE('',#2438,#64,#2607,.T.);
#2607 = LINE('',#2608,#2609);
#2608 = CARTESIAN_POINT('',(15.979032863145,0.818845991945,-4.5));
#2609 = VECTOR('',#2610,1.);
#2610 = DIRECTION('',(0.,0.,1.));
#2611 = CYLINDRICAL_SURFACE('',#2612,1.065);
#2612 = AXIS2_PLACEMENT_3D('',#2613,#2614,#2615);
#2613 = CARTESIAN_POINT('',(16.66,0.,12.5));
#2614 = DIRECTION('',(0.,0.,1.));
#2615 = DIRECTION('',(1.,0.,0.));
#2616 = ADVANCED_FACE('',(#2617),#2628,.T.);
#2617 = FACE_BOUND('',#2618,.F.);
#2618 = EDGE_LOOP('',(#2619,#2620,#2626,#2627));
#2619 = ORIENTED_EDGE('',*,*,#1991,.F.);
#2620 = ORIENTED_EDGE('',*,*,#2621,.F.);
#2621 = EDGE_CURVE('',#2447,#1937,#2622,.T.);
#2622 = LINE('',#2623,#2624);
#2623 = CARTESIAN_POINT('',(15.800100311837,2.521275497818,-4.5));
#2624 = VECTOR('',#2625,1.);
#2625 = DIRECTION('',(0.,0.,1.));
#2626 = ORIENTED_EDGE('',*,*,#2446,.T.);
#2627 = ORIENTED_EDGE('',*,*,#2606,.T.);
#2628 = CYLINDRICAL_SURFACE('',#2629,16.);
#2629 = AXIS2_PLACEMENT_3D('',#2630,#2631,#2632);
#2630 = CARTESIAN_POINT('',(0.,0.,-4.5));
#2631 = DIRECTION('',(0.,0.,1.));
#2632 = DIRECTION('',(0.,1.,0.));
#2633 = ADVANCED_FACE('',(#2634),#2645,.F.);
#2634 = FACE_BOUND('',#2635,.F.);
#2635 = EDGE_LOOP('',(#2636,#2637,#2638,#2639));
#2636 = ORIENTED_EDGE('',*,*,#2455,.T.);
#2637 = ORIENTED_EDGE('',*,*,#2621,.T.);
#2638 = ORIENTED_EDGE('',*,*,#1936,.F.);
#2639 = ORIENTED_EDGE('',*,*,#2640,.F.);
#2640 = EDGE_CURVE('',#2456,#1928,#2641,.T.);
#2641 = LINE('',#2642,#2643);
#2642 = CARTESIAN_POINT('',(15.459605002428,4.1231799826,-4.5));
#2643 = VECTOR('',#2644,1.);
#2644 = DIRECTION('',(0.,0.,1.));
#2645 = CYLINDRICAL_SURFACE('',#2646,1.065);
#2646 = AXIS2_PLACEMENT_3D('',#2647,#2648,#2649);
#2647 = CARTESIAN_POINT('',(16.295939028225,3.463808769024,12.5));
#2648 = DIRECTION('',(0.,0.,1.));
#2649 = DIRECTION('',(0.978147600734,0.207911690818,0.));
#2650 = ADVANCED_FACE('',(#2651),#2662,.T.);
#2651 = FACE_BOUND('',#2652,.F.);
#2652 = EDGE_LOOP('',(#2653,#2654,#2660,#2661));
#2653 = ORIENTED_EDGE('',*,*,#1927,.F.);
#2654 = ORIENTED_EDGE('',*,*,#2655,.F.);
#2655 = EDGE_CURVE('',#2465,#1873,#2656,.T.);
#2656 = LINE('',#2657,#2658);
#2657 = CARTESIAN_POINT('',(14.930627559608,5.751205149904,-4.5));
#2658 = VECTOR('',#2659,1.);
#2659 = DIRECTION('',(0.,0.,1.));
#2660 = ORIENTED_EDGE('',*,*,#2464,.T.);
#2661 = ORIENTED_EDGE('',*,*,#2640,.T.);
#2662 = CYLINDRICAL_SURFACE('',#2663,16.);
#2663 = AXIS2_PLACEMENT_3D('',#2664,#2665,#2666);
#2664 = CARTESIAN_POINT('',(0.,0.,-4.5));
#2665 = DIRECTION('',(0.,0.,1.));
#2666 = DIRECTION('',(0.,1.,0.));
#2667 = ADVANCED_FACE('',(#2668),#2679,.F.);
#2668 = FACE_BOUND('',#2669,.F.);
#2669 = EDGE_LOOP('',(#2670,#2671,#2672,#2673));
#2670 = ORIENTED_EDGE('',*,*,#2473,.T.);
#2671 = ORIENTED_EDGE('',*,*,#2655,.T.);
#2672 = ORIENTED_EDGE('',*,*,#1872,.F.);
#2673 = ORIENTED_EDGE('',*,*,#2674,.F.);
#2674 = EDGE_CURVE('',#2474,#1864,#2675,.T.);
#2675 = LINE('',#2676,#2677);
#2676 = CARTESIAN_POINT('',(14.264518219689,7.247311222803,-4.5));
#2677 = VECTOR('',#2678,1.);
#2678 = DIRECTION('',(0.,0.,1.));
#2679 = CYLINDRICAL_SURFACE('',#2680,1.065);
#2680 = AXIS2_PLACEMENT_3D('',#2681,#2682,#2683);
#2681 = CARTESIAN_POINT('',(15.219667324326,6.776232473643,12.5));
#2682 = DIRECTION('',(0.,0.,1.));
#2683 = DIRECTION('',(0.913545457643,0.406736643076,0.));
#2684 = ADVANCED_FACE('',(#2685),#2696,.T.);
#2685 = FACE_BOUND('',#2686,.F.);
#2686 = EDGE_LOOP('',(#2687,#2688,#2694,#2695));
#2687 = ORIENTED_EDGE('',*,*,#1863,.F.);
#2688 = ORIENTED_EDGE('',*,*,#2689,.F.);
#2689 = EDGE_CURVE('',#2483,#1809,#2690,.T.);
#2690 = LINE('',#2691,#2692);
#2691 = CARTESIAN_POINT('',(13.408614737924,8.729779539595,-4.5));
#2692 = VECTOR('',#2693,1.);
#2693 = DIRECTION('',(0.,0.,1.));
#2694 = ORIENTED_EDGE('',*,*,#2482,.T.);
#2695 = ORIENTED_EDGE('',*,*,#2674,.T.);
#2696 = CYLINDRICAL_SURFACE('',#2697,16.);
#2697 = AXIS2_PLACEMENT_3D('',#2698,#2699,#2700);
#2698 = CARTESIAN_POINT('',(0.,0.,-4.5));
#2699 = DIRECTION('',(0.,0.,1.));
#2700 = DIRECTION('',(0.,1.,0.));
#2701 = ADVANCED_FACE('',(#2702),#2713,.F.);
#2702 = FACE_BOUND('',#2703,.F.);
#2703 = EDGE_LOOP('',(#2704,#2705,#2706,#2707));
#2704 = ORIENTED_EDGE('',*,*,#2491,.T.);
#2705 = ORIENTED_EDGE('',*,*,#2689,.T.);
#2706 = ORIENTED_EDGE('',*,*,#1808,.F.);
#2707 = ORIENTED_EDGE('',*,*,#2708,.F.);
#2708 = EDGE_CURVE('',#2492,#1800,#2709,.T.);
#2709 = LINE('',#2710,#2711);
#2710 = CARTESIAN_POINT('',(12.446003541996,10.054700186113,-4.5));
#2711 = VECTOR('',#2712,1.);
#2712 = DIRECTION('',(0.,0.,1.));
#2713 = CYLINDRICAL_SURFACE('',#2714,1.065);
#2714 = AXIS2_PLACEMENT_3D('',#2715,#2716,#2717);
#2715 = CARTESIAN_POINT('',(13.478223126287,9.792502303193,12.5));
#2716 = DIRECTION('',(0.,0.,1.));
#2717 = DIRECTION('',(0.809016994375,0.587785252292,0.));
#2718 = ADVANCED_FACE('',(#2719),#2730,.T.);
#2719 = FACE_BOUND('',#2720,.F.);
#2720 = EDGE_LOOP('',(#2721,#2722,#2728,#2729));
#2721 = ORIENTED_EDGE('',*,*,#1799,.F.);
#2722 = ORIENTED_EDGE('',*,*,#2723,.F.);
#2723 = EDGE_CURVE('',#2501,#1745,#2724,.T.);
#2724 = LINE('',#2725,#2726);
#2725 = CARTESIAN_POINT('',(11.300581110521,11.326820673275,-4.5));
#2726 = VECTOR('',#2727,1.);
#2727 = DIRECTION('',(0.,0.,1.));
#2728 = ORIENTED_EDGE('',*,*,#2500,.T.);
#2729 = ORIENTED_EDGE('',*,*,#2708,.T.);
#2730 = CYLINDRICAL_SURFACE('',#2731,16.);
#2731 = AXIS2_PLACEMENT_3D('',#2732,#2733,#2734);
#2732 = CARTESIAN_POINT('',(0.,0.,-4.5));
#2733 = DIRECTION('',(0.,0.,1.));
#2734 = DIRECTION('',(0.,1.,0.));
#2735 = ADVANCED_FACE('',(#2736),#2747,.F.);
#2736 = FACE_BOUND('',#2737,.F.);
#2737 = EDGE_LOOP('',(#2738,#2739,#2740,#2741));
#2738 = ORIENTED_EDGE('',*,*,#2509,.T.);
#2739 = ORIENTED_EDGE('',*,*,#2723,.T.);
#2740 = ORIENTED_EDGE('',*,*,#1744,.F.);
#2741 = ORIENTED_EDGE('',*,*,#2742,.F.);
#2742 = EDGE_CURVE('',#2510,#1736,#2743,.T.);
#2743 = LINE('',#2744,#2745);
#2744 = CARTESIAN_POINT('',(10.083538786968,12.422650503484,-4.5));
#2745 = VECTOR('',#2746,1.);
#2746 = DIRECTION('',(0.,0.,1.));
#2747 = CYLINDRICAL_SURFACE('',#2748,1.065);
#2748 = AXIS2_PLACEMENT_3D('',#2749,#2750,#2751);
#2749 = CARTESIAN_POINT('',(11.147715901939,12.380792792453,12.5));
#2750 = DIRECTION('',(0.,0.,1.));
#2751 = DIRECTION('',(0.669130606359,0.743144825477,0.));
#2752 = ADVANCED_FACE('',(#2753),#2764,.T.);
#2753 = FACE_BOUND('',#2754,.F.);
#2754 = EDGE_LOOP('',(#2755,#2756,#2762,#2763));
#2755 = ORIENTED_EDGE('',*,*,#1735,.F.);
#2756 = ORIENTED_EDGE('',*,*,#2757,.F.);
#2757 = EDGE_CURVE('',#2519,#1681,#2758,.T.);
#2758 = LINE('',#2759,#2760);
#2759 = CARTESIAN_POINT('',(8.698657862384,13.428825391418,-4.5));
#2760 = VECTOR('',#2761,1.);
#2761 = DIRECTION('',(0.,0.,1.));
#2762 = ORIENTED_EDGE('',*,*,#2518,.T.);
#2763 = ORIENTED_EDGE('',*,*,#2742,.T.);
#2764 = CYLINDRICAL_SURFACE('',#2765,16.);
#2765 = AXIS2_PLACEMENT_3D('',#2766,#2767,#2768);
#2766 = CARTESIAN_POINT('',(0.,0.,-4.5));
#2767 = DIRECTION('',(0.,0.,1.));
#2768 = DIRECTION('',(0.,1.,0.));
#2769 = ADVANCED_FACE('',(#2770),#2781,.F.);
#2770 = FACE_BOUND('',#2771,.F.);
#2771 = EDGE_LOOP('',(#2772,#2773,#2774,#2775));
#2772 = ORIENTED_EDGE('',*,*,#2527,.T.);
#2773 = ORIENTED_EDGE('',*,*,#2757,.T.);
#2774 = ORIENTED_EDGE('',*,*,#1680,.F.);
#2775 = ORIENTED_EDGE('',*,*,#2776,.F.);
#2776 = EDGE_CURVE('',#2528,#1672,#2777,.T.);
#2777 = LINE('',#2778,#2779);
#2778 = CARTESIAN_POINT('',(7.280375000761,14.247671383363,-4.5));
#2779 = VECTOR('',#2780,1.);
#2780 = DIRECTION('',(0.,0.,1.));
#2781 = CYLINDRICAL_SURFACE('',#2782,1.065);
#2782 = AXIS2_PLACEMENT_3D('',#2783,#2784,#2785);
#2783 = CARTESIAN_POINT('',(8.33,14.427983227049,12.5));
#2784 = DIRECTION('',(0.,0.,1.));
#2785 = DIRECTION('',(0.5,0.866025403784,0.));
#2786 = ADVANCED_FACE('',(#2787),#2798,.T.);
#2787 = FACE_BOUND('',#2788,.F.);
#2788 = EDGE_LOOP('',(#2789,#2790,#2796,#2797));
#2789 = ORIENTED_EDGE('',*,*,#1671,.F.);
#2790 = ORIENTED_EDGE('',*,*,#2791,.F.);
#2791 = EDGE_CURVE('',#2537,#1617,#2792,.T.);
#2792 = LINE('',#2793,#2794);
#2793 = CARTESIAN_POINT('',(5.716561524869,14.943926001302,-4.5));
#2794 = VECTOR('',#2795,1.);
#2795 = DIRECTION('',(0.,0.,1.));
#2796 = ORIENTED_EDGE('',*,*,#2536,.T.);
#2797 = ORIENTED_EDGE('',*,*,#2776,.T.);
#2798 = CYLINDRICAL_SURFACE('',#2799,16.);
#2799 = AXIS2_PLACEMENT_3D('',#2800,#2801,#2802);
#2800 = CARTESIAN_POINT('',(0.,0.,-4.5));
#2801 = DIRECTION('',(0.,0.,1.));
#2802 = DIRECTION('',(0.,1.,0.));
#2803 = ADVANCED_FACE('',(#2804),#2815,.F.);
#2804 = FACE_BOUND('',#2805,.F.);
#2805 = EDGE_LOOP('',(#2806,#2807,#2808,#2809));
#2806 = ORIENTED_EDGE('',*,*,#2545,.T.);
#2807 = ORIENTED_EDGE('',*,*,#2791,.T.);
#2808 = ORIENTED_EDGE('',*,*,#1616,.F.);
#2809 = ORIENTED_EDGE('',*,*,#2810,.F.);
#2810 = EDGE_CURVE('',#2546,#1608,#2811,.T.);
#2811 = LINE('',#2812,#2813);
#2812 = CARTESIAN_POINT('',(4.159023891907,15.450000655875,-4.5));
#2813 = VECTOR('',#2814,1.);
#2814 = DIRECTION('',(0.,0.,1.));
#2815 = CYLINDRICAL_SURFACE('',#2816,1.065);
#2816 = AXIS2_PLACEMENT_3D('',#2817,#2818,#2819);
#2817 = CARTESIAN_POINT('',(5.148223126287,15.844601561477,12.5));
#2818 = DIRECTION('',(0.,0.,1.));
#2819 = DIRECTION('',(0.309016994375,0.951056516295,0.));
#2820 = ADVANCED_FACE('',(#2821),#2827,.T.);
#2821 = FACE_BOUND('',#2822,.F.);
#2822 = EDGE_LOOP('',(#2823,#2824,#2825,#2826));
#2823 = ORIENTED_EDGE('',*,*,#1607,.F.);
#2824 = ORIENTED_EDGE('',*,*,#2015,.F.);
#2825 = ORIENTED_EDGE('',*,*,#2554,.T.);
#2826 = ORIENTED_EDGE('',*,*,#2810,.T.);
#2827 = CYLINDRICAL_SURFACE('',#2828,16.);
#2828 = AXIS2_PLACEMENT_3D('',#2829,#2830,#2831);
#2829 = CARTESIAN_POINT('',(0.,0.,-4.5));
#2830 = DIRECTION('',(0.,0.,1.));
#2831 = DIRECTION('',(0.,1.,0.));
#2832 = ADVANCED_FACE('',(#2833),#2836,.F.);
#2833 = FACE_BOUND('',#2834,.F.);
#2834 = EDGE_LOOP('',(#2835));
#2835 = ORIENTED_EDGE('',*,*,#1543,.T.);
#2836 = PLANE('',#2837);
#2837 = AXIS2_PLACEMENT_3D('',#2838,#2839,#2840);
#2838 = CARTESIAN_POINT('',(0.,0.,12.5));
#2839 = DIRECTION('',(-0.,-0.,-1.));
#2840 = DIRECTION('',(0.,1.,0.));
#2841 = ADVANCED_FACE('',(#2842),#2853,.F.);
#2842 = FACE_BOUND('',#2843,.F.);
#2843 = EDGE_LOOP('',(#2844,#2845,#2851,#2852));
#2844 = ORIENTED_EDGE('',*,*,#1473,.F.);
#2845 = ORIENTED_EDGE('',*,*,#2846,.F.);
#2846 = EDGE_CURVE('',#2042,#1465,#2847,.T.);
#2847 = LINE('',#2848,#2849);
#2848 = CARTESIAN_POINT('',(-2.484624017611,15.805905336016,-4.5));
#2849 = VECTOR('',#2850,1.);
#2850 = DIRECTION('',(0.,0.,1.));
#2851 = ORIENTED_EDGE('',*,*,#2041,.T.);
#2852 = ORIENTED_EDGE('',*,*,#2583,.T.);
#2853 = CYLINDRICAL_SURFACE('',#2854,1.065);
#2854 = AXIS2_PLACEMENT_3D('',#2855,#2856,#2857);
#2855 = CARTESIAN_POINT('',(-1.741444198039,16.568734776835,12.5));
#2856 = DIRECTION('',(0.,0.,1.));
#2857 = DIRECTION('',(-0.104528463268,0.994521895368,0.));
#2858 = ADVANCED_FACE('',(#2859),#2870,.T.);
#2859 = FACE_BOUND('',#2860,.F.);
#2860 = EDGE_LOOP('',(#2861,#2862,#2863,#2869));
#2861 = ORIENTED_EDGE('',*,*,#2846,.T.);
#2862 = ORIENTED_EDGE('',*,*,#1464,.F.);
#2863 = ORIENTED_EDGE('',*,*,#2864,.F.);
#2864 = EDGE_CURVE('',#2051,#1410,#2865,.T.);
#2865 = LINE('',#2866,#2867);
#2866 = CARTESIAN_POINT('',(-4.159023891907,15.450000655875,-4.5));
#2867 = VECTOR('',#2868,1.);
#2868 = DIRECTION('',(0.,0.,1.));
#2869 = ORIENTED_EDGE('',*,*,#2050,.T.);
#2870 = CYLINDRICAL_SURFACE('',#2871,16.);
#2871 = AXIS2_PLACEMENT_3D('',#2872,#2873,#2874);
#2872 = CARTESIAN_POINT('',(0.,0.,-4.5));
#2873 = DIRECTION('',(0.,0.,1.));
#2874 = DIRECTION('',(0.,1.,0.));
#2875 = ADVANCED_FACE('',(#2876),#2887,.F.);
#2876 = FACE_BOUND('',#2877,.F.);
#2877 = EDGE_LOOP('',(#2878,#2879,#2885,#2886));
#2878 = ORIENTED_EDGE('',*,*,#1409,.F.);
#2879 = ORIENTED_EDGE('',*,*,#2880,.F.);
#2880 = EDGE_CURVE('',#2060,#1401,#2881,.T.);
#2881 = LINE('',#2882,#2883);
#2882 = CARTESIAN_POINT('',(-5.716561524869,14.943926001302,-4.5));
#2883 = VECTOR('',#2884,1.);
#2884 = DIRECTION('',(0.,0.,1.));
#2885 = ORIENTED_EDGE('',*,*,#2059,.T.);
#2886 = ORIENTED_EDGE('',*,*,#2864,.T.);
#2887 = CYLINDRICAL_SURFACE('',#2888,1.065);
#2888 = AXIS2_PLACEMENT_3D('',#2889,#2890,#2891);
#2889 = CARTESIAN_POINT('',(-5.148223126287,15.844601561477,12.5));
#2890 = DIRECTION('',(0.,0.,1.));
#2891 = DIRECTION('',(-0.309016994375,0.951056516295,0.));
#2892 = ADVANCED_FACE('',(#2893),#2904,.T.);
#2893 = FACE_BOUND('',#2894,.F.);
#2894 = EDGE_LOOP('',(#2895,#2896,#2897,#2903));
#2895 = ORIENTED_EDGE('',*,*,#2880,.T.);
#2896 = ORIENTED_EDGE('',*,*,#1400,.F.);
#2897 = ORIENTED_EDGE('',*,*,#2898,.F.);
#2898 = EDGE_CURVE('',#2069,#1346,#2899,.T.);
#2899 = LINE('',#2900,#2901);
#2900 = CARTESIAN_POINT('',(-7.280375000761,14.247671383363,-4.5));
#2901 = VECTOR('',#2902,1.);
#2902 = DIRECTION('',(0.,0.,1.));
#2903 = ORIENTED_EDGE('',*,*,#2068,.T.);
#2904 = CYLINDRICAL_SURFACE('',#2905,16.);
#2905 = AXIS2_PLACEMENT_3D('',#2906,#2907,#2908);
#2906 = CARTESIAN_POINT('',(0.,0.,-4.5));
#2907 = DIRECTION('',(0.,0.,1.));
#2908 = DIRECTION('',(0.,1.,0.));
#2909 = ADVANCED_FACE('',(#2910),#2921,.F.);
#2910 = FACE_BOUND('',#2911,.F.);
#2911 = EDGE_LOOP('',(#2912,#2913,#2919,#2920));
#2912 = ORIENTED_EDGE('',*,*,#1345,.F.);
#2913 = ORIENTED_EDGE('',*,*,#2914,.F.);
#2914 = EDGE_CURVE('',#2078,#1337,#2915,.T.);
#2915 = LINE('',#2916,#2917);
#2916 = CARTESIAN_POINT('',(-8.698657862384,13.428825391418,-4.5));
#2917 = VECTOR('',#2918,1.);
#2918 = DIRECTION('',(0.,0.,1.));
#2919 = ORIENTED_EDGE('',*,*,#2077,.T.);
#2920 = ORIENTED_EDGE('',*,*,#2898,.T.);
#2921 = CYLINDRICAL_SURFACE('',#2922,1.065);
#2922 = AXIS2_PLACEMENT_3D('',#2923,#2924,#2925);
#2923 = CARTESIAN_POINT('',(-8.33,14.427983227049,12.5));
#2924 = DIRECTION('',(0.,0.,1.));
#2925 = DIRECTION('',(-0.5,0.866025403784,0.));
#2926 = ADVANCED_FACE('',(#2927),#2938,.T.);
#2927 = FACE_BOUND('',#2928,.F.);
#2928 = EDGE_LOOP('',(#2929,#2930,#2931,#2937));
#2929 = ORIENTED_EDGE('',*,*,#2914,.T.);
#2930 = ORIENTED_EDGE('',*,*,#1336,.F.);
#2931 = ORIENTED_EDGE('',*,*,#2932,.F.);
#2932 = EDGE_CURVE('',#2087,#1282,#2933,.T.);
#2933 = LINE('',#2934,#2935);
#2934 = CARTESIAN_POINT('',(-10.08353878696,12.422650503484,-4.5));
#2935 = VECTOR('',#2936,1.);
#2936 = DIRECTION('',(0.,0.,1.));
#2937 = ORIENTED_EDGE('',*,*,#2086,.T.);
#2938 = CYLINDRICAL_SURFACE('',#2939,16.);
#2939 = AXIS2_PLACEMENT_3D('',#2940,#2941,#2942);
#2940 = CARTESIAN_POINT('',(0.,0.,-4.5));
#2941 = DIRECTION('',(0.,0.,1.));
#2942 = DIRECTION('',(0.,1.,0.));
#2943 = ADVANCED_FACE('',(#2944),#2955,.F.);
#2944 = FACE_BOUND('',#2945,.F.);
#2945 = EDGE_LOOP('',(#2946,#2947,#2953,#2954));
#2946 = ORIENTED_EDGE('',*,*,#1281,.F.);
#2947 = ORIENTED_EDGE('',*,*,#2948,.F.);
#2948 = EDGE_CURVE('',#2096,#1273,#2949,.T.);
#2949 = LINE('',#2950,#2951);
#2950 = CARTESIAN_POINT('',(-11.30058111052,11.326820673275,-4.5));
#2951 = VECTOR('',#2952,1.);
#2952 = DIRECTION('',(0.,0.,1.));
#2953 = ORIENTED_EDGE('',*,*,#2095,.T.);
#2954 = ORIENTED_EDGE('',*,*,#2932,.T.);
#2955 = CYLINDRICAL_SURFACE('',#2956,1.065);
#2956 = AXIS2_PLACEMENT_3D('',#2957,#2958,#2959);
#2957 = CARTESIAN_POINT('',(-11.14771590193,12.380792792453,12.5));
#2958 = DIRECTION('',(0.,0.,1.));
#2959 = DIRECTION('',(-0.669130606359,0.743144825477,0.));
#2960 = ADVANCED_FACE('',(#2961),#2972,.T.);
#2961 = FACE_BOUND('',#2962,.F.);
#2962 = EDGE_LOOP('',(#2963,#2964,#2965,#2971));
#2963 = ORIENTED_EDGE('',*,*,#2948,.T.);
#2964 = ORIENTED_EDGE('',*,*,#1272,.F.);
#2965 = ORIENTED_EDGE('',*,*,#2966,.F.);
#2966 = EDGE_CURVE('',#2105,#1218,#2967,.T.);
#2967 = LINE('',#2968,#2969);
#2968 = CARTESIAN_POINT('',(-12.44600354199,10.054700186113,-4.5));
#2969 = VECTOR('',#2970,1.);
#2970 = DIRECTION('',(0.,0.,1.));
#2971 = ORIENTED_EDGE('',*,*,#2104,.T.);
#2972 = CYLINDRICAL_SURFACE('',#2973,16.);
#2973 = AXIS2_PLACEMENT_3D('',#2974,#2975,#2976);
#2974 = CARTESIAN_POINT('',(0.,0.,-4.5));
#2975 = DIRECTION('',(0.,0.,1.));
#2976 = DIRECTION('',(0.,1.,0.));
#2977 = ADVANCED_FACE('',(#2978),#2989,.F.);
#2978 = FACE_BOUND('',#2979,.F.);
#2979 = EDGE_LOOP('',(#2980,#2981,#2987,#2988));
#2980 = ORIENTED_EDGE('',*,*,#1217,.F.);
#2981 = ORIENTED_EDGE('',*,*,#2982,.F.);
#2982 = EDGE_CURVE('',#2114,#1209,#2983,.T.);
#2983 = LINE('',#2984,#2985);
#2984 = CARTESIAN_POINT('',(-13.40861473792,8.729779539595,-4.5));
#2985 = VECTOR('',#2986,1.);
#2986 = DIRECTION('',(0.,0.,1.));
#2987 = ORIENTED_EDGE('',*,*,#2113,.T.);
#2988 = ORIENTED_EDGE('',*,*,#2966,.T.);
#2989 = CYLINDRICAL_SURFACE('',#2990,1.065);
#2990 = AXIS2_PLACEMENT_3D('',#2991,#2992,#2993);
#2991 = CARTESIAN_POINT('',(-13.47822312628,9.792502303193,12.5));
#2992 = DIRECTION('',(0.,0.,1.));
#2993 = DIRECTION('',(-0.809016994375,0.587785252292,0.));
#2994 = ADVANCED_FACE('',(#2995),#3006,.T.);
#2995 = FACE_BOUND('',#2996,.F.);
#2996 = EDGE_LOOP('',(#2997,#2998,#2999,#3005));
#2997 = ORIENTED_EDGE('',*,*,#2982,.T.);
#2998 = ORIENTED_EDGE('',*,*,#1208,.F.);
#2999 = ORIENTED_EDGE('',*,*,#3000,.F.);
#3000 = EDGE_CURVE('',#2123,#1154,#3001,.T.);
#3001 = LINE('',#3002,#3003);
#3002 = CARTESIAN_POINT('',(-14.26451821968,7.247311222803,-4.5));
#3003 = VECTOR('',#3004,1.);
#3004 = DIRECTION('',(0.,0.,1.));
#3005 = ORIENTED_EDGE('',*,*,#2122,.T.);
#3006 = CYLINDRICAL_SURFACE('',#3007,16.);
#3007 = AXIS2_PLACEMENT_3D('',#3008,#3009,#3010);
#3008 = CARTESIAN_POINT('',(0.,0.,-4.5));
#3009 = DIRECTION('',(0.,0.,1.));
#3010 = DIRECTION('',(0.,1.,0.));
#3011 = ADVANCED_FACE('',(#3012),#3023,.F.);
#3012 = FACE_BOUND('',#3013,.F.);
#3013 = EDGE_LOOP('',(#3014,#3015,#3021,#3022));
#3014 = ORIENTED_EDGE('',*,*,#1153,.F.);
#3015 = ORIENTED_EDGE('',*,*,#3016,.F.);
#3016 = EDGE_CURVE('',#2132,#1145,#3017,.T.);
#3017 = LINE('',#3018,#3019);
#3018 = CARTESIAN_POINT('',(-14.9306275596,5.751205149904,-4.5));
#3019 = VECTOR('',#3020,1.);
#3020 = DIRECTION('',(0.,0.,1.));
#3021 = ORIENTED_EDGE('',*,*,#2131,.T.);
#3022 = ORIENTED_EDGE('',*,*,#3000,.T.);
#3023 = CYLINDRICAL_SURFACE('',#3024,1.065);
#3024 = AXIS2_PLACEMENT_3D('',#3025,#3026,#3027);
#3025 = CARTESIAN_POINT('',(-15.21966732432,6.776232473643,12.5));
#3026 = DIRECTION('',(0.,0.,1.));
#3027 = DIRECTION('',(-0.913545457643,0.406736643076,0.));
#3028 = ADVANCED_FACE('',(#3029),#3040,.T.);
#3029 = FACE_BOUND('',#3030,.F.);
#3030 = EDGE_LOOP('',(#3031,#3032,#3033,#3039));
#3031 = ORIENTED_EDGE('',*,*,#3016,.T.);
#3032 = ORIENTED_EDGE('',*,*,#1144,.F.);
#3033 = ORIENTED_EDGE('',*,*,#3034,.F.);
#3034 = EDGE_CURVE('',#2141,#1090,#3035,.T.);
#3035 = LINE('',#3036,#3037);
#3036 = CARTESIAN_POINT('',(-15.45960500242,4.1231799826,-4.5));
#3037 = VECTOR('',#3038,1.);
#3038 = DIRECTION('',(0.,0.,1.));
#3039 = ORIENTED_EDGE('',*,*,#2140,.T.);
#3040 = CYLINDRICAL_SURFACE('',#3041,16.);
#3041 = AXIS2_PLACEMENT_3D('',#3042,#3043,#3044);
#3042 = CARTESIAN_POINT('',(0.,0.,-4.5));
#3043 = DIRECTION('',(0.,0.,1.));
#3044 = DIRECTION('',(0.,1.,0.));
#3045 = ADVANCED_FACE('',(#3046),#3057,.F.);
#3046 = FACE_BOUND('',#3047,.F.);
#3047 = EDGE_LOOP('',(#3048,#3049,#3055,#3056));
#3048 = ORIENTED_EDGE('',*,*,#1089,.F.);
#3049 = ORIENTED_EDGE('',*,*,#3050,.F.);
#3050 = EDGE_CURVE('',#2150,#1081,#3051,.T.);
#3051 = LINE('',#3052,#3053);
#3052 = CARTESIAN_POINT('',(-15.80010031183,2.521275497818,-4.5));
#3053 = VECTOR('',#3054,1.);
#3054 = DIRECTION('',(0.,0.,1.));
#3055 = ORIENTED_EDGE('',*,*,#2149,.T.);
#3056 = ORIENTED_EDGE('',*,*,#3034,.T.);
#3057 = CYLINDRICAL_SURFACE('',#3058,1.065);
#3058 = AXIS2_PLACEMENT_3D('',#3059,#3060,#3061);
#3059 = CARTESIAN_POINT('',(-16.29593902822,3.463808769024,12.5));
#3060 = DIRECTION('',(0.,0.,1.));
#3061 = DIRECTION('',(-0.978147600734,0.207911690818,0.));
#3062 = ADVANCED_FACE('',(#3063),#3074,.T.);
#3063 = FACE_BOUND('',#3064,.F.);
#3064 = EDGE_LOOP('',(#3065,#3066,#3067,#3073));
#3065 = ORIENTED_EDGE('',*,*,#3050,.T.);
#3066 = ORIENTED_EDGE('',*,*,#1080,.F.);
#3067 = ORIENTED_EDGE('',*,*,#3068,.F.);
#3068 = EDGE_CURVE('',#2159,#1026,#3069,.T.);
#3069 = LINE('',#3070,#3071);
#3070 = CARTESIAN_POINT('',(-15.97903286314,0.818845991945,-4.5));
#3071 = VECTOR('',#3072,1.);
#3072 = DIRECTION('',(0.,0.,1.));
#3073 = ORIENTED_EDGE('',*,*,#2158,.T.);
#3074 = CYLINDRICAL_SURFACE('',#3075,16.);
#3075 = AXIS2_PLACEMENT_3D('',#3076,#3077,#3078);
#3076 = CARTESIAN_POINT('',(0.,0.,-4.5));
#3077 = DIRECTION('',(0.,0.,1.));
#3078 = DIRECTION('',(0.,1.,0.));
#3079 = ADVANCED_FACE('',(#3080),#3091,.F.);
#3080 = FACE_BOUND('',#3081,.F.);
#3081 = EDGE_LOOP('',(#3082,#3083,#3089,#3090));
#3082 = ORIENTED_EDGE('',*,*,#1025,.F.);
#3083 = ORIENTED_EDGE('',*,*,#3084,.F.);
#3084 = EDGE_CURVE('',#2168,#1017,#3085,.T.);
#3085 = LINE('',#3086,#3087);
#3086 = CARTESIAN_POINT('',(-15.97903286314,-0.818845991945,-4.5));
#3087 = VECTOR('',#3088,1.);
#3088 = DIRECTION('',(0.,0.,1.));
#3089 = ORIENTED_EDGE('',*,*,#2167,.T.);
#3090 = ORIENTED_EDGE('',*,*,#3068,.T.);
#3091 = CYLINDRICAL_SURFACE('',#3092,1.065);
#3092 = AXIS2_PLACEMENT_3D('',#3093,#3094,#3095);
#3093 = CARTESIAN_POINT('',(-16.66,-5.358264668723E-15,12.5));
#3094 = DIRECTION('',(0.,0.,1.));
#3095 = DIRECTION('',(-1.,-3.216245299353E-16,0.));
#3096 = ADVANCED_FACE('',(#3097),#3108,.T.);
#3097 = FACE_BOUND('',#3098,.F.);
#3098 = EDGE_LOOP('',(#3099,#3100,#3101,#3107));
#3099 = ORIENTED_EDGE('',*,*,#3084,.T.);
#3100 = ORIENTED_EDGE('',*,*,#1016,.F.);
#3101 = ORIENTED_EDGE('',*,*,#3102,.F.);
#3102 = EDGE_CURVE('',#2177,#962,#3103,.T.);
#3103 = LINE('',#3104,#3105);
#3104 = CARTESIAN_POINT('',(-15.80010031183,-2.521275497818,-4.5));
#3105 = VECTOR('',#3106,1.);
#3106 = DIRECTION('',(0.,0.,1.));
#3107 = ORIENTED_EDGE('',*,*,#2176,.T.);
#3108 = CYLINDRICAL_SURFACE('',#3109,16.);
#3109 = AXIS2_PLACEMENT_3D('',#3110,#3111,#3112);
#3110 = CARTESIAN_POINT('',(0.,0.,-4.5));
#3111 = DIRECTION('',(0.,0.,1.));
#3112 = DIRECTION('',(0.,1.,0.));
#3113 = ADVANCED_FACE('',(#3114),#3125,.F.);
#3114 = FACE_BOUND('',#3115,.F.);
#3115 = EDGE_LOOP('',(#3116,#3117,#3123,#3124));
#3116 = ORIENTED_EDGE('',*,*,#961,.F.);
#3117 = ORIENTED_EDGE('',*,*,#3118,.F.);
#3118 = EDGE_CURVE('',#2186,#953,#3119,.T.);
#3119 = LINE('',#3120,#3121);
#3120 = CARTESIAN_POINT('',(-15.45960500242,-4.1231799826,-4.5));
#3121 = VECTOR('',#3122,1.);
#3122 = DIRECTION('',(0.,0.,1.));
#3123 = ORIENTED_EDGE('',*,*,#2185,.T.);
#3124 = ORIENTED_EDGE('',*,*,#3102,.T.);
#3125 = CYLINDRICAL_SURFACE('',#3126,1.065);
#3126 = AXIS2_PLACEMENT_3D('',#3127,#3128,#3129);
#3127 = CARTESIAN_POINT('',(-16.29593902822,-3.463808769024,12.5));
#3128 = DIRECTION('',(0.,0.,1.));
#3129 = DIRECTION('',(-0.978147600734,-0.207911690818,0.));
#3130 = ADVANCED_FACE('',(#3131),#3142,.T.);
#3131 = FACE_BOUND('',#3132,.F.);
#3132 = EDGE_LOOP('',(#3133,#3134,#3135,#3141));
#3133 = ORIENTED_EDGE('',*,*,#3118,.T.);
#3134 = ORIENTED_EDGE('',*,*,#952,.F.);
#3135 = ORIENTED_EDGE('',*,*,#3136,.F.);
#3136 = EDGE_CURVE('',#2195,#898,#3137,.T.);
#3137 = LINE('',#3138,#3139);
#3138 = CARTESIAN_POINT('',(-14.9306275596,-5.751205149904,-4.5));
#3139 = VECTOR('',#3140,1.);
#3140 = DIRECTION('',(0.,0.,1.));
#3141 = ORIENTED_EDGE('',*,*,#2194,.T.);
#3142 = CYLINDRICAL_SURFACE('',#3143,16.);
#3143 = AXIS2_PLACEMENT_3D('',#3144,#3145,#3146);
#3144 = CARTESIAN_POINT('',(0.,0.,-4.5));
#3145 = DIRECTION('',(0.,0.,1.));
#3146 = DIRECTION('',(0.,1.,0.));
#3147 = ADVANCED_FACE('',(#3148),#3159,.F.);
#3148 = FACE_BOUND('',#3149,.F.);
#3149 = EDGE_LOOP('',(#3150,#3151,#3157,#3158));
#3150 = ORIENTED_EDGE('',*,*,#897,.F.);
#3151 = ORIENTED_EDGE('',*,*,#3152,.F.);
#3152 = EDGE_CURVE('',#2204,#889,#3153,.T.);
#3153 = LINE('',#3154,#3155);
#3154 = CARTESIAN_POINT('',(-14.26451821968,-7.247311222804,-4.5));
#3155 = VECTOR('',#3156,1.);
#3156 = DIRECTION('',(0.,0.,1.));
#3157 = ORIENTED_EDGE('',*,*,#2203,.T.);
#3158 = ORIENTED_EDGE('',*,*,#3136,.T.);
#3159 = CYLINDRICAL_SURFACE('',#3160,1.065);
#3160 = AXIS2_PLACEMENT_3D('',#3161,#3162,#3163);
#3161 = CARTESIAN_POINT('',(-15.21966732432,-6.776232473643,12.5));
#3162 = DIRECTION('',(0.,0.,1.));
#3163 = DIRECTION('',(-0.913545457643,-0.406736643076,0.));
#3164 = ADVANCED_FACE('',(#3165),#3176,.T.);
#3165 = FACE_BOUND('',#3166,.F.);
#3166 = EDGE_LOOP('',(#3167,#3168,#3169,#3175));
#3167 = ORIENTED_EDGE('',*,*,#3152,.T.);
#3168 = ORIENTED_EDGE('',*,*,#888,.F.);
#3169 = ORIENTED_EDGE('',*,*,#3170,.F.);
#3170 = EDGE_CURVE('',#2213,#834,#3171,.T.);
#3171 = LINE('',#3172,#3173);
#3172 = CARTESIAN_POINT('',(-13.40861473792,-8.729779539595,-4.5));
#3173 = VECTOR('',#3174,1.);
#3174 = DIRECTION('',(0.,0.,1.));
#3175 = ORIENTED_EDGE('',*,*,#2212,.T.);
#3176 = CYLINDRICAL_SURFACE('',#3177,16.);
#3177 = AXIS2_PLACEMENT_3D('',#3178,#3179,#3180);
#3178 = CARTESIAN_POINT('',(0.,0.,-4.5));
#3179 = DIRECTION('',(0.,0.,1.));
#3180 = DIRECTION('',(0.,1.,0.));
#3181 = ADVANCED_FACE('',(#3182),#3193,.F.);
#3182 = FACE_BOUND('',#3183,.F.);
#3183 = EDGE_LOOP('',(#3184,#3185,#3191,#3192));
#3184 = ORIENTED_EDGE('',*,*,#833,.F.);
#3185 = ORIENTED_EDGE('',*,*,#3186,.F.);
#3186 = EDGE_CURVE('',#2222,#825,#3187,.T.);
#3187 = LINE('',#3188,#3189);
#3188 = CARTESIAN_POINT('',(-12.44600354199,-10.05470018611,-4.5));
#3189 = VECTOR('',#3190,1.);
#3190 = DIRECTION('',(0.,0.,1.));
#3191 = ORIENTED_EDGE('',*,*,#2221,.T.);
#3192 = ORIENTED_EDGE('',*,*,#3170,.T.);
#3193 = CYLINDRICAL_SURFACE('',#3194,1.065);
#3194 = AXIS2_PLACEMENT_3D('',#3195,#3196,#3197);
#3195 = CARTESIAN_POINT('',(-13.47822312628,-9.792502303193,12.5));
#3196 = DIRECTION('',(0.,0.,1.));
#3197 = DIRECTION('',(-0.809016994375,-0.587785252292,0.));
#3198 = ADVANCED_FACE('',(#3199),#3210,.T.);
#3199 = FACE_BOUND('',#3200,.F.);
#3200 = EDGE_LOOP('',(#3201,#3202,#3203,#3209));
#3201 = ORIENTED_EDGE('',*,*,#3186,.T.);
#3202 = ORIENTED_EDGE('',*,*,#824,.F.);
#3203 = ORIENTED_EDGE('',*,*,#3204,.F.);
#3204 = EDGE_CURVE('',#2231,#770,#3205,.T.);
#3205 = LINE('',#3206,#3207);
#3206 = CARTESIAN_POINT('',(-11.30058111052,-11.32682067327,-4.5));
#3207 = VECTOR('',#3208,1.);
#3208 = DIRECTION('',(0.,0.,1.));
#3209 = ORIENTED_EDGE('',*,*,#2230,.T.);
#3210 = CYLINDRICAL_SURFACE('',#3211,16.);
#3211 = AXIS2_PLACEMENT_3D('',#3212,#3213,#3214);
#3212 = CARTESIAN_POINT('',(0.,0.,-4.5));
#3213 = DIRECTION('',(0.,0.,1.));
#3214 = DIRECTION('',(0.,1.,0.));
#3215 = ADVANCED_FACE('',(#3216),#3227,.F.);
#3216 = FACE_BOUND('',#3217,.F.);
#3217 = EDGE_LOOP('',(#3218,#3219,#3225,#3226));
#3218 = ORIENTED_EDGE('',*,*,#769,.F.);
#3219 = ORIENTED_EDGE('',*,*,#3220,.F.);
#3220 = EDGE_CURVE('',#2240,#761,#3221,.T.);
#3221 = LINE('',#3222,#3223);
#3222 = CARTESIAN_POINT('',(-10.08353878696,-12.42265050348,-4.5));
#3223 = VECTOR('',#3224,1.);
#3224 = DIRECTION('',(0.,0.,1.));
#3225 = ORIENTED_EDGE('',*,*,#2239,.T.);
#3226 = ORIENTED_EDGE('',*,*,#3204,.T.);
#3227 = CYLINDRICAL_SURFACE('',#3228,1.065);
#3228 = AXIS2_PLACEMENT_3D('',#3229,#3230,#3231);
#3229 = CARTESIAN_POINT('',(-11.14771590193,-12.38079279245,12.5));
#3230 = DIRECTION('',(0.,0.,1.));
#3231 = DIRECTION('',(-0.669130606359,-0.743144825477,0.));
#3232 = ADVANCED_FACE('',(#3233),#3244,.T.);
#3233 = FACE_BOUND('',#3234,.F.);
#3234 = EDGE_LOOP('',(#3235,#3236,#3237,#3243));
#3235 = ORIENTED_EDGE('',*,*,#3220,.T.);
#3236 = ORIENTED_EDGE('',*,*,#760,.F.);
#3237 = ORIENTED_EDGE('',*,*,#3238,.F.);
#3238 = EDGE_CURVE('',#2249,#706,#3239,.T.);
#3239 = LINE('',#3240,#3241);
#3240 = CARTESIAN_POINT('',(-8.698657862384,-13.42882539141,-4.5));
#3241 = VECTOR('',#3242,1.);
#3242 = DIRECTION('',(0.,0.,1.));
#3243 = ORIENTED_EDGE('',*,*,#2248,.T.);
#3244 = CYLINDRICAL_SURFACE('',#3245,16.);
#3245 = AXIS2_PLACEMENT_3D('',#3246,#3247,#3248);
#3246 = CARTESIAN_POINT('',(0.,0.,-4.5));
#3247 = DIRECTION('',(0.,0.,1.));
#3248 = DIRECTION('',(0.,1.,0.));
#3249 = ADVANCED_FACE('',(#3250),#3261,.F.);
#3250 = FACE_BOUND('',#3251,.F.);
#3251 = EDGE_LOOP('',(#3252,#3253,#3259,#3260));
#3252 = ORIENTED_EDGE('',*,*,#705,.F.);
#3253 = ORIENTED_EDGE('',*,*,#3254,.F.);
#3254 = EDGE_CURVE('',#2258,#697,#3255,.T.);
#3255 = LINE('',#3256,#3257);
#3256 = CARTESIAN_POINT('',(-7.280375000761,-14.24767138336,-4.5));
#3257 = VECTOR('',#3258,1.);
#3258 = DIRECTION('',(0.,0.,1.));
#3259 = ORIENTED_EDGE('',*,*,#2257,.T.);
#3260 = ORIENTED_EDGE('',*,*,#3238,.T.);
#3261 = CYLINDRICAL_SURFACE('',#3262,1.065);
#3262 = AXIS2_PLACEMENT_3D('',#3263,#3264,#3265);
#3263 = CARTESIAN_POINT('',(-8.33,-14.42798322704,12.5));
#3264 = DIRECTION('',(0.,0.,1.));
#3265 = DIRECTION('',(-0.5,-0.866025403784,0.));
#3266 = ADVANCED_FACE('',(#3267),#3278,.T.);
#3267 = FACE_BOUND('',#3268,.F.);
#3268 = EDGE_LOOP('',(#3269,#3270,#3271,#3277));
#3269 = ORIENTED_EDGE('',*,*,#3254,.T.);
#3270 = ORIENTED_EDGE('',*,*,#696,.F.);
#3271 = ORIENTED_EDGE('',*,*,#3272,.F.);
#3272 = EDGE_CURVE('',#2267,#642,#3273,.T.);
#3273 = LINE('',#3274,#3275);
#3274 = CARTESIAN_POINT('',(-5.716561524869,-14.9439260013,-4.5));
#3275 = VECTOR('',#3276,1.);
#3276 = DIRECTION('',(0.,0.,1.));
#3277 = ORIENTED_EDGE('',*,*,#2266,.T.);
#3278 = CYLINDRICAL_SURFACE('',#3279,16.);
#3279 = AXIS2_PLACEMENT_3D('',#3280,#3281,#3282);
#3280 = CARTESIAN_POINT('',(0.,0.,-4.5));
#3281 = DIRECTION('',(0.,0.,1.));
#3282 = DIRECTION('',(0.,1.,0.));
#3283 = ADVANCED_FACE('',(#3284),#3295,.F.);
#3284 = FACE_BOUND('',#3285,.F.);
#3285 = EDGE_LOOP('',(#3286,#3287,#3293,#3294));
#3286 = ORIENTED_EDGE('',*,*,#641,.F.);
#3287 = ORIENTED_EDGE('',*,*,#3288,.F.);
#3288 = EDGE_CURVE('',#2276,#633,#3289,.T.);
#3289 = LINE('',#3290,#3291);
#3290 = CARTESIAN_POINT('',(-4.159023891907,-15.45000065587,-4.5));
#3291 = VECTOR('',#3292,1.);
#3292 = DIRECTION('',(0.,0.,1.));
#3293 = ORIENTED_EDGE('',*,*,#2275,.T.);
#3294 = ORIENTED_EDGE('',*,*,#3272,.T.);
#3295 = CYLINDRICAL_SURFACE('',#3296,1.065);
#3296 = AXIS2_PLACEMENT_3D('',#3297,#3298,#3299);
#3297 = CARTESIAN_POINT('',(-5.148223126287,-15.84460156147,12.5));
#3298 = DIRECTION('',(0.,0.,1.));
#3299 = DIRECTION('',(-0.309016994375,-0.951056516295,0.));
#3300 = ADVANCED_FACE('',(#3301),#3312,.T.);
#3301 = FACE_BOUND('',#3302,.F.);
#3302 = EDGE_LOOP('',(#3303,#3304,#3305,#3311));
#3303 = ORIENTED_EDGE('',*,*,#3288,.T.);
#3304 = ORIENTED_EDGE('',*,*,#632,.F.);
#3305 = ORIENTED_EDGE('',*,*,#3306,.F.);
#3306 = EDGE_CURVE('',#2285,#578,#3307,.T.);
#3307 = LINE('',#3308,#3309);
#3308 = CARTESIAN_POINT('',(-2.484624017611,-15.80590533601,-4.5));
#3309 = VECTOR('',#3310,1.);
#3310 = DIRECTION('',(0.,0.,1.));
#3311 = ORIENTED_EDGE('',*,*,#2284,.T.);
#3312 = CYLINDRICAL_SURFACE('',#3313,16.);
#3313 = AXIS2_PLACEMENT_3D('',#3314,#3315,#3316);
#3314 = CARTESIAN_POINT('',(0.,0.,-4.5));
#3315 = DIRECTION('',(0.,0.,1.));
#3316 = DIRECTION('',(0.,1.,0.));
#3317 = ADVANCED_FACE('',(#3318),#3329,.F.);
#3318 = FACE_BOUND('',#3319,.F.);
#3319 = EDGE_LOOP('',(#3320,#3321,#3327,#3328));
#3320 = ORIENTED_EDGE('',*,*,#577,.F.);
#3321 = ORIENTED_EDGE('',*,*,#3322,.F.);
#3322 = EDGE_CURVE('',#2294,#569,#3323,.T.);
#3323 = LINE('',#3324,#3325);
#3324 = CARTESIAN_POINT('',(-0.855903481764,-15.97709076239,-4.5));
#3325 = VECTOR('',#3326,1.);
#3326 = DIRECTION('',(0.,0.,1.));
#3327 = ORIENTED_EDGE('',*,*,#2293,.T.);
#3328 = ORIENTED_EDGE('',*,*,#3306,.T.);
#3329 = CYLINDRICAL_SURFACE('',#3330,1.065);
#3330 = AXIS2_PLACEMENT_3D('',#3331,#3332,#3333);
#3331 = CARTESIAN_POINT('',(-1.741444198039,-16.56873477683,12.5));
#3332 = DIRECTION('',(0.,0.,1.));
#3333 = DIRECTION('',(-0.104528463268,-0.994521895368,0.));
#3334 = ADVANCED_FACE('',(#3335),#3346,.T.);
#3335 = FACE_BOUND('',#3336,.F.);
#3336 = EDGE_LOOP('',(#3337,#3338,#3339,#3345));
#3337 = ORIENTED_EDGE('',*,*,#3322,.T.);
#3338 = ORIENTED_EDGE('',*,*,#568,.F.);
#3339 = ORIENTED_EDGE('',*,*,#3340,.F.);
#3340 = EDGE_CURVE('',#2303,#514,#3341,.T.);
#3341 = LINE('',#3342,#3343);
#3342 = CARTESIAN_POINT('',(0.855903481764,-15.97709076239,-4.5));
#3343 = VECTOR('',#3344,1.);
#3344 = DIRECTION('',(0.,0.,1.));
#3345 = ORIENTED_EDGE('',*,*,#2302,.T.);
#3346 = CYLINDRICAL_SURFACE('',#3347,16.);
#3347 = AXIS2_PLACEMENT_3D('',#3348,#3349,#3350);
#3348 = CARTESIAN_POINT('',(0.,0.,-4.5));
#3349 = DIRECTION('',(0.,0.,1.));
#3350 = DIRECTION('',(0.,1.,0.));
#3351 = ADVANCED_FACE('',(#3352),#3363,.F.);
#3352 = FACE_BOUND('',#3353,.F.);
#3353 = EDGE_LOOP('',(#3354,#3355,#3361,#3362));
#3354 = ORIENTED_EDGE('',*,*,#513,.F.);
#3355 = ORIENTED_EDGE('',*,*,#3356,.F.);
#3356 = EDGE_CURVE('',#2312,#505,#3357,.T.);
#3357 = LINE('',#3358,#3359);
#3358 = CARTESIAN_POINT('',(2.484624017611,-15.80590533601,-4.5));
#3359 = VECTOR('',#3360,1.);
#3360 = DIRECTION('',(0.,0.,1.));
#3361 = ORIENTED_EDGE('',*,*,#2311,.T.);
#3362 = ORIENTED_EDGE('',*,*,#3340,.T.);
#3363 = CYLINDRICAL_SURFACE('',#3364,1.065);
#3364 = AXIS2_PLACEMENT_3D('',#3365,#3366,#3367);
#3365 = CARTESIAN_POINT('',(1.741444198039,-16.56873477683,12.5));
#3366 = DIRECTION('',(0.,0.,1.));
#3367 = DIRECTION('',(0.104528463268,-0.994521895368,0.));
#3368 = ADVANCED_FACE('',(#3369),#3380,.T.);
#3369 = FACE_BOUND('',#3370,.F.);
#3370 = EDGE_LOOP('',(#3371,#3372,#3373,#3379));
#3371 = ORIENTED_EDGE('',*,*,#3356,.T.);
#3372 = ORIENTED_EDGE('',*,*,#504,.F.);
#3373 = ORIENTED_EDGE('',*,*,#3374,.F.);
#3374 = EDGE_CURVE('',#2321,#450,#3375,.T.);
#3375 = LINE('',#3376,#3377);
#3376 = CARTESIAN_POINT('',(4.159023891907,-15.45000065587,-4.5));
#3377 = VECTOR('',#3378,1.);
#3378 = DIRECTION('',(0.,0.,1.));
#3379 = ORIENTED_EDGE('',*,*,#2320,.T.);
#3380 = CYLINDRICAL_SURFACE('',#3381,16.);
#3381 = AXIS2_PLACEMENT_3D('',#3382,#3383,#3384);
#3382 = CARTESIAN_POINT('',(0.,0.,-4.5));
#3383 = DIRECTION('',(0.,0.,1.));
#3384 = DIRECTION('',(0.,1.,0.));
#3385 = ADVANCED_FACE('',(#3386),#3397,.F.);
#3386 = FACE_BOUND('',#3387,.F.);
#3387 = EDGE_LOOP('',(#3388,#3389,#3395,#3396));
#3388 = ORIENTED_EDGE('',*,*,#449,.F.);
#3389 = ORIENTED_EDGE('',*,*,#3390,.F.);
#3390 = EDGE_CURVE('',#2330,#441,#3391,.T.);
#3391 = LINE('',#3392,#3393);
#3392 = CARTESIAN_POINT('',(5.716561524869,-14.9439260013,-4.5));
#3393 = VECTOR('',#3394,1.);
#3394 = DIRECTION('',(0.,0.,1.));
#3395 = ORIENTED_EDGE('',*,*,#2329,.T.);
#3396 = ORIENTED_EDGE('',*,*,#3374,.T.);
#3397 = CYLINDRICAL_SURFACE('',#3398,1.065);
#3398 = AXIS2_PLACEMENT_3D('',#3399,#3400,#3401);
#3399 = CARTESIAN_POINT('',(5.148223126287,-15.84460156147,12.5));
#3400 = DIRECTION('',(0.,0.,1.));
#3401 = DIRECTION('',(0.309016994375,-0.951056516295,0.));
#3402 = ADVANCED_FACE('',(#3403),#3414,.T.);
#3403 = FACE_BOUND('',#3404,.F.);
#3404 = EDGE_LOOP('',(#3405,#3406,#3407,#3413));
#3405 = ORIENTED_EDGE('',*,*,#3390,.T.);
#3406 = ORIENTED_EDGE('',*,*,#440,.F.);
#3407 = ORIENTED_EDGE('',*,*,#3408,.F.);
#3408 = EDGE_CURVE('',#2339,#386,#3409,.T.);
#3409 = LINE('',#3410,#3411);
#3410 = CARTESIAN_POINT('',(7.280375000761,-14.24767138336,-4.5));
#3411 = VECTOR('',#3412,1.);
#3412 = DIRECTION('',(0.,0.,1.));
#3413 = ORIENTED_EDGE('',*,*,#2338,.T.);
#3414 = CYLINDRICAL_SURFACE('',#3415,16.);
#3415 = AXIS2_PLACEMENT_3D('',#3416,#3417,#3418);
#3416 = CARTESIAN_POINT('',(0.,0.,-4.5));
#3417 = DIRECTION('',(0.,0.,1.));
#3418 = DIRECTION('',(0.,1.,0.));
#3419 = ADVANCED_FACE('',(#3420),#3431,.F.);
#3420 = FACE_BOUND('',#3421,.F.);
#3421 = EDGE_LOOP('',(#3422,#3423,#3429,#3430));
#3422 = ORIENTED_EDGE('',*,*,#385,.F.);
#3423 = ORIENTED_EDGE('',*,*,#3424,.F.);
#3424 = EDGE_CURVE('',#2348,#377,#3425,.T.);
#3425 = LINE('',#3426,#3427);
#3426 = CARTESIAN_POINT('',(8.698657862384,-13.42882539141,-4.5));
#3427 = VECTOR('',#3428,1.);
#3428 = DIRECTION('',(0.,0.,1.));
#3429 = ORIENTED_EDGE('',*,*,#2347,.T.);
#3430 = ORIENTED_EDGE('',*,*,#3408,.T.);
#3431 = CYLINDRICAL_SURFACE('',#3432,1.065);
#3432 = AXIS2_PLACEMENT_3D('',#3433,#3434,#3435);
#3433 = CARTESIAN_POINT('',(8.33,-14.42798322704,12.5));
#3434 = DIRECTION('',(0.,0.,1.));
#3435 = DIRECTION('',(0.5,-0.866025403784,0.));
#3436 = ADVANCED_FACE('',(#3437),#3448,.T.);
#3437 = FACE_BOUND('',#3438,.F.);
#3438 = EDGE_LOOP('',(#3439,#3440,#3441,#3447));
#3439 = ORIENTED_EDGE('',*,*,#3424,.T.);
#3440 = ORIENTED_EDGE('',*,*,#376,.F.);
#3441 = ORIENTED_EDGE('',*,*,#3442,.F.);
#3442 = EDGE_CURVE('',#2357,#322,#3443,.T.);
#3443 = LINE('',#3444,#3445);
#3444 = CARTESIAN_POINT('',(10.083538786968,-12.42265050348,-4.5));
#3445 = VECTOR('',#3446,1.);
#3446 = DIRECTION('',(0.,0.,1.));
#3447 = ORIENTED_EDGE('',*,*,#2356,.T.);
#3448 = CYLINDRICAL_SURFACE('',#3449,16.);
#3449 = AXIS2_PLACEMENT_3D('',#3450,#3451,#3452);
#3450 = CARTESIAN_POINT('',(0.,0.,-4.5));
#3451 = DIRECTION('',(0.,0.,1.));
#3452 = DIRECTION('',(0.,1.,0.));
#3453 = ADVANCED_FACE('',(#3454),#3465,.F.);
#3454 = FACE_BOUND('',#3455,.F.);
#3455 = EDGE_LOOP('',(#3456,#3457,#3463,#3464));
#3456 = ORIENTED_EDGE('',*,*,#321,.F.);
#3457 = ORIENTED_EDGE('',*,*,#3458,.F.);
#3458 = EDGE_CURVE('',#2366,#313,#3459,.T.);
#3459 = LINE('',#3460,#3461);
#3460 = CARTESIAN_POINT('',(11.300581110521,-11.32682067327,-4.5));
#3461 = VECTOR('',#3462,1.);
#3462 = DIRECTION('',(0.,0.,1.));
#3463 = ORIENTED_EDGE('',*,*,#2365,.T.);
#3464 = ORIENTED_EDGE('',*,*,#3442,.T.);
#3465 = CYLINDRICAL_SURFACE('',#3466,1.065);
#3466 = AXIS2_PLACEMENT_3D('',#3467,#3468,#3469);
#3467 = CARTESIAN_POINT('',(11.147715901939,-12.38079279245,12.5));
#3468 = DIRECTION('',(0.,0.,1.));
#3469 = DIRECTION('',(0.669130606359,-0.743144825477,0.));
#3470 = ADVANCED_FACE('',(#3471),#3482,.T.);
#3471 = FACE_BOUND('',#3472,.F.);
#3472 = EDGE_LOOP('',(#3473,#3474,#3475,#3481));
#3473 = ORIENTED_EDGE('',*,*,#3458,.T.);
#3474 = ORIENTED_EDGE('',*,*,#312,.F.);
#3475 = ORIENTED_EDGE('',*,*,#3476,.F.);
#3476 = EDGE_CURVE('',#2375,#258,#3477,.T.);
#3477 = LINE('',#3478,#3479);
#3478 = CARTESIAN_POINT('',(12.446003541996,-10.05470018611,-4.5));
#3479 = VECTOR('',#3480,1.);
#3480 = DIRECTION('',(0.,0.,1.));
#3481 = ORIENTED_EDGE('',*,*,#2374,.T.);
#3482 = CYLINDRICAL_SURFACE('',#3483,16.);
#3483 = AXIS2_PLACEMENT_3D('',#3484,#3485,#3486);
#3484 = CARTESIAN_POINT('',(0.,0.,-4.5));
#3485 = DIRECTION('',(0.,0.,1.));
#3486 = DIRECTION('',(0.,1.,0.));
#3487 = ADVANCED_FACE('',(#3488),#3499,.F.);
#3488 = FACE_BOUND('',#3489,.F.);
#3489 = EDGE_LOOP('',(#3490,#3491,#3497,#3498));
#3490 = ORIENTED_EDGE('',*,*,#257,.F.);
#3491 = ORIENTED_EDGE('',*,*,#3492,.F.);
#3492 = EDGE_CURVE('',#2384,#249,#3493,.T.);
#3493 = LINE('',#3494,#3495);
#3494 = CARTESIAN_POINT('',(13.408614737924,-8.729779539594,-4.5));
#3495 = VECTOR('',#3496,1.);
#3496 = DIRECTION('',(0.,0.,1.));
#3497 = ORIENTED_EDGE('',*,*,#2383,.T.);
#3498 = ORIENTED_EDGE('',*,*,#3476,.T.);
#3499 = CYLINDRICAL_SURFACE('',#3500,1.065);
#3500 = AXIS2_PLACEMENT_3D('',#3501,#3502,#3503);
#3501 = CARTESIAN_POINT('',(13.478223126287,-9.792502303193,12.5));
#3502 = DIRECTION('',(0.,0.,1.));
#3503 = DIRECTION('',(0.809016994375,-0.587785252292,0.));
#3504 = ADVANCED_FACE('',(#3505),#3516,.T.);
#3505 = FACE_BOUND('',#3506,.F.);
#3506 = EDGE_LOOP('',(#3507,#3508,#3509,#3515));
#3507 = ORIENTED_EDGE('',*,*,#3492,.T.);
#3508 = ORIENTED_EDGE('',*,*,#248,.F.);
#3509 = ORIENTED_EDGE('',*,*,#3510,.F.);
#3510 = EDGE_CURVE('',#2393,#194,#3511,.T.);
#3511 = LINE('',#3512,#3513);
#3512 = CARTESIAN_POINT('',(14.264518219689,-7.247311222803,-4.5));
#3513 = VECTOR('',#3514,1.);
#3514 = DIRECTION('',(0.,0.,1.));
#3515 = ORIENTED_EDGE('',*,*,#2392,.T.);
#3516 = CYLINDRICAL_SURFACE('',#3517,16.);
#3517 = AXIS2_PLACEMENT_3D('',#3518,#3519,#3520);
#3518 = CARTESIAN_POINT('',(0.,0.,-4.5));
#3519 = DIRECTION('',(0.,0.,1.));
#3520 = DIRECTION('',(0.,1.,0.));
#3521 = ADVANCED_FACE('',(#3522),#3533,.F.);
#3522 = FACE_BOUND('',#3523,.F.);
#3523 = EDGE_LOOP('',(#3524,#3525,#3531,#3532));
#3524 = ORIENTED_EDGE('',*,*,#193,.F.);
#3525 = ORIENTED_EDGE('',*,*,#3526,.F.);
#3526 = EDGE_CURVE('',#2402,#185,#3527,.T.);
#3527 = LINE('',#3528,#3529);
#3528 = CARTESIAN_POINT('',(14.930627559608,-5.751205149904,-4.5));
#3529 = VECTOR('',#3530,1.);
#3530 = DIRECTION('',(0.,0.,1.));
#3531 = ORIENTED_EDGE('',*,*,#2401,.T.);
#3532 = ORIENTED_EDGE('',*,*,#3510,.T.);
#3533 = CYLINDRICAL_SURFACE('',#3534,1.065);
#3534 = AXIS2_PLACEMENT_3D('',#3535,#3536,#3537);
#3535 = CARTESIAN_POINT('',(15.219667324326,-6.776232473643,12.5));
#3536 = DIRECTION('',(0.,0.,1.));
#3537 = DIRECTION('',(0.913545457643,-0.406736643076,0.));
#3538 = ADVANCED_FACE('',(#3539),#3550,.T.);
#3539 = FACE_BOUND('',#3540,.F.);
#3540 = EDGE_LOOP('',(#3541,#3542,#3543,#3549));
#3541 = ORIENTED_EDGE('',*,*,#3526,.T.);
#3542 = ORIENTED_EDGE('',*,*,#184,.F.);
#3543 = ORIENTED_EDGE('',*,*,#3544,.F.);
#3544 = EDGE_CURVE('',#2411,#130,#3545,.T.);
#3545 = LINE('',#3546,#3547);
#3546 = CARTESIAN_POINT('',(15.459605002428,-4.1231799826,-4.5));
#3547 = VECTOR('',#3548,1.);
#3548 = DIRECTION('',(0.,0.,1.));
#3549 = ORIENTED_EDGE('',*,*,#2410,.T.);
#3550 = CYLINDRICAL_SURFACE('',#3551,16.);
#3551 = AXIS2_PLACEMENT_3D('',#3552,#3553,#3554);
#3552 = CARTESIAN_POINT('',(0.,0.,-4.5));
#3553 = DIRECTION('',(0.,0.,1.));
#3554 = DIRECTION('',(0.,1.,0.));
#3555 = ADVANCED_FACE('',(#3556),#3567,.F.);
#3556 = FACE_BOUND('',#3557,.F.);
#3557 = EDGE_LOOP('',(#3558,#3559,#3565,#3566));
#3558 = ORIENTED_EDGE('',*,*,#129,.F.);
#3559 = ORIENTED_EDGE('',*,*,#3560,.F.);
#3560 = EDGE_CURVE('',#2420,#121,#3561,.T.);
#3561 = LINE('',#3562,#3563);
#3562 = CARTESIAN_POINT('',(15.800100311837,-2.521275497818,-4.5));
#3563 = VECTOR('',#3564,1.);
#3564 = DIRECTION('',(0.,0.,1.));
#3565 = ORIENTED_EDGE('',*,*,#2419,.T.);
#3566 = ORIENTED_EDGE('',*,*,#3544,.T.);
#3567 = CYLINDRICAL_SURFACE('',#3568,1.065);
#3568 = AXIS2_PLACEMENT_3D('',#3569,#3570,#3571);
#3569 = CARTESIAN_POINT('',(16.295939028225,-3.463808769024,12.5));
#3570 = DIRECTION('',(0.,0.,1.));
#3571 = DIRECTION('',(0.978147600734,-0.207911690818,0.));
#3572 = ADVANCED_FACE('',(#3573),#3579,.T.);
#3573 = FACE_BOUND('',#3574,.F.);
#3574 = EDGE_LOOP('',(#3575,#3576,#3577,#3578));
#3575 = ORIENTED_EDGE('',*,*,#3560,.T.);
#3576 = ORIENTED_EDGE('',*,*,#120,.F.);
#3577 = ORIENTED_EDGE('',*,*,#2599,.F.);
#3578 = ORIENTED_EDGE('',*,*,#2428,.T.);
#3579 = CYLINDRICAL_SURFACE('',#3580,16.);
#3580 = AXIS2_PLACEMENT_3D('',#3581,#3582,#3583);
#3581 = CARTESIAN_POINT('',(0.,0.,-4.5));
#3582 = DIRECTION('',(0.,0.,1.));
#3583 = DIRECTION('',(0.,1.,0.));
#3584 = ADVANCED_FACE('',(#3585),#3604,.F.);
#3585 = FACE_BOUND('',#3586,.F.);
#3586 = EDGE_LOOP('',(#3587,#3596,#3602,#3603));
#3587 = ORIENTED_EDGE('',*,*,#3588,.T.);
#3588 = EDGE_CURVE('',#3589,#3589,#3591,.T.);
#3589 = VERTEX_POINT('',#3590);
#3590 = CARTESIAN_POINT('',(0.,14.,10.5));
#3591 = CIRCLE('',#3592,14.);
#3592 = AXIS2_PLACEMENT_3D('',#3593,#3594,#3595);
#3593 = CARTESIAN_POINT('',(0.,0.,10.5));
#3594 = DIRECTION('',(0.,0.,-1.));
#3595 = DIRECTION('',(0.,1.,0.));
#3596 = ORIENTED_EDGE('',*,*,#3597,.T.);
#3597 = EDGE_CURVE('',#3589,#2565,#3598,.T.);
#3598 = LINE('',#3599,#3600);
#3599 = CARTESIAN_POINT('',(0.,14.,10.5));
#3600 = VECTOR('',#3601,1.);
#3601 = DIRECTION('',(0.,0.,-1.));
#3602 = ORIENTED_EDGE('',*,*,#2564,.F.);
#3603 = ORIENTED_EDGE('',*,*,#3597,.F.);
#3604 = CYLINDRICAL_SURFACE('',#3605,14.);
#3605 = AXIS2_PLACEMENT_3D('',#3606,#3607,#3608);
#3606 = CARTESIAN_POINT('',(0.,0.,10.5));
#3607 = DIRECTION('',(-0.,-0.,-1.));
#3608 = DIRECTION('',(0.,1.,0.));
#3609 = ADVANCED_FACE('',(#3610,#3621),#3624,.T.);
#3610 = FACE_BOUND('',#3611,.F.);
#3611 = EDGE_LOOP('',(#3612));
#3612 = ORIENTED_EDGE('',*,*,#3613,.T.);
#3613 = EDGE_CURVE('',#3614,#3614,#3616,.T.);
#3614 = VERTEX_POINT('',#3615);
#3615 = CARTESIAN_POINT('',(0.,5.14,10.5));
#3616 = CIRCLE('',#3617,5.14);
#3617 = AXIS2_PLACEMENT_3D('',#3618,#3619,#3620);
#3618 = CARTESIAN_POINT('',(0.,0.,10.5));
#3619 = DIRECTION('',(0.,0.,-1.));
#3620 = DIRECTION('',(0.,1.,0.));
#3621 = FACE_BOUND('',#3622,.F.);
#3622 = EDGE_LOOP('',(#3623));
#3623 = ORIENTED_EDGE('',*,*,#3588,.F.);
#3624 = PLANE('',#3625);
#3625 = AXIS2_PLACEMENT_3D('',#3626,#3627,#3628);
#3626 = CARTESIAN_POINT('',(0.,0.,10.5));
#3627 = DIRECTION('',(-0.,-0.,-1.));
#3628 = DIRECTION('',(0.,1.,0.));
#3629 = ADVANCED_FACE('',(#3630),#3649,.T.);
#3630 = FACE_BOUND('',#3631,.F.);
#3631 = EDGE_LOOP('',(#3632,#3641,#3647,#3648));
#3632 = ORIENTED_EDGE('',*,*,#3633,.T.);
#3633 = EDGE_CURVE('',#3634,#3634,#3636,.T.);
#3634 = VERTEX_POINT('',#3635);
#3635 = CARTESIAN_POINT('',(0.,5.14,0.));
#3636 = CIRCLE('',#3637,5.14);
#3637 = AXIS2_PLACEMENT_3D('',#3638,#3639,#3640);
#3638 = CARTESIAN_POINT('',(0.,0.,0.));
#3639 = DIRECTION('',(0.,0.,-1.));
#3640 = DIRECTION('',(0.,1.,0.));
#3641 = ORIENTED_EDGE('',*,*,#3642,.T.);
#3642 = EDGE_CURVE('',#3634,#3614,#3643,.T.);
#3643 = LINE('',#3644,#3645);
#3644 = CARTESIAN_POINT('',(0.,5.14,0.));
#3645 = VECTOR('',#3646,1.);
#3646 = DIRECTION('',(0.,0.,1.));
#3647 = ORIENTED_EDGE('',*,*,#3613,.F.);
#3648 = ORIENTED_EDGE('',*,*,#3642,.F.);
#3649 = CYLINDRICAL_SURFACE('',#3650,5.14);
#3650 = AXIS2_PLACEMENT_3D('',#3651,#3652,#3653);
#3651 = CARTESIAN_POINT('',(0.,0.,0.));
#3652 = DIRECTION('',(0.,0.,1.));
#3653 = DIRECTION('',(0.,1.,0.));
#3654 = ADVANCED_FACE('',(#3655,#3658),#3686,.T.);
#3655 = FACE_BOUND('',#3656,.T.);
#3656 = EDGE_LOOP('',(#3657));
#3657 = ORIENTED_EDGE('',*,*,#3633,.T.);
#3658 = FACE_BOUND('',#3659,.F.);
#3659 = EDGE_LOOP('',(#3660,#3671,#3679));
#3660 = ORIENTED_EDGE('',*,*,#3661,.T.);
#3661 = EDGE_CURVE('',#3662,#3664,#3666,.T.);
#3662 = VERTEX_POINT('',#3663);
#3663 = CARTESIAN_POINT('',(0.,3.14,0.));
#3664 = VERTEX_POINT('',#3665);
#3665 = CARTESIAN_POINT('',(2.730769122453,-1.55,0.));
#3666 = CIRCLE('',#3667,3.14);
#3667 = AXIS2_PLACEMENT_3D('',#3668,#3669,#3670);
#3668 = CARTESIAN_POINT('',(0.,0.,0.));
#3669 = DIRECTION('',(0.,0.,-1.));
#3670 = DIRECTION('',(0.,1.,0.));
#3671 = ORIENTED_EDGE('',*,*,#3672,.T.);
#3672 = EDGE_CURVE('',#3664,#3673,#3675,.T.);
#3673 = VERTEX_POINT('',#3674);
#3674 = CARTESIAN_POINT('',(-2.730769122453,-1.55,0.));
#3675 = LINE('',#3676,#3677);
#3676 = CARTESIAN_POINT('',(2.730769122453,-1.55,0.));
#3677 = VECTOR('',#3678,1.);
#3678 = DIRECTION('',(-1.,-4.065605603553E-17,0.));
#3679 = ORIENTED_EDGE('',*,*,#3680,.T.);
#3680 = EDGE_CURVE('',#3673,#3662,#3681,.T.);
#3681 = CIRCLE('',#3682,3.14);
#3682 = AXIS2_PLACEMENT_3D('',#3683,#3684,#3685);
#3683 = CARTESIAN_POINT('',(0.,0.,0.));
#3684 = DIRECTION('',(0.,0.,-1.));
#3685 = DIRECTION('',(0.,1.,0.));
#3686 = PLANE('',#3687);
#3687 = AXIS2_PLACEMENT_3D('',#3688,#3689,#3690);
#3688 = CARTESIAN_POINT('',(0.,0.,0.));
#3689 = DIRECTION('',(-0.,-0.,-1.));
#3690 = DIRECTION('',(0.,1.,0.));
#3691 = ADVANCED_FACE('',(#3692),#3728,.F.);
#3692 = FACE_BOUND('',#3693,.F.);
#3693 = EDGE_LOOP('',(#3694,#3702,#3703,#3704,#3712,#3721));
#3694 = ORIENTED_EDGE('',*,*,#3695,.F.);
#3695 = EDGE_CURVE('',#3664,#3696,#3698,.T.);
#3696 = VERTEX_POINT('',#3697);
#3697 = CARTESIAN_POINT('',(2.730769122453,-1.55,10.5));
#3698 = LINE('',#3699,#3700);
#3699 = CARTESIAN_POINT('',(2.730769122453,-1.55,0.));
#3700 = VECTOR('',#3701,1.);
#3701 = DIRECTION('',(0.,0.,1.));
#3702 = ORIENTED_EDGE('',*,*,#3661,.F.);
#3703 = ORIENTED_EDGE('',*,*,#3680,.F.);
#3704 = ORIENTED_EDGE('',*,*,#3705,.T.);
#3705 = EDGE_CURVE('',#3673,#3706,#3708,.T.);
#3706 = VERTEX_POINT('',#3707);
#3707 = CARTESIAN_POINT('',(-2.730769122453,-1.55,10.5));
#3708 = LINE('',#3709,#3710);
#3709 = CARTESIAN_POINT('',(-2.730769122453,-1.55,0.));
#3710 = VECTOR('',#3711,1.);
#3711 = DIRECTION('',(0.,0.,1.));
#3712 = ORIENTED_EDGE('',*,*,#3713,.T.);
#3713 = EDGE_CURVE('',#3706,#3714,#3716,.T.);
#3714 = VERTEX_POINT('',#3715);
#3715 = CARTESIAN_POINT('',(0.,3.14,10.5));
#3716 = CIRCLE('',#3717,3.14);
#3717 = AXIS2_PLACEMENT_3D('',#3718,#3719,#3720);
#3718 = CARTESIAN_POINT('',(0.,0.,10.5));
#3719 = DIRECTION('',(0.,0.,-1.));
#3720 = DIRECTION('',(0.,1.,0.));
#3721 = ORIENTED_EDGE('',*,*,#3722,.T.);
#3722 = EDGE_CURVE('',#3714,#3696,#3723,.T.);
#3723 = CIRCLE('',#3724,3.14);
#3724 = AXIS2_PLACEMENT_3D('',#3725,#3726,#3727);
#3725 = CARTESIAN_POINT('',(0.,0.,10.5));
#3726 = DIRECTION('',(0.,0.,-1.));
#3727 = DIRECTION('',(0.,1.,0.));
#3728 = CYLINDRICAL_SURFACE('',#3729,3.14);
#3729 = AXIS2_PLACEMENT_3D('',#3730,#3731,#3732);
#3730 = CARTESIAN_POINT('',(0.,0.,10.5));
#3731 = DIRECTION('',(-0.,-0.,-1.));
#3732 = DIRECTION('',(0.,1.,0.));
#3733 = ADVANCED_FACE('',(#3734),#3745,.F.);
#3734 = FACE_BOUND('',#3735,.F.);
#3735 = EDGE_LOOP('',(#3736,#3737,#3738,#3744));
#3736 = ORIENTED_EDGE('',*,*,#3672,.F.);
#3737 = ORIENTED_EDGE('',*,*,#3695,.T.);
#3738 = ORIENTED_EDGE('',*,*,#3739,.T.);
#3739 = EDGE_CURVE('',#3696,#3706,#3740,.T.);
#3740 = LINE('',#3741,#3742);
#3741 = CARTESIAN_POINT('',(1.365384561226,-1.55,10.5));
#3742 = VECTOR('',#3743,1.);
#3743 = DIRECTION('',(-1.,-4.065605603553E-17,0.));
#3744 = ORIENTED_EDGE('',*,*,#3705,.F.);
#3745 = PLANE('',#3746);
#3746 = AXIS2_PLACEMENT_3D('',#3747,#3748,#3749);
#3747 = CARTESIAN_POINT('',(2.730769122453,-1.55,0.));
#3748 = DIRECTION('',(4.065605603553E-17,-1.,0.));
#3749 = DIRECTION('',(-1.,-4.065605603553E-17,0.));
#3750 = ADVANCED_FACE('',(#3751),#3756,.T.);
#3751 = FACE_BOUND('',#3752,.F.);
#3752 = EDGE_LOOP('',(#3753,#3754,#3755));
#3753 = ORIENTED_EDGE('',*,*,#3722,.F.);
#3754 = ORIENTED_EDGE('',*,*,#3713,.F.);
#3755 = ORIENTED_EDGE('',*,*,#3739,.F.);
#3756 = PLANE('',#3757);
#3757 = AXIS2_PLACEMENT_3D('',#3758,#3759,#3760);
#3758 = CARTESIAN_POINT('',(0.,0.,10.5));
#3759 = DIRECTION('',(-0.,-0.,-1.));
#3760 = DIRECTION('',(0.,1.,0.));
#3761 = ( GEOMETRIC_REPRESENTATION_CONTEXT(3) 
GLOBAL_UNCERTAINTY_ASSIGNED_CONTEXT((#3765)) 
GLOBAL_UNIT_ASSIGNED_CONTEXT((#3762,#3763,#3764)) REPRESENTATION_CONTEXT
('Context #1','3D Context with UNIT and UNCERTAINTY') );
#3762 = ( LENGTH_UNIT() NAMED_UNIT(*) SI_UNIT(.MILLI.,.METRE.) );
#3763 = ( NAMED_UNIT(*) PLANE_ANGLE_UNIT() SI_UNIT($,.RADIAN.) );
#3764 = ( NAMED_UNIT(*) SI_UNIT($,.STERADIAN.) SOLID_ANGLE_UNIT() );
#3765 = UNCERTAINTY_MEASURE_WITH_UNIT(LENGTH_MEASURE(1.E-07),#3762,
  'distance_accuracy_value','confusion accuracy');
#3766 = PRODUCT_RELATED_PRODUCT_CATEGORY('part',$,(#7));
#3767 = MECHANICAL_DESIGN_GEOMETRIC_PRESENTATION_REPRESENTATION('',(
    #3768),#3761);
#3768 = STYLED_ITEM('color',(#3769),#15);
#3769 = PRESENTATION_STYLE_ASSIGNMENT((#3770,#3776));
#3770 = SURFACE_STYLE_USAGE(.BOTH.,#3771);
#3771 = SURFACE_SIDE_STYLE('',(#3772));
#3772 = SURFACE_STYLE_FILL_AREA(#3773);
#3773 = FILL_AREA_STYLE('',(#3774));
#3774 = FILL_AREA_STYLE_COLOUR('',#3775);
#3775 = COLOUR_RGB('',1.,0.698039232327,0.54901964059);
#3776 = CURVE_STYLE('',#3777,POSITIVE_LENGTH_MEASURE(0.1),#3778);
#3777 = DRAUGHTING_PRE_DEFINED_CURVE_FONT('continuous');
#3778 = COLOUR_RGB('',9.803921802644E-02,9.803921802644E-02,
  9.803921802644E-02);
ENDSEC;
END-ISO-10303-21;
