ISO-10303-21;
HEADER;
FILE_DESCRIPTION(('FreeCAD Model'),'2;1');
FILE_NAME('Open CASCADE Shape Model','2026-09-27T10:58:07',(''),(''),
  'Open CASCADE STEP processor 7.8','FreeCAD','Unknown');
FILE_SCHEMA(('AUTOMOTIVE_DESIGN { 1 0 10303 214 1 1 1 1 }'));
ENDSEC;
DATA;
#1 = APPLICATION_PROTOCOL_DEFINITION('international standard',
  'automotive_design',2000,#2);
#2 = APPLICATION_CONTEXT(
  'core data for automotive mechanical design processes');
#3 = SHAPE_DEFINITION_REPRESENTATION(#4,#10);
#4 = PRODUCT_DEFINITION_SHAPE('','',#5);
#5 = PRODUCT_DEFINITION('design','',#6,#9);
#6 = PRODUCT_DEFINITION_FORMATION('','',#7);
#7 = PRODUCT('Unnamed','Unnamed','',(#8));
#8 = PRODUCT_CONTEXT('',#2,'mechanical');
#9 = PRODUCT_DEFINITION_CONTEXT('part definition',#2,'design');
#10 = SHAPE_REPRESENTATION('',(#11,#15,#19),#23);
#11 = AXIS2_PLACEMENT_3D('',#12,#13,#14);
#12 = CARTESIAN_POINT('',(0.,0.,0.));
#13 = DIRECTION('',(0.,0.,1.));
#14 = DIRECTION('',(1.,0.,-0.));
#15 = AXIS2_PLACEMENT_3D('',#16,#17,#18);
#16 = CARTESIAN_POINT('',(-202.4783185452,129.21268582352,1.089807971266
    ));
#17 = DIRECTION('',(0.,0.,1.));
#18 = DIRECTION('',(1.,0.,0.));
#19 = AXIS2_PLACEMENT_3D('',#20,#21,#22);
#20 = CARTESIAN_POINT('',(-202.4783185452,129.21268582352,1.089807971266
    ));
#21 = DIRECTION('',(0.,0.,1.));
#22 = DIRECTION('',(1.,0.,0.));
#23 = ( GEOMETRIC_REPRESENTATION_CONTEXT(3) 
GLOBAL_UNCERTAINTY_ASSIGNED_CONTEXT((#27)) GLOBAL_UNIT_ASSIGNED_CONTEXT(
(#24,#25,#26)) REPRESENTATION_CONTEXT('Context #1',
  '3D Context with UNIT and UNCERTAINTY') );
#24 = ( LENGTH_UNIT() NAMED_UNIT(*) SI_UNIT(.MILLI.,.METRE.) );
#25 = ( NAMED_UNIT(*) PLANE_ANGLE_UNIT() SI_UNIT($,.RADIAN.) );
#26 = ( NAMED_UNIT(*) SI_UNIT($,.STERADIAN.) SOLID_ANGLE_UNIT() );
#27 = UNCERTAINTY_MEASURE_WITH_UNIT(LENGTH_MEASURE(2.E-05),#24,
  'distance_accuracy_value','confusion accuracy');
#28 = PRODUCT_RELATED_PRODUCT_CATEGORY('part',$,(#7));
#29 = SHAPE_DEFINITION_REPRESENTATION(#30,#36);
#30 = PRODUCT_DEFINITION_SHAPE('','',#31);
#31 = PRODUCT_DEFINITION('design','',#32,#35);
#32 = PRODUCT_DEFINITION_FORMATION('','',#33);
#33 = PRODUCT('V3 • low-profile base','V3 • low-profile base','',(
    #34));
#34 = PRODUCT_CONTEXT('',#2,'mechanical');
#35 = PRODUCT_DEFINITION_CONTEXT('part definition',#2,'design');
#36 = ADVANCED_BREP_SHAPE_REPRESENTATION('',(#11,#37),#2182);
#37 = MANIFOLD_SOLID_BREP('',#38);
#38 = CLOSED_SHELL('',(#39,#176,#207,#232,#257,#281,#305,#330,#355,#411,
    #435,#453,#478,#503,#528,#553,#711,#735,#759,#808,#828,#848,#868,
    #888,#921,#961,#986,#1042,#1067,#1107,#1131,#1164,#1204,#1244,#1269,
    #1295,#1335,#1368,#1392,#1416,#1433,#1457,#1481,#1505,#1529,#1672,
    #1700,#1716,#1744,#1760,#1788,#1804,#1825,#1837,#1862,#1893,#1917,
    #1941,#1958,#1983,#2008,#2028,#2040,#2060,#2080,#2105,#2130,#2155,
    #2164,#2173));
#39 = ADVANCED_FACE('',(#40,#127,#138,#149,#160),#171,.F.);
#40 = FACE_BOUND('',#41,.F.);
#41 = EDGE_LOOP('',(#42,#52,#61,#69,#78,#86,#95,#103,#112,#120));
#42 = ORIENTED_EDGE('',*,*,#43,.T.);
#43 = EDGE_CURVE('',#44,#46,#48,.T.);
#44 = VERTEX_POINT('',#45);
#45 = CARTESIAN_POINT('',(17.15,-120.26,-4.995));
#46 = VERTEX_POINT('',#47);
#47 = CARTESIAN_POINT('',(134.95014903061,-120.26,-4.995));
#48 = LINE('',#49,#50);
#49 = CARTESIAN_POINT('',(14.65,-120.26,-4.995));
#50 = VECTOR('',#51,1.);
#51 = DIRECTION('',(1.,0.,0.));
#52 = ORIENTED_EDGE('',*,*,#53,.T.);
#53 = EDGE_CURVE('',#46,#54,#56,.T.);
#54 = VERTEX_POINT('',#55);
#55 = CARTESIAN_POINT('',(136.19506285825,-119.9279920575,-4.995));
#56 = CIRCLE('',#57,2.5);
#57 = AXIS2_PLACEMENT_3D('',#58,#59,#60);
#58 = CARTESIAN_POINT('',(134.95014903061,-117.76,-4.995));
#59 = DIRECTION('',(-0.,0.,1.));
#60 = DIRECTION('',(0.,-1.,0.));
#61 = ORIENTED_EDGE('',*,*,#62,.T.);
#62 = EDGE_CURVE('',#54,#63,#65,.T.);
#63 = VERTEX_POINT('',#64);
#64 = CARTESIAN_POINT('',(190.12491382764,-88.96015849952,-4.995));
#65 = LINE('',#66,#67);
#66 = CARTESIAN_POINT('',(135.61687779336,-120.26,-4.995));
#67 = VECTOR('',#68,1.);
#68 = DIRECTION('',(0.867196823034,0.497965531057,0.));
#69 = ORIENTED_EDGE('',*,*,#70,.T.);
#70 = EDGE_CURVE('',#63,#71,#73,.T.);
#71 = VERTEX_POINT('',#72);
#72 = CARTESIAN_POINT('',(191.38,-86.79216644194,-4.995));
#73 = CIRCLE('',#74,2.5);
#74 = AXIS2_PLACEMENT_3D('',#75,#76,#77);
#75 = CARTESIAN_POINT('',(188.88,-86.79216644194,-4.995));
#76 = DIRECTION('',(-0.,0.,1.));
#77 = DIRECTION('',(0.,-1.,0.));
#78 = ORIENTED_EDGE('',*,*,#79,.T.);
#79 = EDGE_CURVE('',#71,#80,#82,.T.);
#80 = VERTEX_POINT('',#81);
#81 = CARTESIAN_POINT('',(191.38,-13.812,-4.995));
#82 = LINE('',#83,#84);
#83 = CARTESIAN_POINT('',(191.38,-88.23945745941,-4.995));
#84 = VECTOR('',#85,1.);
#85 = DIRECTION('',(0.,1.,0.));
#86 = ORIENTED_EDGE('',*,*,#87,.F.);
#87 = EDGE_CURVE('',#88,#80,#90,.T.);
#88 = VERTEX_POINT('',#89);
#89 = CARTESIAN_POINT('',(188.88,-11.312,-4.995));
#90 = CIRCLE('',#91,2.5);
#91 = AXIS2_PLACEMENT_3D('',#92,#93,#94);
#92 = CARTESIAN_POINT('',(188.88,-13.812,-4.995));
#93 = DIRECTION('',(-0.,-0.,-1.));
#94 = DIRECTION('',(0.,-1.,0.));
#95 = ORIENTED_EDGE('',*,*,#96,.T.);
#96 = EDGE_CURVE('',#88,#97,#99,.T.);
#97 = VERTEX_POINT('',#98);
#98 = CARTESIAN_POINT('',(17.15,-11.312,-4.995));
#99 = LINE('',#100,#101);
#100 = CARTESIAN_POINT('',(191.38,-11.312,-4.995));
#101 = VECTOR('',#102,1.);
#102 = DIRECTION('',(-1.,0.,0.));
#103 = ORIENTED_EDGE('',*,*,#104,.F.);
#104 = EDGE_CURVE('',#105,#97,#107,.T.);
#105 = VERTEX_POINT('',#106);
#106 = CARTESIAN_POINT('',(14.65,-13.812,-4.995));
#107 = CIRCLE('',#108,2.5);
#108 = AXIS2_PLACEMENT_3D('',#109,#110,#111);
#109 = CARTESIAN_POINT('',(17.15,-13.812,-4.995));
#110 = DIRECTION('',(-0.,-0.,-1.));
#111 = DIRECTION('',(0.,-1.,0.));
#112 = ORIENTED_EDGE('',*,*,#113,.T.);
#113 = EDGE_CURVE('',#105,#114,#116,.T.);
#114 = VERTEX_POINT('',#115);
#115 = CARTESIAN_POINT('',(14.65,-117.76,-4.995));
#116 = LINE('',#117,#118);
#117 = CARTESIAN_POINT('',(14.65,-11.312,-4.995));
#118 = VECTOR('',#119,1.);
#119 = DIRECTION('',(0.,-1.,0.));
#120 = ORIENTED_EDGE('',*,*,#121,.F.);
#121 = EDGE_CURVE('',#44,#114,#122,.T.);
#122 = CIRCLE('',#123,2.5);
#123 = AXIS2_PLACEMENT_3D('',#124,#125,#126);
#124 = CARTESIAN_POINT('',(17.15,-117.76,-4.995));
#125 = DIRECTION('',(-0.,-0.,-1.));
#126 = DIRECTION('',(0.,-1.,0.));
#127 = FACE_BOUND('',#128,.F.);
#128 = EDGE_LOOP('',(#129));
#129 = ORIENTED_EDGE('',*,*,#130,.F.);
#130 = EDGE_CURVE('',#131,#131,#133,.T.);
#131 = VERTEX_POINT('',#132);
#132 = CARTESIAN_POINT('',(22.95,-104.,-4.995));
#133 = CIRCLE('',#134,3.6);
#134 = AXIS2_PLACEMENT_3D('',#135,#136,#137);
#135 = CARTESIAN_POINT('',(19.35,-104.,-4.995));
#136 = DIRECTION('',(0.,0.,1.));
#137 = DIRECTION('',(1.,0.,0.));
#138 = FACE_BOUND('',#139,.F.);
#139 = EDGE_LOOP('',(#140));
#140 = ORIENTED_EDGE('',*,*,#141,.F.);
#141 = EDGE_CURVE('',#142,#142,#144,.T.);
#142 = VERTEX_POINT('',#143);
#143 = CARTESIAN_POINT('',(163.87,-100.73,-4.995));
#144 = CIRCLE('',#145,3.6);
#145 = AXIS2_PLACEMENT_3D('',#146,#147,#148);
#146 = CARTESIAN_POINT('',(160.27,-100.73,-4.995));
#147 = DIRECTION('',(0.,0.,1.));
#148 = DIRECTION('',(1.,0.,0.));
#149 = FACE_BOUND('',#150,.F.);
#150 = EDGE_LOOP('',(#151));
#151 = ORIENTED_EDGE('',*,*,#152,.F.);
#152 = EDGE_CURVE('',#153,#153,#155,.T.);
#153 = VERTEX_POINT('',#154);
#154 = CARTESIAN_POINT('',(22.95,-28.,-4.995));
#155 = CIRCLE('',#156,3.6);
#156 = AXIS2_PLACEMENT_3D('',#157,#158,#159);
#157 = CARTESIAN_POINT('',(19.35,-28.,-4.995));
#158 = DIRECTION('',(0.,0.,1.));
#159 = DIRECTION('',(1.,0.,0.));
#160 = FACE_BOUND('',#161,.F.);
#161 = EDGE_LOOP('',(#162));
#162 = ORIENTED_EDGE('',*,*,#163,.F.);
#163 = EDGE_CURVE('',#164,#164,#166,.T.);
#164 = VERTEX_POINT('',#165);
#165 = CARTESIAN_POINT('',(190.28,-28.,-4.995));
#166 = CIRCLE('',#167,3.6);
#167 = AXIS2_PLACEMENT_3D('',#168,#169,#170);
#168 = CARTESIAN_POINT('',(186.68,-28.,-4.995));
#169 = DIRECTION('',(0.,0.,1.));
#170 = DIRECTION('',(1.,0.,0.));
#171 = PLANE('',#172);
#172 = AXIS2_PLACEMENT_3D('',#173,#174,#175);
#173 = CARTESIAN_POINT('',(98.793251988672,-62.50797700162,-4.995));
#174 = DIRECTION('',(0.,0.,1.));
#175 = DIRECTION('',(1.,0.,0.));
#176 = ADVANCED_FACE('',(#177),#202,.T.);
#177 = FACE_BOUND('',#178,.T.);
#178 = EDGE_LOOP('',(#179,#180,#188,#196));
#179 = ORIENTED_EDGE('',*,*,#43,.T.);
#180 = ORIENTED_EDGE('',*,*,#181,.T.);
#181 = EDGE_CURVE('',#46,#182,#184,.T.);
#182 = VERTEX_POINT('',#183);
#183 = CARTESIAN_POINT('',(134.95014903061,-120.26,5.01));
#184 = LINE('',#185,#186);
#185 = CARTESIAN_POINT('',(134.95014903061,-120.26,-4.995));
#186 = VECTOR('',#187,1.);
#187 = DIRECTION('',(0.,0.,1.));
#188 = ORIENTED_EDGE('',*,*,#189,.F.);
#189 = EDGE_CURVE('',#190,#182,#192,.T.);
#190 = VERTEX_POINT('',#191);
#191 = CARTESIAN_POINT('',(17.15,-120.26,5.01));
#192 = LINE('',#193,#194);
#193 = CARTESIAN_POINT('',(14.65,-120.26,5.01));
#194 = VECTOR('',#195,1.);
#195 = DIRECTION('',(1.,0.,0.));
#196 = ORIENTED_EDGE('',*,*,#197,.F.);
#197 = EDGE_CURVE('',#44,#190,#198,.T.);
#198 = LINE('',#199,#200);
#199 = CARTESIAN_POINT('',(17.15,-120.26,-4.995));
#200 = VECTOR('',#201,1.);
#201 = DIRECTION('',(0.,0.,1.));
#202 = PLANE('',#203);
#203 = AXIS2_PLACEMENT_3D('',#204,#205,#206);
#204 = CARTESIAN_POINT('',(75.133438896683,-120.26,7.499999999999E-03));
#205 = DIRECTION('',(-0.,-1.,-0.));
#206 = DIRECTION('',(0.,0.,-1.));
#207 = ADVANCED_FACE('',(#208),#227,.T.);
#208 = FACE_BOUND('',#209,.F.);
#209 = EDGE_LOOP('',(#210,#211,#219,#226));
#210 = ORIENTED_EDGE('',*,*,#121,.T.);
#211 = ORIENTED_EDGE('',*,*,#212,.T.);
#212 = EDGE_CURVE('',#114,#213,#215,.T.);
#213 = VERTEX_POINT('',#214);
#214 = CARTESIAN_POINT('',(14.65,-117.76,5.01));
#215 = LINE('',#216,#217);
#216 = CARTESIAN_POINT('',(14.65,-117.76,-4.995));
#217 = VECTOR('',#218,1.);
#218 = DIRECTION('',(0.,0.,1.));
#219 = ORIENTED_EDGE('',*,*,#220,.F.);
#220 = EDGE_CURVE('',#190,#213,#221,.T.);
#221 = CIRCLE('',#222,2.5);
#222 = AXIS2_PLACEMENT_3D('',#223,#224,#225);
#223 = CARTESIAN_POINT('',(17.15,-117.76,5.01));
#224 = DIRECTION('',(-0.,-0.,-1.));
#225 = DIRECTION('',(0.,-1.,0.));
#226 = ORIENTED_EDGE('',*,*,#197,.F.);
#227 = CYLINDRICAL_SURFACE('',#228,2.5);
#228 = AXIS2_PLACEMENT_3D('',#229,#230,#231);
#229 = CARTESIAN_POINT('',(17.15,-117.76,-4.995));
#230 = DIRECTION('',(0.,0.,1.));
#231 = DIRECTION('',(0.,-1.,0.));
#232 = ADVANCED_FACE('',(#233),#252,.T.);
#233 = FACE_BOUND('',#234,.T.);
#234 = EDGE_LOOP('',(#235,#236,#244,#251));
#235 = ORIENTED_EDGE('',*,*,#53,.T.);
#236 = ORIENTED_EDGE('',*,*,#237,.T.);
#237 = EDGE_CURVE('',#54,#238,#240,.T.);
#238 = VERTEX_POINT('',#239);
#239 = CARTESIAN_POINT('',(136.19506285825,-119.9279920575,5.01));
#240 = LINE('',#241,#242);
#241 = CARTESIAN_POINT('',(136.19506285825,-119.9279920575,-4.995));
#242 = VECTOR('',#243,1.);
#243 = DIRECTION('',(0.,0.,1.));
#244 = ORIENTED_EDGE('',*,*,#245,.F.);
#245 = EDGE_CURVE('',#182,#238,#246,.T.);
#246 = CIRCLE('',#247,2.5);
#247 = AXIS2_PLACEMENT_3D('',#248,#249,#250);
#248 = CARTESIAN_POINT('',(134.95014903061,-117.76,5.01));
#249 = DIRECTION('',(-0.,0.,1.));
#250 = DIRECTION('',(0.,-1.,0.));
#251 = ORIENTED_EDGE('',*,*,#181,.F.);
#252 = CYLINDRICAL_SURFACE('',#253,2.5);
#253 = AXIS2_PLACEMENT_3D('',#254,#255,#256);
#254 = CARTESIAN_POINT('',(134.95014903061,-117.76,-4.995));
#255 = DIRECTION('',(0.,0.,1.));
#256 = DIRECTION('',(0.,-1.,0.));
#257 = ADVANCED_FACE('',(#258),#276,.T.);
#258 = FACE_BOUND('',#259,.T.);
#259 = EDGE_LOOP('',(#260,#261,#262,#270));
#260 = ORIENTED_EDGE('',*,*,#113,.T.);
#261 = ORIENTED_EDGE('',*,*,#212,.T.);
#262 = ORIENTED_EDGE('',*,*,#263,.F.);
#263 = EDGE_CURVE('',#264,#213,#266,.T.);
#264 = VERTEX_POINT('',#265);
#265 = CARTESIAN_POINT('',(14.65,-13.812,5.01));
#266 = LINE('',#267,#268);
#267 = CARTESIAN_POINT('',(14.65,-11.312,5.01));
#268 = VECTOR('',#269,1.);
#269 = DIRECTION('',(0.,-1.,0.));
#270 = ORIENTED_EDGE('',*,*,#271,.F.);
#271 = EDGE_CURVE('',#105,#264,#272,.T.);
#272 = LINE('',#273,#274);
#273 = CARTESIAN_POINT('',(14.65,-13.812,-4.995));
#274 = VECTOR('',#275,1.);
#275 = DIRECTION('',(0.,0.,1.));
#276 = PLANE('',#277);
#277 = AXIS2_PLACEMENT_3D('',#278,#279,#280);
#278 = CARTESIAN_POINT('',(14.65,-65.786,7.5E-03));
#279 = DIRECTION('',(-1.,0.,6.805654393979E-16));
#280 = DIRECTION('',(-6.805654393979E-16,0.,-1.));
#281 = ADVANCED_FACE('',(#282),#300,.T.);
#282 = FACE_BOUND('',#283,.T.);
#283 = EDGE_LOOP('',(#284,#285,#293,#299));
#284 = ORIENTED_EDGE('',*,*,#62,.T.);
#285 = ORIENTED_EDGE('',*,*,#286,.T.);
#286 = EDGE_CURVE('',#63,#287,#289,.T.);
#287 = VERTEX_POINT('',#288);
#288 = CARTESIAN_POINT('',(190.12491382764,-88.96015849952,5.01));
#289 = LINE('',#290,#291);
#290 = CARTESIAN_POINT('',(190.12491382764,-88.96015849952,-4.995));
#291 = VECTOR('',#292,1.);
#292 = DIRECTION('',(0.,0.,1.));
#293 = ORIENTED_EDGE('',*,*,#294,.F.);
#294 = EDGE_CURVE('',#238,#287,#295,.T.);
#295 = LINE('',#296,#297);
#296 = CARTESIAN_POINT('',(135.61687779336,-120.26,5.01));
#297 = VECTOR('',#298,1.);
#298 = DIRECTION('',(0.867196823034,0.497965531057,0.));
#299 = ORIENTED_EDGE('',*,*,#237,.F.);
#300 = PLANE('',#301);
#301 = AXIS2_PLACEMENT_3D('',#302,#303,#304);
#302 = CARTESIAN_POINT('',(163.49843889668,-104.2497287297,
    7.499999999999E-03));
#303 = DIRECTION('',(0.497965531057,-0.867196823034,0.));
#304 = DIRECTION('',(-0.867196823034,-0.497965531057,0.));
#305 = ADVANCED_FACE('',(#306),#325,.T.);
#306 = FACE_BOUND('',#307,.F.);
#307 = EDGE_LOOP('',(#308,#309,#317,#324));
#308 = ORIENTED_EDGE('',*,*,#104,.T.);
#309 = ORIENTED_EDGE('',*,*,#310,.T.);
#310 = EDGE_CURVE('',#97,#311,#313,.T.);
#311 = VERTEX_POINT('',#312);
#312 = CARTESIAN_POINT('',(17.15,-11.312,5.01));
#313 = LINE('',#314,#315);
#314 = CARTESIAN_POINT('',(17.15,-11.312,-4.995));
#315 = VECTOR('',#316,1.);
#316 = DIRECTION('',(0.,0.,1.));
#317 = ORIENTED_EDGE('',*,*,#318,.F.);
#318 = EDGE_CURVE('',#264,#311,#319,.T.);
#319 = CIRCLE('',#320,2.5);
#320 = AXIS2_PLACEMENT_3D('',#321,#322,#323);
#321 = CARTESIAN_POINT('',(17.15,-13.812,5.01));
#322 = DIRECTION('',(-0.,-0.,-1.));
#323 = DIRECTION('',(0.,-1.,0.));
#324 = ORIENTED_EDGE('',*,*,#271,.F.);
#325 = CYLINDRICAL_SURFACE('',#326,2.5);
#326 = AXIS2_PLACEMENT_3D('',#327,#328,#329);
#327 = CARTESIAN_POINT('',(17.15,-13.812,-4.995));
#328 = DIRECTION('',(0.,0.,1.));
#329 = DIRECTION('',(-1.,0.,0.));
#330 = ADVANCED_FACE('',(#331),#350,.T.);
#331 = FACE_BOUND('',#332,.T.);
#332 = EDGE_LOOP('',(#333,#334,#342,#349));
#333 = ORIENTED_EDGE('',*,*,#70,.T.);
#334 = ORIENTED_EDGE('',*,*,#335,.T.);
#335 = EDGE_CURVE('',#71,#336,#338,.T.);
#336 = VERTEX_POINT('',#337);
#337 = CARTESIAN_POINT('',(191.38,-86.79216644194,5.01));
#338 = LINE('',#339,#340);
#339 = CARTESIAN_POINT('',(191.38,-86.79216644194,-4.995));
#340 = VECTOR('',#341,1.);
#341 = DIRECTION('',(0.,0.,1.));
#342 = ORIENTED_EDGE('',*,*,#343,.F.);
#343 = EDGE_CURVE('',#287,#336,#344,.T.);
#344 = CIRCLE('',#345,2.5);
#345 = AXIS2_PLACEMENT_3D('',#346,#347,#348);
#346 = CARTESIAN_POINT('',(188.88,-86.79216644194,5.01));
#347 = DIRECTION('',(-0.,0.,1.));
#348 = DIRECTION('',(0.,-1.,0.));
#349 = ORIENTED_EDGE('',*,*,#286,.F.);
#350 = CYLINDRICAL_SURFACE('',#351,2.5);
#351 = AXIS2_PLACEMENT_3D('',#352,#353,#354);
#352 = CARTESIAN_POINT('',(188.88,-86.79216644194,-4.995));
#353 = DIRECTION('',(0.,0.,1.));
#354 = DIRECTION('',(0.497965531057,-0.867196823034,0.));
#355 = ADVANCED_FACE('',(#356),#406,.T.);
#356 = FACE_BOUND('',#357,.T.);
#357 = EDGE_LOOP('',(#358,#359,#360,#368,#376,#384,#392,#400));
#358 = ORIENTED_EDGE('',*,*,#96,.T.);
#359 = ORIENTED_EDGE('',*,*,#310,.T.);
#360 = ORIENTED_EDGE('',*,*,#361,.F.);
#361 = EDGE_CURVE('',#362,#311,#364,.T.);
#362 = VERTEX_POINT('',#363);
#363 = CARTESIAN_POINT('',(155.6,-11.312,5.01));
#364 = LINE('',#365,#366);
#365 = CARTESIAN_POINT('',(191.38,-11.312,5.01));
#366 = VECTOR('',#367,1.);
#367 = DIRECTION('',(-1.,0.,0.));
#368 = ORIENTED_EDGE('',*,*,#369,.T.);
#369 = EDGE_CURVE('',#362,#370,#372,.T.);
#370 = VERTEX_POINT('',#371);
#371 = CARTESIAN_POINT('',(155.6,-11.312,2.));
#372 = LINE('',#373,#374);
#373 = CARTESIAN_POINT('',(155.6,-11.312,8.8));
#374 = VECTOR('',#375,1.);
#375 = DIRECTION('',(0.,-2.22044604925E-16,-1.));
#376 = ORIENTED_EDGE('',*,*,#377,.T.);
#377 = EDGE_CURVE('',#370,#378,#380,.T.);
#378 = VERTEX_POINT('',#379);
#379 = CARTESIAN_POINT('',(168.2,-11.312,2.));
#380 = LINE('',#381,#382);
#381 = CARTESIAN_POINT('',(155.6,-11.312,2.));
#382 = VECTOR('',#383,1.);
#383 = DIRECTION('',(1.,0.,0.));
#384 = ORIENTED_EDGE('',*,*,#385,.T.);
#385 = EDGE_CURVE('',#378,#386,#388,.T.);
#386 = VERTEX_POINT('',#387);
#387 = CARTESIAN_POINT('',(168.2,-11.312,5.01));
#388 = LINE('',#389,#390);
#389 = CARTESIAN_POINT('',(168.2,-11.312,2.));
#390 = VECTOR('',#391,1.);
#391 = DIRECTION('',(0.,2.22044604925E-16,1.));
#392 = ORIENTED_EDGE('',*,*,#393,.F.);
#393 = EDGE_CURVE('',#394,#386,#396,.T.);
#394 = VERTEX_POINT('',#395);
#395 = CARTESIAN_POINT('',(188.88,-11.312,5.01));
#396 = LINE('',#397,#398);
#397 = CARTESIAN_POINT('',(191.38,-11.312,5.01));
#398 = VECTOR('',#399,1.);
#399 = DIRECTION('',(-1.,0.,0.));
#400 = ORIENTED_EDGE('',*,*,#401,.F.);
#401 = EDGE_CURVE('',#88,#394,#402,.T.);
#402 = LINE('',#403,#404);
#403 = CARTESIAN_POINT('',(188.88,-11.312,-4.995));
#404 = VECTOR('',#405,1.);
#405 = DIRECTION('',(0.,0.,1.));
#406 = PLANE('',#407);
#407 = AXIS2_PLACEMENT_3D('',#408,#409,#410);
#408 = CARTESIAN_POINT('',(103.94911605048,-11.312,-3.695716619674E-02)
  );
#409 = DIRECTION('',(0.,1.,0.));
#410 = DIRECTION('',(0.,0.,1.));
#411 = ADVANCED_FACE('',(#412),#430,.T.);
#412 = FACE_BOUND('',#413,.T.);
#413 = EDGE_LOOP('',(#414,#415,#423,#429));
#414 = ORIENTED_EDGE('',*,*,#79,.T.);
#415 = ORIENTED_EDGE('',*,*,#416,.T.);
#416 = EDGE_CURVE('',#80,#417,#419,.T.);
#417 = VERTEX_POINT('',#418);
#418 = CARTESIAN_POINT('',(191.38,-13.812,5.01));
#419 = LINE('',#420,#421);
#420 = CARTESIAN_POINT('',(191.38,-13.812,-4.995));
#421 = VECTOR('',#422,1.);
#422 = DIRECTION('',(0.,0.,1.));
#423 = ORIENTED_EDGE('',*,*,#424,.F.);
#424 = EDGE_CURVE('',#336,#417,#425,.T.);
#425 = LINE('',#426,#427);
#426 = CARTESIAN_POINT('',(191.38,-88.23945745941,5.01));
#427 = VECTOR('',#428,1.);
#428 = DIRECTION('',(0.,1.,0.));
#429 = ORIENTED_EDGE('',*,*,#335,.F.);
#430 = PLANE('',#431);
#431 = AXIS2_PLACEMENT_3D('',#432,#433,#434);
#432 = CARTESIAN_POINT('',(191.38,-49.7757287297,7.499999999999E-03));
#433 = DIRECTION('',(1.,0.,0.));
#434 = DIRECTION('',(0.,0.,1.));
#435 = ADVANCED_FACE('',(#436),#448,.T.);
#436 = FACE_BOUND('',#437,.F.);
#437 = EDGE_LOOP('',(#438,#439,#440,#447));
#438 = ORIENTED_EDGE('',*,*,#87,.T.);
#439 = ORIENTED_EDGE('',*,*,#416,.T.);
#440 = ORIENTED_EDGE('',*,*,#441,.F.);
#441 = EDGE_CURVE('',#394,#417,#442,.T.);
#442 = CIRCLE('',#443,2.5);
#443 = AXIS2_PLACEMENT_3D('',#444,#445,#446);
#444 = CARTESIAN_POINT('',(188.88,-13.812,5.01));
#445 = DIRECTION('',(-0.,-0.,-1.));
#446 = DIRECTION('',(0.,-1.,0.));
#447 = ORIENTED_EDGE('',*,*,#401,.F.);
#448 = CYLINDRICAL_SURFACE('',#449,2.5);
#449 = AXIS2_PLACEMENT_3D('',#450,#451,#452);
#450 = CARTESIAN_POINT('',(188.88,-13.812,-4.995));
#451 = DIRECTION('',(0.,0.,1.));
#452 = DIRECTION('',(0.,1.,0.));
#453 = ADVANCED_FACE('',(#454),#473,.F.);
#454 = FACE_BOUND('',#455,.T.);
#455 = EDGE_LOOP('',(#456,#464,#471,#472));
#456 = ORIENTED_EDGE('',*,*,#457,.T.);
#457 = EDGE_CURVE('',#131,#458,#460,.T.);
#458 = VERTEX_POINT('',#459);
#459 = CARTESIAN_POINT('',(22.95,-104.,-2.995));
#460 = LINE('',#461,#462);
#461 = CARTESIAN_POINT('',(22.95,-104.,-4.995));
#462 = VECTOR('',#463,1.);
#463 = DIRECTION('',(0.,0.,1.));
#464 = ORIENTED_EDGE('',*,*,#465,.T.);
#465 = EDGE_CURVE('',#458,#458,#466,.T.);
#466 = CIRCLE('',#467,3.6);
#467 = AXIS2_PLACEMENT_3D('',#468,#469,#470);
#468 = CARTESIAN_POINT('',(19.35,-104.,-2.995));
#469 = DIRECTION('',(0.,0.,1.));
#470 = DIRECTION('',(1.,0.,0.));
#471 = ORIENTED_EDGE('',*,*,#457,.F.);
#472 = ORIENTED_EDGE('',*,*,#130,.F.);
#473 = CYLINDRICAL_SURFACE('',#474,3.6);
#474 = AXIS2_PLACEMENT_3D('',#475,#476,#477);
#475 = CARTESIAN_POINT('',(19.35,-104.,-4.995));
#476 = DIRECTION('',(-0.,-0.,-1.));
#477 = DIRECTION('',(1.,0.,0.));
#478 = ADVANCED_FACE('',(#479),#498,.F.);
#479 = FACE_BOUND('',#480,.T.);
#480 = EDGE_LOOP('',(#481,#489,#496,#497));
#481 = ORIENTED_EDGE('',*,*,#482,.T.);
#482 = EDGE_CURVE('',#142,#483,#485,.T.);
#483 = VERTEX_POINT('',#484);
#484 = CARTESIAN_POINT('',(163.87,-100.73,-2.995));
#485 = LINE('',#486,#487);
#486 = CARTESIAN_POINT('',(163.87,-100.73,-4.995));
#487 = VECTOR('',#488,1.);
#488 = DIRECTION('',(0.,0.,1.));
#489 = ORIENTED_EDGE('',*,*,#490,.T.);
#490 = EDGE_CURVE('',#483,#483,#491,.T.);
#491 = CIRCLE('',#492,3.6);
#492 = AXIS2_PLACEMENT_3D('',#493,#494,#495);
#493 = CARTESIAN_POINT('',(160.27,-100.73,-2.995));
#494 = DIRECTION('',(0.,0.,1.));
#495 = DIRECTION('',(1.,0.,0.));
#496 = ORIENTED_EDGE('',*,*,#482,.F.);
#497 = ORIENTED_EDGE('',*,*,#141,.F.);
#498 = CYLINDRICAL_SURFACE('',#499,3.6);
#499 = AXIS2_PLACEMENT_3D('',#500,#501,#502);
#500 = CARTESIAN_POINT('',(160.27,-100.73,-4.995));
#501 = DIRECTION('',(-0.,-0.,-1.));
#502 = DIRECTION('',(1.,0.,0.));
#503 = ADVANCED_FACE('',(#504),#523,.F.);
#504 = FACE_BOUND('',#505,.T.);
#505 = EDGE_LOOP('',(#506,#514,#521,#522));
#506 = ORIENTED_EDGE('',*,*,#507,.T.);
#507 = EDGE_CURVE('',#153,#508,#510,.T.);
#508 = VERTEX_POINT('',#509);
#509 = CARTESIAN_POINT('',(22.95,-28.,-2.995));
#510 = LINE('',#511,#512);
#511 = CARTESIAN_POINT('',(22.95,-28.,-4.995));
#512 = VECTOR('',#513,1.);
#513 = DIRECTION('',(0.,0.,1.));
#514 = ORIENTED_EDGE('',*,*,#515,.T.);
#515 = EDGE_CURVE('',#508,#508,#516,.T.);
#516 = CIRCLE('',#517,3.6);
#517 = AXIS2_PLACEMENT_3D('',#518,#519,#520);
#518 = CARTESIAN_POINT('',(19.35,-28.,-2.995));
#519 = DIRECTION('',(0.,0.,1.));
#520 = DIRECTION('',(1.,0.,0.));
#521 = ORIENTED_EDGE('',*,*,#507,.F.);
#522 = ORIENTED_EDGE('',*,*,#152,.F.);
#523 = CYLINDRICAL_SURFACE('',#524,3.6);
#524 = AXIS2_PLACEMENT_3D('',#525,#526,#527);
#525 = CARTESIAN_POINT('',(19.35,-28.,-4.995));
#526 = DIRECTION('',(-0.,-0.,-1.));
#527 = DIRECTION('',(1.,0.,0.));
#528 = ADVANCED_FACE('',(#529),#548,.F.);
#529 = FACE_BOUND('',#530,.T.);
#530 = EDGE_LOOP('',(#531,#539,#546,#547));
#531 = ORIENTED_EDGE('',*,*,#532,.T.);
#532 = EDGE_CURVE('',#164,#533,#535,.T.);
#533 = VERTEX_POINT('',#534);
#534 = CARTESIAN_POINT('',(190.28,-28.,-2.995));
#535 = LINE('',#536,#537);
#536 = CARTESIAN_POINT('',(190.28,-28.,-4.995));
#537 = VECTOR('',#538,1.);
#538 = DIRECTION('',(0.,0.,1.));
#539 = ORIENTED_EDGE('',*,*,#540,.T.);
#540 = EDGE_CURVE('',#533,#533,#541,.T.);
#541 = CIRCLE('',#542,3.6);
#542 = AXIS2_PLACEMENT_3D('',#543,#544,#545);
#543 = CARTESIAN_POINT('',(186.68,-28.,-2.995));
#544 = DIRECTION('',(0.,0.,1.));
#545 = DIRECTION('',(1.,0.,0.));
#546 = ORIENTED_EDGE('',*,*,#532,.F.);
#547 = ORIENTED_EDGE('',*,*,#163,.F.);
#548 = CYLINDRICAL_SURFACE('',#549,3.6);
#549 = AXIS2_PLACEMENT_3D('',#550,#551,#552);
#550 = CARTESIAN_POINT('',(186.68,-28.,-4.995));
#551 = DIRECTION('',(-0.,-0.,-1.));
#552 = DIRECTION('',(1.,0.,0.));
#553 = ADVANCED_FACE('',(#554),#706,.T.);
#554 = FACE_BOUND('',#555,.T.);
#555 = EDGE_LOOP('',(#556,#557,#558,#559,#560,#561,#562,#563,#564,#565,
    #573,#581,#589,#598,#607,#615,#623,#632,#640,#648,#656,#665,#673,
    #682,#690,#698,#704,#705));
#556 = ORIENTED_EDGE('',*,*,#263,.T.);
#557 = ORIENTED_EDGE('',*,*,#220,.F.);
#558 = ORIENTED_EDGE('',*,*,#189,.T.);
#559 = ORIENTED_EDGE('',*,*,#245,.T.);
#560 = ORIENTED_EDGE('',*,*,#294,.T.);
#561 = ORIENTED_EDGE('',*,*,#343,.T.);
#562 = ORIENTED_EDGE('',*,*,#424,.T.);
#563 = ORIENTED_EDGE('',*,*,#441,.F.);
#564 = ORIENTED_EDGE('',*,*,#393,.T.);
#565 = ORIENTED_EDGE('',*,*,#566,.T.);
#566 = EDGE_CURVE('',#386,#567,#569,.T.);
#567 = VERTEX_POINT('',#568);
#568 = CARTESIAN_POINT('',(168.2,-13.312,5.01));
#569 = LINE('',#570,#571);
#570 = CARTESIAN_POINT('',(168.2,-36.93580085453,5.01));
#571 = VECTOR('',#572,1.);
#572 = DIRECTION('',(0.,-1.,0.));
#573 = ORIENTED_EDGE('',*,*,#574,.F.);
#574 = EDGE_CURVE('',#575,#567,#577,.T.);
#575 = VERTEX_POINT('',#576);
#576 = CARTESIAN_POINT('',(189.38,-13.312,5.01));
#577 = LINE('',#578,#579);
#578 = CARTESIAN_POINT('',(189.38,-13.312,5.01));
#579 = VECTOR('',#580,1.);
#580 = DIRECTION('',(-1.,0.,0.));
#581 = ORIENTED_EDGE('',*,*,#582,.F.);
#582 = EDGE_CURVE('',#583,#575,#585,.T.);
#583 = VERTEX_POINT('',#584);
#584 = CARTESIAN_POINT('',(189.38,-25.32605160857,5.01));
#585 = LINE('',#586,#587);
#586 = CARTESIAN_POINT('',(189.38,-87.08162464543,5.01));
#587 = VECTOR('',#588,1.);
#588 = DIRECTION('',(0.,1.,0.));
#589 = ORIENTED_EDGE('',*,*,#590,.F.);
#590 = EDGE_CURVE('',#591,#583,#593,.T.);
#591 = VERTEX_POINT('',#592);
#592 = CARTESIAN_POINT('',(190.48,-28.,5.01));
#593 = CIRCLE('',#594,3.8);
#594 = AXIS2_PLACEMENT_3D('',#595,#596,#597);
#595 = CARTESIAN_POINT('',(186.68,-28.,5.01));
#596 = DIRECTION('',(0.,0.,1.));
#597 = DIRECTION('',(1.,0.,0.));
#598 = ORIENTED_EDGE('',*,*,#599,.F.);
#599 = EDGE_CURVE('',#600,#591,#602,.T.);
#600 = VERTEX_POINT('',#601);
#601 = CARTESIAN_POINT('',(189.38,-30.67394839142,5.01));
#602 = CIRCLE('',#603,3.8);
#603 = AXIS2_PLACEMENT_3D('',#604,#605,#606);
#604 = CARTESIAN_POINT('',(186.68,-28.,5.01));
#605 = DIRECTION('',(0.,0.,1.));
#606 = DIRECTION('',(1.,0.,0.));
#607 = ORIENTED_EDGE('',*,*,#608,.F.);
#608 = EDGE_CURVE('',#609,#600,#611,.T.);
#609 = VERTEX_POINT('',#610);
#610 = CARTESIAN_POINT('',(189.38,-87.08162464543,5.01));
#611 = LINE('',#612,#613);
#612 = CARTESIAN_POINT('',(189.38,-87.08162464543,5.01));
#613 = VECTOR('',#614,1.);
#614 = DIRECTION('',(0.,1.,0.));
#615 = ORIENTED_EDGE('',*,*,#616,.F.);
#616 = EDGE_CURVE('',#617,#609,#619,.T.);
#617 = VERTEX_POINT('',#618);
#618 = CARTESIAN_POINT('',(163.94795545245,-101.6853238664,5.01));
#619 = LINE('',#620,#621);
#620 = CARTESIAN_POINT('',(135.08349478316,-118.26,5.01));
#621 = VECTOR('',#622,1.);
#622 = DIRECTION('',(0.867196823034,0.497965531057,0.));
#623 = ORIENTED_EDGE('',*,*,#624,.F.);
#624 = EDGE_CURVE('',#625,#617,#627,.T.);
#625 = VERTEX_POINT('',#626);
#626 = CARTESIAN_POINT('',(159.24117024285,-104.3880745387,5.01));
#627 = CIRCLE('',#628,3.8);
#628 = AXIS2_PLACEMENT_3D('',#629,#630,#631);
#629 = CARTESIAN_POINT('',(160.27,-100.73,5.01));
#630 = DIRECTION('',(0.,0.,1.));
#631 = DIRECTION('',(1.,0.,0.));
#632 = ORIENTED_EDGE('',*,*,#633,.F.);
#633 = EDGE_CURVE('',#634,#625,#636,.T.);
#634 = VERTEX_POINT('',#635);
#635 = CARTESIAN_POINT('',(135.08349478316,-118.26,5.01));
#636 = LINE('',#637,#638);
#637 = CARTESIAN_POINT('',(135.08349478316,-118.26,5.01));
#638 = VECTOR('',#639,1.);
#639 = DIRECTION('',(0.867196823034,0.497965531057,0.));
#640 = ORIENTED_EDGE('',*,*,#641,.F.);
#641 = EDGE_CURVE('',#642,#634,#644,.T.);
#642 = VERTEX_POINT('',#643);
#643 = CARTESIAN_POINT('',(16.65,-118.26,5.01));
#644 = LINE('',#645,#646);
#645 = CARTESIAN_POINT('',(16.65,-118.26,5.01));
#646 = VECTOR('',#647,1.);
#647 = DIRECTION('',(1.,0.,0.));
#648 = ORIENTED_EDGE('',*,*,#649,.F.);
#649 = EDGE_CURVE('',#650,#642,#652,.T.);
#650 = VERTEX_POINT('',#651);
#651 = CARTESIAN_POINT('',(16.65,-106.6739483914,5.01));
#652 = LINE('',#653,#654);
#653 = CARTESIAN_POINT('',(16.65,-13.312,5.01));
#654 = VECTOR('',#655,1.);
#655 = DIRECTION('',(0.,-1.,0.));
#656 = ORIENTED_EDGE('',*,*,#657,.F.);
#657 = EDGE_CURVE('',#658,#650,#660,.T.);
#658 = VERTEX_POINT('',#659);
#659 = CARTESIAN_POINT('',(16.65,-101.3260516085,5.01));
#660 = CIRCLE('',#661,3.8);
#661 = AXIS2_PLACEMENT_3D('',#662,#663,#664);
#662 = CARTESIAN_POINT('',(19.35,-104.,5.01));
#663 = DIRECTION('',(0.,0.,1.));
#664 = DIRECTION('',(1.,0.,0.));
#665 = ORIENTED_EDGE('',*,*,#666,.F.);
#666 = EDGE_CURVE('',#667,#658,#669,.T.);
#667 = VERTEX_POINT('',#668);
#668 = CARTESIAN_POINT('',(16.65,-30.67394839142,5.01));
#669 = LINE('',#670,#671);
#670 = CARTESIAN_POINT('',(16.65,-13.312,5.01));
#671 = VECTOR('',#672,1.);
#672 = DIRECTION('',(0.,-1.,0.));
#673 = ORIENTED_EDGE('',*,*,#674,.F.);
#674 = EDGE_CURVE('',#675,#667,#677,.T.);
#675 = VERTEX_POINT('',#676);
#676 = CARTESIAN_POINT('',(16.65,-25.32605160857,5.01));
#677 = CIRCLE('',#678,3.8);
#678 = AXIS2_PLACEMENT_3D('',#679,#680,#681);
#679 = CARTESIAN_POINT('',(19.35,-28.,5.01));
#680 = DIRECTION('',(0.,0.,1.));
#681 = DIRECTION('',(1.,0.,0.));
#682 = ORIENTED_EDGE('',*,*,#683,.F.);
#683 = EDGE_CURVE('',#684,#675,#686,.T.);
#684 = VERTEX_POINT('',#685);
#685 = CARTESIAN_POINT('',(16.65,-13.312,5.01));
#686 = LINE('',#687,#688);
#687 = CARTESIAN_POINT('',(16.65,-13.312,5.01));
#688 = VECTOR('',#689,1.);
#689 = DIRECTION('',(0.,-1.,0.));
#690 = ORIENTED_EDGE('',*,*,#691,.F.);
#691 = EDGE_CURVE('',#692,#684,#694,.T.);
#692 = VERTEX_POINT('',#693);
#693 = CARTESIAN_POINT('',(155.6,-13.312,5.01));
#694 = LINE('',#695,#696);
#695 = CARTESIAN_POINT('',(189.38,-13.312,5.01));
#696 = VECTOR('',#697,1.);
#697 = DIRECTION('',(-1.,0.,0.));
#698 = ORIENTED_EDGE('',*,*,#699,.T.);
#699 = EDGE_CURVE('',#692,#362,#700,.T.);
#700 = LINE('',#701,#702);
#701 = CARTESIAN_POINT('',(155.6,-36.93580085453,5.01));
#702 = VECTOR('',#703,1.);
#703 = DIRECTION('',(0.,1.,0.));
#704 = ORIENTED_EDGE('',*,*,#361,.T.);
#705 = ORIENTED_EDGE('',*,*,#318,.F.);
#706 = PLANE('',#707);
#707 = AXIS2_PLACEMENT_3D('',#708,#709,#710);
#708 = CARTESIAN_POINT('',(98.837419399772,-62.55960170906,5.01));
#709 = DIRECTION('',(0.,0.,1.));
#710 = DIRECTION('',(1.,0.,0.));
#711 = ADVANCED_FACE('',(#712),#730,.T.);
#712 = FACE_BOUND('',#713,.T.);
#713 = EDGE_LOOP('',(#714,#715,#723,#729));
#714 = ORIENTED_EDGE('',*,*,#385,.F.);
#715 = ORIENTED_EDGE('',*,*,#716,.T.);
#716 = EDGE_CURVE('',#378,#717,#719,.T.);
#717 = VERTEX_POINT('',#718);
#718 = CARTESIAN_POINT('',(168.2,-13.312,2.));
#719 = LINE('',#720,#721);
#720 = CARTESIAN_POINT('',(168.2,-11.312,2.));
#721 = VECTOR('',#722,1.);
#722 = DIRECTION('',(0.,-1.,2.22044604925E-16));
#723 = ORIENTED_EDGE('',*,*,#724,.F.);
#724 = EDGE_CURVE('',#567,#717,#725,.T.);
#725 = LINE('',#726,#727);
#726 = CARTESIAN_POINT('',(168.2,-13.312,-0.5975));
#727 = VECTOR('',#728,1.);
#728 = DIRECTION('',(-0.,-0.,-1.));
#729 = ORIENTED_EDGE('',*,*,#566,.F.);
#730 = PLANE('',#731);
#731 = AXIS2_PLACEMENT_3D('',#732,#733,#734);
#732 = CARTESIAN_POINT('',(168.2,-11.312,2.));
#733 = DIRECTION('',(-1.,0.,0.));
#734 = DIRECTION('',(0.,2.22044604925E-16,1.));
#735 = ADVANCED_FACE('',(#736),#754,.T.);
#736 = FACE_BOUND('',#737,.T.);
#737 = EDGE_LOOP('',(#738,#739,#740,#748));
#738 = ORIENTED_EDGE('',*,*,#369,.F.);
#739 = ORIENTED_EDGE('',*,*,#699,.F.);
#740 = ORIENTED_EDGE('',*,*,#741,.F.);
#741 = EDGE_CURVE('',#742,#692,#744,.T.);
#742 = VERTEX_POINT('',#743);
#743 = CARTESIAN_POINT('',(155.6,-13.312,2.));
#744 = LINE('',#745,#746);
#745 = CARTESIAN_POINT('',(155.6,-13.312,2.8025));
#746 = VECTOR('',#747,1.);
#747 = DIRECTION('',(0.,0.,1.));
#748 = ORIENTED_EDGE('',*,*,#749,.F.);
#749 = EDGE_CURVE('',#370,#742,#750,.T.);
#750 = LINE('',#751,#752);
#751 = CARTESIAN_POINT('',(155.6,-11.312,2.));
#752 = VECTOR('',#753,1.);
#753 = DIRECTION('',(0.,-1.,2.22044604925E-16));
#754 = PLANE('',#755);
#755 = AXIS2_PLACEMENT_3D('',#756,#757,#758);
#756 = CARTESIAN_POINT('',(155.6,-11.312,8.8));
#757 = DIRECTION('',(1.,0.,0.));
#758 = DIRECTION('',(0.,-2.22044604925E-16,-1.));
#759 = ADVANCED_FACE('',(#760),#803,.T.);
#760 = FACE_BOUND('',#761,.T.);
#761 = EDGE_LOOP('',(#762,#763,#764,#772,#780,#788,#796,#802));
#762 = ORIENTED_EDGE('',*,*,#377,.F.);
#763 = ORIENTED_EDGE('',*,*,#749,.T.);
#764 = ORIENTED_EDGE('',*,*,#765,.T.);
#765 = EDGE_CURVE('',#742,#766,#768,.T.);
#766 = VERTEX_POINT('',#767);
#767 = CARTESIAN_POINT('',(153.6,-13.312,2.));
#768 = LINE('',#769,#770);
#769 = CARTESIAN_POINT('',(175.64,-13.312,2.));
#770 = VECTOR('',#771,1.);
#771 = DIRECTION('',(-1.,0.,0.));
#772 = ORIENTED_EDGE('',*,*,#773,.T.);
#773 = EDGE_CURVE('',#766,#774,#776,.T.);
#774 = VERTEX_POINT('',#775);
#775 = CARTESIAN_POINT('',(153.6,-19.5,2.));
#776 = LINE('',#777,#778);
#777 = CARTESIAN_POINT('',(153.6,-11.312,2.));
#778 = VECTOR('',#779,1.);
#779 = DIRECTION('',(0.,-1.,0.));
#780 = ORIENTED_EDGE('',*,*,#781,.T.);
#781 = EDGE_CURVE('',#774,#782,#784,.T.);
#782 = VERTEX_POINT('',#783);
#783 = CARTESIAN_POINT('',(170.2,-19.5,2.));
#784 = LINE('',#785,#786);
#785 = CARTESIAN_POINT('',(153.6,-19.5,2.));
#786 = VECTOR('',#787,1.);
#787 = DIRECTION('',(1.,0.,0.));
#788 = ORIENTED_EDGE('',*,*,#789,.T.);
#789 = EDGE_CURVE('',#782,#790,#792,.T.);
#790 = VERTEX_POINT('',#791);
#791 = CARTESIAN_POINT('',(170.2,-13.312,2.));
#792 = LINE('',#793,#794);
#793 = CARTESIAN_POINT('',(170.2,-19.5,2.));
#794 = VECTOR('',#795,1.);
#795 = DIRECTION('',(0.,1.,0.));
#796 = ORIENTED_EDGE('',*,*,#797,.T.);
#797 = EDGE_CURVE('',#790,#717,#798,.T.);
#798 = LINE('',#799,#800);
#799 = CARTESIAN_POINT('',(175.64,-13.312,2.));
#800 = VECTOR('',#801,1.);
#801 = DIRECTION('',(-1.,0.,0.));
#802 = ORIENTED_EDGE('',*,*,#716,.F.);
#803 = PLANE('',#804);
#804 = AXIS2_PLACEMENT_3D('',#805,#806,#807);
#805 = CARTESIAN_POINT('',(161.9,-15.56736840406,2.));
#806 = DIRECTION('',(0.,0.,1.));
#807 = DIRECTION('',(1.,0.,0.));
#808 = ADVANCED_FACE('',(#809,#812),#823,.F.);
#809 = FACE_BOUND('',#810,.F.);
#810 = EDGE_LOOP('',(#811));
#811 = ORIENTED_EDGE('',*,*,#465,.T.);
#812 = FACE_BOUND('',#813,.F.);
#813 = EDGE_LOOP('',(#814));
#814 = ORIENTED_EDGE('',*,*,#815,.F.);
#815 = EDGE_CURVE('',#816,#816,#818,.T.);
#816 = VERTEX_POINT('',#817);
#817 = CARTESIAN_POINT('',(21.,-104.,-2.995));
#818 = CIRCLE('',#819,1.65);
#819 = AXIS2_PLACEMENT_3D('',#820,#821,#822);
#820 = CARTESIAN_POINT('',(19.35,-104.,-2.995));
#821 = DIRECTION('',(0.,0.,1.));
#822 = DIRECTION('',(1.,0.,0.));
#823 = PLANE('',#824);
#824 = AXIS2_PLACEMENT_3D('',#825,#826,#827);
#825 = CARTESIAN_POINT('',(96.4125,-65.1825,-2.995));
#826 = DIRECTION('',(0.,0.,1.));
#827 = DIRECTION('',(1.,0.,0.));
#828 = ADVANCED_FACE('',(#829,#832),#843,.F.);
#829 = FACE_BOUND('',#830,.F.);
#830 = EDGE_LOOP('',(#831));
#831 = ORIENTED_EDGE('',*,*,#490,.T.);
#832 = FACE_BOUND('',#833,.F.);
#833 = EDGE_LOOP('',(#834));
#834 = ORIENTED_EDGE('',*,*,#835,.F.);
#835 = EDGE_CURVE('',#836,#836,#838,.T.);
#836 = VERTEX_POINT('',#837);
#837 = CARTESIAN_POINT('',(161.92,-100.73,-2.995));
#838 = CIRCLE('',#839,1.65);
#839 = AXIS2_PLACEMENT_3D('',#840,#841,#842);
#840 = CARTESIAN_POINT('',(160.27,-100.73,-2.995));
#841 = DIRECTION('',(0.,0.,1.));
#842 = DIRECTION('',(1.,0.,0.));
#843 = PLANE('',#844);
#844 = AXIS2_PLACEMENT_3D('',#845,#846,#847);
#845 = CARTESIAN_POINT('',(96.4125,-65.1825,-2.995));
#846 = DIRECTION('',(0.,0.,1.));
#847 = DIRECTION('',(1.,0.,0.));
#848 = ADVANCED_FACE('',(#849,#852),#863,.F.);
#849 = FACE_BOUND('',#850,.F.);
#850 = EDGE_LOOP('',(#851));
#851 = ORIENTED_EDGE('',*,*,#515,.T.);
#852 = FACE_BOUND('',#853,.F.);
#853 = EDGE_LOOP('',(#854));
#854 = ORIENTED_EDGE('',*,*,#855,.F.);
#855 = EDGE_CURVE('',#856,#856,#858,.T.);
#856 = VERTEX_POINT('',#857);
#857 = CARTESIAN_POINT('',(21.,-28.,-2.995));
#858 = CIRCLE('',#859,1.65);
#859 = AXIS2_PLACEMENT_3D('',#860,#861,#862);
#860 = CARTESIAN_POINT('',(19.35,-28.,-2.995));
#861 = DIRECTION('',(0.,0.,1.));
#862 = DIRECTION('',(1.,0.,0.));
#863 = PLANE('',#864);
#864 = AXIS2_PLACEMENT_3D('',#865,#866,#867);
#865 = CARTESIAN_POINT('',(96.4125,-65.1825,-2.995));
#866 = DIRECTION('',(0.,0.,1.));
#867 = DIRECTION('',(1.,0.,0.));
#868 = ADVANCED_FACE('',(#869,#872),#883,.F.);
#869 = FACE_BOUND('',#870,.F.);
#870 = EDGE_LOOP('',(#871));
#871 = ORIENTED_EDGE('',*,*,#540,.T.);
#872 = FACE_BOUND('',#873,.F.);
#873 = EDGE_LOOP('',(#874));
#874 = ORIENTED_EDGE('',*,*,#875,.F.);
#875 = EDGE_CURVE('',#876,#876,#878,.T.);
#876 = VERTEX_POINT('',#877);
#877 = CARTESIAN_POINT('',(188.33,-28.,-2.995));
#878 = CIRCLE('',#879,1.65);
#879 = AXIS2_PLACEMENT_3D('',#880,#881,#882);
#880 = CARTESIAN_POINT('',(186.68,-28.,-2.995));
#881 = DIRECTION('',(0.,0.,1.));
#882 = DIRECTION('',(1.,0.,0.));
#883 = PLANE('',#884);
#884 = AXIS2_PLACEMENT_3D('',#885,#886,#887);
#885 = CARTESIAN_POINT('',(96.4125,-65.1825,-2.995));
#886 = DIRECTION('',(0.,0.,1.));
#887 = DIRECTION('',(1.,0.,0.));
#888 = ADVANCED_FACE('',(#889),#916,.T.);
#889 = FACE_BOUND('',#890,.T.);
#890 = EDGE_LOOP('',(#891,#901,#907,#908,#909,#910));
#891 = ORIENTED_EDGE('',*,*,#892,.F.);
#892 = EDGE_CURVE('',#893,#895,#897,.T.);
#893 = VERTEX_POINT('',#894);
#894 = CARTESIAN_POINT('',(153.6,-13.312,-3.195));
#895 = VERTEX_POINT('',#896);
#896 = CARTESIAN_POINT('',(16.65,-13.312,-3.195));
#897 = LINE('',#898,#899);
#898 = CARTESIAN_POINT('',(189.38,-13.312,-3.195));
#899 = VECTOR('',#900,1.);
#900 = DIRECTION('',(-1.,0.,0.));
#901 = ORIENTED_EDGE('',*,*,#902,.T.);
#902 = EDGE_CURVE('',#893,#766,#903,.T.);
#903 = LINE('',#904,#905);
#904 = CARTESIAN_POINT('',(153.6,-13.312,-3.195));
#905 = VECTOR('',#906,1.);
#906 = DIRECTION('',(0.,0.,1.));
#907 = ORIENTED_EDGE('',*,*,#765,.F.);
#908 = ORIENTED_EDGE('',*,*,#741,.T.);
#909 = ORIENTED_EDGE('',*,*,#691,.T.);
#910 = ORIENTED_EDGE('',*,*,#911,.F.);
#911 = EDGE_CURVE('',#895,#684,#912,.T.);
#912 = LINE('',#913,#914);
#913 = CARTESIAN_POINT('',(16.65,-13.312,-3.195));
#914 = VECTOR('',#915,1.);
#915 = DIRECTION('',(0.,0.,1.));
#916 = PLANE('',#917);
#917 = AXIS2_PLACEMENT_3D('',#918,#919,#920);
#918 = CARTESIAN_POINT('',(189.38,-13.312,-3.195));
#919 = DIRECTION('',(0.,-1.,0.));
#920 = DIRECTION('',(-1.,0.,0.));
#921 = ADVANCED_FACE('',(#922),#956,.T.);
#922 = FACE_BOUND('',#923,.T.);
#923 = EDGE_LOOP('',(#924,#932,#933,#934,#942,#950));
#924 = ORIENTED_EDGE('',*,*,#925,.F.);
#925 = EDGE_CURVE('',#895,#926,#928,.T.);
#926 = VERTEX_POINT('',#927);
#927 = CARTESIAN_POINT('',(16.65,-24.4,-3.195));
#928 = LINE('',#929,#930);
#929 = CARTESIAN_POINT('',(16.65,-13.312,-3.195));
#930 = VECTOR('',#931,1.);
#931 = DIRECTION('',(0.,-1.,0.));
#932 = ORIENTED_EDGE('',*,*,#911,.T.);
#933 = ORIENTED_EDGE('',*,*,#683,.T.);
#934 = ORIENTED_EDGE('',*,*,#935,.F.);
#935 = EDGE_CURVE('',#936,#675,#938,.T.);
#936 = VERTEX_POINT('',#937);
#937 = CARTESIAN_POINT('',(16.65,-25.32605160857,-1.195));
#938 = LINE('',#939,#940);
#939 = CARTESIAN_POINT('',(16.65,-25.32605160857,5.01));
#940 = VECTOR('',#941,1.);
#941 = DIRECTION('',(0.,0.,1.));
#942 = ORIENTED_EDGE('',*,*,#943,.F.);
#943 = EDGE_CURVE('',#944,#936,#946,.T.);
#944 = VERTEX_POINT('',#945);
#945 = CARTESIAN_POINT('',(16.65,-24.4,-1.195));
#946 = LINE('',#947,#948);
#947 = CARTESIAN_POINT('',(16.65,-39.24725,-1.195));
#948 = VECTOR('',#949,1.);
#949 = DIRECTION('',(0.,-1.,0.));
#950 = ORIENTED_EDGE('',*,*,#951,.T.);
#951 = EDGE_CURVE('',#944,#926,#952,.T.);
#952 = LINE('',#953,#954);
#953 = CARTESIAN_POINT('',(16.65,-24.4,-3.195));
#954 = VECTOR('',#955,1.);
#955 = DIRECTION('',(-0.,-0.,-1.));
#956 = PLANE('',#957);
#957 = AXIS2_PLACEMENT_3D('',#958,#959,#960);
#958 = CARTESIAN_POINT('',(16.65,-13.312,-3.195));
#959 = DIRECTION('',(1.,0.,0.));
#960 = DIRECTION('',(0.,-1.,0.));
#961 = ADVANCED_FACE('',(#962),#981,.F.);
#962 = FACE_BOUND('',#963,.F.);
#963 = EDGE_LOOP('',(#964,#965,#966,#975));
#964 = ORIENTED_EDGE('',*,*,#674,.F.);
#965 = ORIENTED_EDGE('',*,*,#935,.F.);
#966 = ORIENTED_EDGE('',*,*,#967,.T.);
#967 = EDGE_CURVE('',#936,#968,#970,.T.);
#968 = VERTEX_POINT('',#969);
#969 = CARTESIAN_POINT('',(16.65,-30.67394839142,-1.195));
#970 = CIRCLE('',#971,3.8);
#971 = AXIS2_PLACEMENT_3D('',#972,#973,#974);
#972 = CARTESIAN_POINT('',(19.35,-28.,-1.195));
#973 = DIRECTION('',(0.,0.,1.));
#974 = DIRECTION('',(1.,0.,0.));
#975 = ORIENTED_EDGE('',*,*,#976,.T.);
#976 = EDGE_CURVE('',#968,#667,#977,.T.);
#977 = LINE('',#978,#979);
#978 = CARTESIAN_POINT('',(16.65,-30.67394839142,5.01));
#979 = VECTOR('',#980,1.);
#980 = DIRECTION('',(0.,0.,1.));
#981 = CYLINDRICAL_SURFACE('',#982,3.8);
#982 = AXIS2_PLACEMENT_3D('',#983,#984,#985);
#983 = CARTESIAN_POINT('',(19.35,-28.,5.01));
#984 = DIRECTION('',(0.,0.,1.));
#985 = DIRECTION('',(1.,0.,0.));
#986 = ADVANCED_FACE('',(#987),#1037,.T.);
#987 = FACE_BOUND('',#988,.T.);
#988 = EDGE_LOOP('',(#989,#999,#1007,#1013,#1014,#1015,#1023,#1031));
#989 = ORIENTED_EDGE('',*,*,#990,.F.);
#990 = EDGE_CURVE('',#991,#993,#995,.T.);
#991 = VERTEX_POINT('',#992);
#992 = CARTESIAN_POINT('',(16.65,-31.6,-3.195));
#993 = VERTEX_POINT('',#994);
#994 = CARTESIAN_POINT('',(16.65,-100.4,-3.195));
#995 = LINE('',#996,#997);
#996 = CARTESIAN_POINT('',(16.65,-13.312,-3.195));
#997 = VECTOR('',#998,1.);
#998 = DIRECTION('',(0.,-1.,0.));
#999 = ORIENTED_EDGE('',*,*,#1000,.F.);
#1000 = EDGE_CURVE('',#1001,#991,#1003,.T.);
#1001 = VERTEX_POINT('',#1002);
#1002 = CARTESIAN_POINT('',(16.65,-31.6,-1.195));
#1003 = LINE('',#1004,#1005);
#1004 = CARTESIAN_POINT('',(16.65,-31.6,-3.195));
#1005 = VECTOR('',#1006,1.);
#1006 = DIRECTION('',(-0.,-0.,-1.));
#1007 = ORIENTED_EDGE('',*,*,#1008,.F.);
#1008 = EDGE_CURVE('',#968,#1001,#1009,.T.);
#1009 = LINE('',#1010,#1011);
#1010 = CARTESIAN_POINT('',(16.65,-39.24725,-1.195));
#1011 = VECTOR('',#1012,1.);
#1012 = DIRECTION('',(0.,-1.,0.));
#1013 = ORIENTED_EDGE('',*,*,#976,.T.);
#1014 = ORIENTED_EDGE('',*,*,#666,.T.);
#1015 = ORIENTED_EDGE('',*,*,#1016,.F.);
#1016 = EDGE_CURVE('',#1017,#658,#1019,.T.);
#1017 = VERTEX_POINT('',#1018);
#1018 = CARTESIAN_POINT('',(16.65,-101.3260516085,-1.195));
#1019 = LINE('',#1020,#1021);
#1020 = CARTESIAN_POINT('',(16.65,-101.3260516085,5.01));
#1021 = VECTOR('',#1022,1.);
#1022 = DIRECTION('',(0.,0.,1.));
#1023 = ORIENTED_EDGE('',*,*,#1024,.F.);
#1024 = EDGE_CURVE('',#1025,#1017,#1027,.T.);
#1025 = VERTEX_POINT('',#1026);
#1026 = CARTESIAN_POINT('',(16.65,-100.4,-1.195));
#1027 = LINE('',#1028,#1029);
#1028 = CARTESIAN_POINT('',(16.65,-39.24725,-1.195));
#1029 = VECTOR('',#1030,1.);
#1030 = DIRECTION('',(0.,-1.,0.));
#1031 = ORIENTED_EDGE('',*,*,#1032,.T.);
#1032 = EDGE_CURVE('',#1025,#993,#1033,.T.);
#1033 = LINE('',#1034,#1035);
#1034 = CARTESIAN_POINT('',(16.65,-100.4,-3.195));
#1035 = VECTOR('',#1036,1.);
#1036 = DIRECTION('',(-0.,-0.,-1.));
#1037 = PLANE('',#1038);
#1038 = AXIS2_PLACEMENT_3D('',#1039,#1040,#1041);
#1039 = CARTESIAN_POINT('',(16.65,-13.312,-3.195));
#1040 = DIRECTION('',(1.,0.,0.));
#1041 = DIRECTION('',(0.,-1.,0.));
#1042 = ADVANCED_FACE('',(#1043),#1062,.F.);
#1043 = FACE_BOUND('',#1044,.F.);
#1044 = EDGE_LOOP('',(#1045,#1046,#1047,#1056));
#1045 = ORIENTED_EDGE('',*,*,#657,.F.);
#1046 = ORIENTED_EDGE('',*,*,#1016,.F.);
#1047 = ORIENTED_EDGE('',*,*,#1048,.T.);
#1048 = EDGE_CURVE('',#1017,#1049,#1051,.T.);
#1049 = VERTEX_POINT('',#1050);
#1050 = CARTESIAN_POINT('',(16.65,-106.6739483914,-1.195));
#1051 = CIRCLE('',#1052,3.8);
#1052 = AXIS2_PLACEMENT_3D('',#1053,#1054,#1055);
#1053 = CARTESIAN_POINT('',(19.35,-104.,-1.195));
#1054 = DIRECTION('',(0.,0.,1.));
#1055 = DIRECTION('',(1.,0.,0.));
#1056 = ORIENTED_EDGE('',*,*,#1057,.T.);
#1057 = EDGE_CURVE('',#1049,#650,#1058,.T.);
#1058 = LINE('',#1059,#1060);
#1059 = CARTESIAN_POINT('',(16.65,-106.6739483914,5.01));
#1060 = VECTOR('',#1061,1.);
#1061 = DIRECTION('',(0.,0.,1.));
#1062 = CYLINDRICAL_SURFACE('',#1063,3.8);
#1063 = AXIS2_PLACEMENT_3D('',#1064,#1065,#1066);
#1064 = CARTESIAN_POINT('',(19.35,-104.,5.01));
#1065 = DIRECTION('',(0.,0.,1.));
#1066 = DIRECTION('',(1.,0.,0.));
#1067 = ADVANCED_FACE('',(#1068),#1102,.T.);
#1068 = FACE_BOUND('',#1069,.T.);
#1069 = EDGE_LOOP('',(#1070,#1080,#1088,#1094,#1095,#1096));
#1070 = ORIENTED_EDGE('',*,*,#1071,.F.);
#1071 = EDGE_CURVE('',#1072,#1074,#1076,.T.);
#1072 = VERTEX_POINT('',#1073);
#1073 = CARTESIAN_POINT('',(16.65,-107.6,-3.195));
#1074 = VERTEX_POINT('',#1075);
#1075 = CARTESIAN_POINT('',(16.65,-118.26,-3.195));
#1076 = LINE('',#1077,#1078);
#1077 = CARTESIAN_POINT('',(16.65,-13.312,-3.195));
#1078 = VECTOR('',#1079,1.);
#1079 = DIRECTION('',(0.,-1.,0.));
#1080 = ORIENTED_EDGE('',*,*,#1081,.F.);
#1081 = EDGE_CURVE('',#1082,#1072,#1084,.T.);
#1082 = VERTEX_POINT('',#1083);
#1083 = CARTESIAN_POINT('',(16.65,-107.6,-1.195));
#1084 = LINE('',#1085,#1086);
#1085 = CARTESIAN_POINT('',(16.65,-107.6,-3.195));
#1086 = VECTOR('',#1087,1.);
#1087 = DIRECTION('',(-0.,-0.,-1.));
#1088 = ORIENTED_EDGE('',*,*,#1089,.F.);
#1089 = EDGE_CURVE('',#1049,#1082,#1090,.T.);
#1090 = LINE('',#1091,#1092);
#1091 = CARTESIAN_POINT('',(16.65,-39.24725,-1.195));
#1092 = VECTOR('',#1093,1.);
#1093 = DIRECTION('',(0.,-1.,0.));
#1094 = ORIENTED_EDGE('',*,*,#1057,.T.);
#1095 = ORIENTED_EDGE('',*,*,#649,.T.);
#1096 = ORIENTED_EDGE('',*,*,#1097,.F.);
#1097 = EDGE_CURVE('',#1074,#642,#1098,.T.);
#1098 = LINE('',#1099,#1100);
#1099 = CARTESIAN_POINT('',(16.65,-118.26,-3.195));
#1100 = VECTOR('',#1101,1.);
#1101 = DIRECTION('',(0.,0.,1.));
#1102 = PLANE('',#1103);
#1103 = AXIS2_PLACEMENT_3D('',#1104,#1105,#1106);
#1104 = CARTESIAN_POINT('',(16.65,-13.312,-3.195));
#1105 = DIRECTION('',(1.,0.,0.));
#1106 = DIRECTION('',(0.,-1.,0.));
#1107 = ADVANCED_FACE('',(#1108),#1126,.T.);
#1108 = FACE_BOUND('',#1109,.T.);
#1109 = EDGE_LOOP('',(#1110,#1111,#1112,#1120));
#1110 = ORIENTED_EDGE('',*,*,#1097,.T.);
#1111 = ORIENTED_EDGE('',*,*,#641,.T.);
#1112 = ORIENTED_EDGE('',*,*,#1113,.F.);
#1113 = EDGE_CURVE('',#1114,#634,#1116,.T.);
#1114 = VERTEX_POINT('',#1115);
#1115 = CARTESIAN_POINT('',(135.08349478316,-118.26,-3.195));
#1116 = LINE('',#1117,#1118);
#1117 = CARTESIAN_POINT('',(135.08349478316,-118.26,-3.195));
#1118 = VECTOR('',#1119,1.);
#1119 = DIRECTION('',(0.,0.,1.));
#1120 = ORIENTED_EDGE('',*,*,#1121,.F.);
#1121 = EDGE_CURVE('',#1074,#1114,#1122,.T.);
#1122 = LINE('',#1123,#1124);
#1123 = CARTESIAN_POINT('',(16.65,-118.26,-3.195));
#1124 = VECTOR('',#1125,1.);
#1125 = DIRECTION('',(1.,0.,0.));
#1126 = PLANE('',#1127);
#1127 = AXIS2_PLACEMENT_3D('',#1128,#1129,#1130);
#1128 = CARTESIAN_POINT('',(16.65,-118.26,-3.195));
#1129 = DIRECTION('',(0.,1.,0.));
#1130 = DIRECTION('',(1.,0.,0.));
#1131 = ADVANCED_FACE('',(#1132),#1159,.T.);
#1132 = FACE_BOUND('',#1133,.T.);
#1133 = EDGE_LOOP('',(#1134,#1144,#1150,#1151,#1152,#1153));
#1134 = ORIENTED_EDGE('',*,*,#1135,.F.);
#1135 = EDGE_CURVE('',#1136,#1138,#1140,.T.);
#1136 = VERTEX_POINT('',#1137);
#1137 = CARTESIAN_POINT('',(189.38,-13.312,-3.195));
#1138 = VERTEX_POINT('',#1139);
#1139 = CARTESIAN_POINT('',(170.2,-13.312,-3.195));
#1140 = LINE('',#1141,#1142);
#1141 = CARTESIAN_POINT('',(189.38,-13.312,-3.195));
#1142 = VECTOR('',#1143,1.);
#1143 = DIRECTION('',(-1.,0.,0.));
#1144 = ORIENTED_EDGE('',*,*,#1145,.T.);
#1145 = EDGE_CURVE('',#1136,#575,#1146,.T.);
#1146 = LINE('',#1147,#1148);
#1147 = CARTESIAN_POINT('',(189.38,-13.312,-3.195));
#1148 = VECTOR('',#1149,1.);
#1149 = DIRECTION('',(0.,0.,1.));
#1150 = ORIENTED_EDGE('',*,*,#574,.T.);
#1151 = ORIENTED_EDGE('',*,*,#724,.T.);
#1152 = ORIENTED_EDGE('',*,*,#797,.F.);
#1153 = ORIENTED_EDGE('',*,*,#1154,.T.);
#1154 = EDGE_CURVE('',#790,#1138,#1155,.T.);
#1155 = LINE('',#1156,#1157);
#1156 = CARTESIAN_POINT('',(170.2,-13.312,-3.195));
#1157 = VECTOR('',#1158,1.);
#1158 = DIRECTION('',(-0.,-0.,-1.));
#1159 = PLANE('',#1160);
#1160 = AXIS2_PLACEMENT_3D('',#1161,#1162,#1163);
#1161 = CARTESIAN_POINT('',(189.38,-13.312,-3.195));
#1162 = DIRECTION('',(0.,-1.,0.));
#1163 = DIRECTION('',(-1.,0.,0.));
#1164 = ADVANCED_FACE('',(#1165),#1199,.T.);
#1165 = FACE_BOUND('',#1166,.T.);
#1166 = EDGE_LOOP('',(#1167,#1175,#1176,#1177,#1185,#1193));
#1167 = ORIENTED_EDGE('',*,*,#1168,.F.);
#1168 = EDGE_CURVE('',#1114,#1169,#1171,.T.);
#1169 = VERTEX_POINT('',#1170);
#1170 = CARTESIAN_POINT('',(158.44690451662,-104.8441612582,-3.195));
#1171 = LINE('',#1172,#1173);
#1172 = CARTESIAN_POINT('',(135.08349478316,-118.26,-3.195));
#1173 = VECTOR('',#1174,1.);
#1174 = DIRECTION('',(0.867196823034,0.497965531057,0.));
#1175 = ORIENTED_EDGE('',*,*,#1113,.T.);
#1176 = ORIENTED_EDGE('',*,*,#633,.T.);
#1177 = ORIENTED_EDGE('',*,*,#1178,.F.);
#1178 = EDGE_CURVE('',#1179,#625,#1181,.T.);
#1179 = VERTEX_POINT('',#1180);
#1180 = CARTESIAN_POINT('',(159.24117024285,-104.3880745387,-1.195));
#1181 = LINE('',#1182,#1183);
#1182 = CARTESIAN_POINT('',(159.24117024285,-104.3880745387,5.01));
#1183 = VECTOR('',#1184,1.);
#1184 = DIRECTION('',(0.,0.,1.));
#1185 = ORIENTED_EDGE('',*,*,#1186,.F.);
#1186 = EDGE_CURVE('',#1187,#1179,#1189,.T.);
#1187 = VERTEX_POINT('',#1188);
#1188 = CARTESIAN_POINT('',(158.44690451662,-104.8441612582,-1.195));
#1189 = LINE('',#1190,#1191);
#1190 = CARTESIAN_POINT('',(132.00295222637,-120.0289225438,-1.195));
#1191 = VECTOR('',#1192,1.);
#1192 = DIRECTION('',(0.867196823034,0.497965531057,0.));
#1193 = ORIENTED_EDGE('',*,*,#1194,.T.);
#1194 = EDGE_CURVE('',#1187,#1169,#1195,.T.);
#1195 = LINE('',#1196,#1197);
#1196 = CARTESIAN_POINT('',(158.44690451662,-104.8441612582,-3.195));
#1197 = VECTOR('',#1198,1.);
#1198 = DIRECTION('',(-0.,-0.,-1.));
#1199 = PLANE('',#1200);
#1200 = AXIS2_PLACEMENT_3D('',#1201,#1202,#1203);
#1201 = CARTESIAN_POINT('',(135.08349478316,-118.26,-3.195));
#1202 = DIRECTION('',(-0.497965531057,0.867196823034,0.));
#1203 = DIRECTION('',(0.867196823034,0.497965531057,0.));
#1204 = ADVANCED_FACE('',(#1205),#1239,.T.);
#1205 = FACE_BOUND('',#1206,.T.);
#1206 = EDGE_LOOP('',(#1207,#1215,#1223,#1231,#1237,#1238));
#1207 = ORIENTED_EDGE('',*,*,#1208,.F.);
#1208 = EDGE_CURVE('',#1209,#1136,#1211,.T.);
#1209 = VERTEX_POINT('',#1210);
#1210 = CARTESIAN_POINT('',(189.38,-24.4,-3.195));
#1211 = LINE('',#1212,#1213);
#1212 = CARTESIAN_POINT('',(189.38,-87.08162464543,-3.195));
#1213 = VECTOR('',#1214,1.);
#1214 = DIRECTION('',(0.,1.,0.));
#1215 = ORIENTED_EDGE('',*,*,#1216,.F.);
#1216 = EDGE_CURVE('',#1217,#1209,#1219,.T.);
#1217 = VERTEX_POINT('',#1218);
#1218 = CARTESIAN_POINT('',(189.38,-24.4,-1.195));
#1219 = LINE('',#1220,#1221);
#1220 = CARTESIAN_POINT('',(189.38,-24.4,-3.195));
#1221 = VECTOR('',#1222,1.);
#1222 = DIRECTION('',(-0.,-0.,-1.));
#1223 = ORIENTED_EDGE('',*,*,#1224,.F.);
#1224 = EDGE_CURVE('',#1225,#1217,#1227,.T.);
#1225 = VERTEX_POINT('',#1226);
#1226 = CARTESIAN_POINT('',(189.38,-25.32605160857,-1.195));
#1227 = LINE('',#1228,#1229);
#1228 = CARTESIAN_POINT('',(189.38,-76.13206232271,-1.195));
#1229 = VECTOR('',#1230,1.);
#1230 = DIRECTION('',(0.,1.,0.));
#1231 = ORIENTED_EDGE('',*,*,#1232,.T.);
#1232 = EDGE_CURVE('',#1225,#583,#1233,.T.);
#1233 = LINE('',#1234,#1235);
#1234 = CARTESIAN_POINT('',(189.38,-25.32605160857,5.01));
#1235 = VECTOR('',#1236,1.);
#1236 = DIRECTION('',(0.,0.,1.));
#1237 = ORIENTED_EDGE('',*,*,#582,.T.);
#1238 = ORIENTED_EDGE('',*,*,#1145,.F.);
#1239 = PLANE('',#1240);
#1240 = AXIS2_PLACEMENT_3D('',#1241,#1242,#1243);
#1241 = CARTESIAN_POINT('',(189.38,-87.08162464543,-3.195));
#1242 = DIRECTION('',(-1.,0.,0.));
#1243 = DIRECTION('',(0.,1.,0.));
#1244 = ADVANCED_FACE('',(#1245),#1264,.F.);
#1245 = FACE_BOUND('',#1246,.F.);
#1246 = EDGE_LOOP('',(#1247,#1248,#1249,#1258));
#1247 = ORIENTED_EDGE('',*,*,#624,.F.);
#1248 = ORIENTED_EDGE('',*,*,#1178,.F.);
#1249 = ORIENTED_EDGE('',*,*,#1250,.T.);
#1250 = EDGE_CURVE('',#1179,#1251,#1253,.T.);
#1251 = VERTEX_POINT('',#1252);
#1252 = CARTESIAN_POINT('',(163.94795545245,-101.6853238664,-1.195));
#1253 = CIRCLE('',#1254,3.8);
#1254 = AXIS2_PLACEMENT_3D('',#1255,#1256,#1257);
#1255 = CARTESIAN_POINT('',(160.27,-100.73,-1.195));
#1256 = DIRECTION('',(0.,0.,1.));
#1257 = DIRECTION('',(1.,0.,0.));
#1258 = ORIENTED_EDGE('',*,*,#1259,.T.);
#1259 = EDGE_CURVE('',#1251,#617,#1260,.T.);
#1260 = LINE('',#1261,#1262);
#1261 = CARTESIAN_POINT('',(163.94795545245,-101.6853238664,5.01));
#1262 = VECTOR('',#1263,1.);
#1263 = DIRECTION('',(0.,0.,1.));
#1264 = CYLINDRICAL_SURFACE('',#1265,3.8);
#1265 = AXIS2_PLACEMENT_3D('',#1266,#1267,#1268);
#1266 = CARTESIAN_POINT('',(160.27,-100.73,5.01));
#1267 = DIRECTION('',(0.,0.,1.));
#1268 = DIRECTION('',(1.,0.,0.));
#1269 = ADVANCED_FACE('',(#1270),#1290,.F.);
#1270 = FACE_BOUND('',#1271,.F.);
#1271 = EDGE_LOOP('',(#1272,#1281,#1282,#1283,#1284));
#1272 = ORIENTED_EDGE('',*,*,#1273,.T.);
#1273 = EDGE_CURVE('',#1274,#1225,#1276,.T.);
#1274 = VERTEX_POINT('',#1275);
#1275 = CARTESIAN_POINT('',(189.38,-30.67394839142,-1.195));
#1276 = CIRCLE('',#1277,3.8);
#1277 = AXIS2_PLACEMENT_3D('',#1278,#1279,#1280);
#1278 = CARTESIAN_POINT('',(186.68,-28.,-1.195));
#1279 = DIRECTION('',(0.,0.,1.));
#1280 = DIRECTION('',(1.,0.,0.));
#1281 = ORIENTED_EDGE('',*,*,#1232,.T.);
#1282 = ORIENTED_EDGE('',*,*,#590,.F.);
#1283 = ORIENTED_EDGE('',*,*,#599,.F.);
#1284 = ORIENTED_EDGE('',*,*,#1285,.F.);
#1285 = EDGE_CURVE('',#1274,#600,#1286,.T.);
#1286 = LINE('',#1287,#1288);
#1287 = CARTESIAN_POINT('',(189.38,-30.67394839142,5.01));
#1288 = VECTOR('',#1289,1.);
#1289 = DIRECTION('',(0.,0.,1.));
#1290 = CYLINDRICAL_SURFACE('',#1291,3.8);
#1291 = AXIS2_PLACEMENT_3D('',#1292,#1293,#1294);
#1292 = CARTESIAN_POINT('',(186.68,-28.,5.01));
#1293 = DIRECTION('',(0.,0.,1.));
#1294 = DIRECTION('',(1.,0.,0.));
#1295 = ADVANCED_FACE('',(#1296),#1330,.T.);
#1296 = FACE_BOUND('',#1297,.T.);
#1297 = EDGE_LOOP('',(#1298,#1308,#1316,#1322,#1323,#1324));
#1298 = ORIENTED_EDGE('',*,*,#1299,.F.);
#1299 = EDGE_CURVE('',#1300,#1302,#1304,.T.);
#1300 = VERTEX_POINT('',#1301);
#1301 = CARTESIAN_POINT('',(164.74222117869,-101.2292371469,-3.195));
#1302 = VERTEX_POINT('',#1303);
#1303 = CARTESIAN_POINT('',(189.38,-87.08162464543,-3.195));
#1304 = LINE('',#1305,#1306);
#1305 = CARTESIAN_POINT('',(135.08349478316,-118.26,-3.195));
#1306 = VECTOR('',#1307,1.);
#1307 = DIRECTION('',(0.867196823034,0.497965531057,0.));
#1308 = ORIENTED_EDGE('',*,*,#1309,.F.);
#1309 = EDGE_CURVE('',#1310,#1300,#1312,.T.);
#1310 = VERTEX_POINT('',#1311);
#1311 = CARTESIAN_POINT('',(164.74222117868,-101.2292371469,-1.195));
#1312 = LINE('',#1313,#1314);
#1313 = CARTESIAN_POINT('',(164.74222117868,-101.2292371469,-3.195));
#1314 = VECTOR('',#1315,1.);
#1315 = DIRECTION('',(-0.,-0.,-1.));
#1316 = ORIENTED_EDGE('',*,*,#1317,.F.);
#1317 = EDGE_CURVE('',#1251,#1310,#1318,.T.);
#1318 = LINE('',#1319,#1320);
#1319 = CARTESIAN_POINT('',(132.00295222637,-120.0289225438,-1.195));
#1320 = VECTOR('',#1321,1.);
#1321 = DIRECTION('',(0.867196823034,0.497965531057,0.));
#1322 = ORIENTED_EDGE('',*,*,#1259,.T.);
#1323 = ORIENTED_EDGE('',*,*,#616,.T.);
#1324 = ORIENTED_EDGE('',*,*,#1325,.F.);
#1325 = EDGE_CURVE('',#1302,#609,#1326,.T.);
#1326 = LINE('',#1327,#1328);
#1327 = CARTESIAN_POINT('',(189.38,-87.08162464543,-3.195));
#1328 = VECTOR('',#1329,1.);
#1329 = DIRECTION('',(0.,0.,1.));
#1330 = PLANE('',#1331);
#1331 = AXIS2_PLACEMENT_3D('',#1332,#1333,#1334);
#1332 = CARTESIAN_POINT('',(135.08349478316,-118.26,-3.195));
#1333 = DIRECTION('',(-0.497965531057,0.867196823034,0.));
#1334 = DIRECTION('',(0.867196823034,0.497965531057,0.));
#1335 = ADVANCED_FACE('',(#1336),#1363,.T.);
#1336 = FACE_BOUND('',#1337,.T.);
#1337 = EDGE_LOOP('',(#1338,#1346,#1347,#1348,#1349,#1357));
#1338 = ORIENTED_EDGE('',*,*,#1339,.F.);
#1339 = EDGE_CURVE('',#1302,#1340,#1342,.T.);
#1340 = VERTEX_POINT('',#1341);
#1341 = CARTESIAN_POINT('',(189.38,-31.6,-3.195));
#1342 = LINE('',#1343,#1344);
#1343 = CARTESIAN_POINT('',(189.38,-87.08162464543,-3.195));
#1344 = VECTOR('',#1345,1.);
#1345 = DIRECTION('',(0.,1.,0.));
#1346 = ORIENTED_EDGE('',*,*,#1325,.T.);
#1347 = ORIENTED_EDGE('',*,*,#608,.T.);
#1348 = ORIENTED_EDGE('',*,*,#1285,.F.);
#1349 = ORIENTED_EDGE('',*,*,#1350,.F.);
#1350 = EDGE_CURVE('',#1351,#1274,#1353,.T.);
#1351 = VERTEX_POINT('',#1352);
#1352 = CARTESIAN_POINT('',(189.38,-31.6,-1.195));
#1353 = LINE('',#1354,#1355);
#1354 = CARTESIAN_POINT('',(189.38,-76.13206232271,-1.195));
#1355 = VECTOR('',#1356,1.);
#1356 = DIRECTION('',(0.,1.,0.));
#1357 = ORIENTED_EDGE('',*,*,#1358,.T.);
#1358 = EDGE_CURVE('',#1351,#1340,#1359,.T.);
#1359 = LINE('',#1360,#1361);
#1360 = CARTESIAN_POINT('',(189.38,-31.6,-3.195));
#1361 = VECTOR('',#1362,1.);
#1362 = DIRECTION('',(-0.,-0.,-1.));
#1363 = PLANE('',#1364);
#1364 = AXIS2_PLACEMENT_3D('',#1365,#1366,#1367);
#1365 = CARTESIAN_POINT('',(189.38,-87.08162464543,-3.195));
#1366 = DIRECTION('',(-1.,0.,0.));
#1367 = DIRECTION('',(0.,1.,0.));
#1368 = ADVANCED_FACE('',(#1369),#1387,.F.);
#1369 = FACE_BOUND('',#1370,.F.);
#1370 = EDGE_LOOP('',(#1371,#1379,#1380,#1381));
#1371 = ORIENTED_EDGE('',*,*,#1372,.F.);
#1372 = EDGE_CURVE('',#893,#1373,#1375,.T.);
#1373 = VERTEX_POINT('',#1374);
#1374 = CARTESIAN_POINT('',(153.6,-19.5,-3.195));
#1375 = LINE('',#1376,#1377);
#1376 = CARTESIAN_POINT('',(153.6,-11.312,-3.195));
#1377 = VECTOR('',#1378,1.);
#1378 = DIRECTION('',(0.,-1.,0.));
#1379 = ORIENTED_EDGE('',*,*,#902,.T.);
#1380 = ORIENTED_EDGE('',*,*,#773,.T.);
#1381 = ORIENTED_EDGE('',*,*,#1382,.F.);
#1382 = EDGE_CURVE('',#1373,#774,#1383,.T.);
#1383 = LINE('',#1384,#1385);
#1384 = CARTESIAN_POINT('',(153.6,-19.5,-3.195));
#1385 = VECTOR('',#1386,1.);
#1386 = DIRECTION('',(0.,0.,1.));
#1387 = PLANE('',#1388);
#1388 = AXIS2_PLACEMENT_3D('',#1389,#1390,#1391);
#1389 = CARTESIAN_POINT('',(153.6,-11.312,-3.195));
#1390 = DIRECTION('',(1.,0.,0.));
#1391 = DIRECTION('',(0.,-1.,0.));
#1392 = ADVANCED_FACE('',(#1393),#1411,.F.);
#1393 = FACE_BOUND('',#1394,.F.);
#1394 = EDGE_LOOP('',(#1395,#1396,#1397,#1405));
#1395 = ORIENTED_EDGE('',*,*,#1382,.T.);
#1396 = ORIENTED_EDGE('',*,*,#781,.T.);
#1397 = ORIENTED_EDGE('',*,*,#1398,.F.);
#1398 = EDGE_CURVE('',#1399,#782,#1401,.T.);
#1399 = VERTEX_POINT('',#1400);
#1400 = CARTESIAN_POINT('',(170.2,-19.5,-3.195));
#1401 = LINE('',#1402,#1403);
#1402 = CARTESIAN_POINT('',(170.2,-19.5,-3.195));
#1403 = VECTOR('',#1404,1.);
#1404 = DIRECTION('',(0.,0.,1.));
#1405 = ORIENTED_EDGE('',*,*,#1406,.F.);
#1406 = EDGE_CURVE('',#1373,#1399,#1407,.T.);
#1407 = LINE('',#1408,#1409);
#1408 = CARTESIAN_POINT('',(153.6,-19.5,-3.195));
#1409 = VECTOR('',#1410,1.);
#1410 = DIRECTION('',(1.,0.,0.));
#1411 = PLANE('',#1412);
#1412 = AXIS2_PLACEMENT_3D('',#1413,#1414,#1415);
#1413 = CARTESIAN_POINT('',(153.6,-19.5,-3.195));
#1414 = DIRECTION('',(0.,1.,0.));
#1415 = DIRECTION('',(1.,0.,0.));
#1416 = ADVANCED_FACE('',(#1417),#1428,.F.);
#1417 = FACE_BOUND('',#1418,.F.);
#1418 = EDGE_LOOP('',(#1419,#1425,#1426,#1427));
#1419 = ORIENTED_EDGE('',*,*,#1420,.F.);
#1420 = EDGE_CURVE('',#1399,#1138,#1421,.T.);
#1421 = LINE('',#1422,#1423);
#1422 = CARTESIAN_POINT('',(170.2,-19.5,-3.195));
#1423 = VECTOR('',#1424,1.);
#1424 = DIRECTION('',(0.,1.,0.));
#1425 = ORIENTED_EDGE('',*,*,#1398,.T.);
#1426 = ORIENTED_EDGE('',*,*,#789,.T.);
#1427 = ORIENTED_EDGE('',*,*,#1154,.T.);
#1428 = PLANE('',#1429);
#1429 = AXIS2_PLACEMENT_3D('',#1430,#1431,#1432);
#1430 = CARTESIAN_POINT('',(170.2,-19.5,-3.195));
#1431 = DIRECTION('',(-1.,0.,0.));
#1432 = DIRECTION('',(0.,1.,0.));
#1433 = ADVANCED_FACE('',(#1434),#1452,.F.);
#1434 = FACE_BOUND('',#1435,.F.);
#1435 = EDGE_LOOP('',(#1436,#1443,#1450,#1451));
#1436 = ORIENTED_EDGE('',*,*,#1437,.T.);
#1437 = EDGE_CURVE('',#816,#1438,#1440,.T.);
#1438 = VERTEX_POINT('',#1439);
#1439 = CARTESIAN_POINT('',(21.,-104.,-1.195));
#1440 = B_SPLINE_CURVE_WITH_KNOTS('',1,(#1441,#1442),.UNSPECIFIED.,.F.,
  .F.,(2,2),(-1.8,2.),.PIECEWISE_BEZIER_KNOTS.);
#1441 = CARTESIAN_POINT('',(21.,-104.,-4.995));
#1442 = CARTESIAN_POINT('',(21.,-104.,-1.195));
#1443 = ORIENTED_EDGE('',*,*,#1444,.F.);
#1444 = EDGE_CURVE('',#1438,#1438,#1445,.T.);
#1445 = CIRCLE('',#1446,1.65);
#1446 = AXIS2_PLACEMENT_3D('',#1447,#1448,#1449);
#1447 = CARTESIAN_POINT('',(19.35,-104.,-1.195));
#1448 = DIRECTION('',(0.,0.,1.));
#1449 = DIRECTION('',(1.,0.,0.));
#1450 = ORIENTED_EDGE('',*,*,#1437,.F.);
#1451 = ORIENTED_EDGE('',*,*,#815,.T.);
#1452 = CYLINDRICAL_SURFACE('',#1453,1.65);
#1453 = AXIS2_PLACEMENT_3D('',#1454,#1455,#1456);
#1454 = CARTESIAN_POINT('',(19.35,-104.,-3.195));
#1455 = DIRECTION('',(0.,0.,1.));
#1456 = DIRECTION('',(1.,0.,0.));
#1457 = ADVANCED_FACE('',(#1458),#1476,.F.);
#1458 = FACE_BOUND('',#1459,.F.);
#1459 = EDGE_LOOP('',(#1460,#1467,#1474,#1475));
#1460 = ORIENTED_EDGE('',*,*,#1461,.T.);
#1461 = EDGE_CURVE('',#836,#1462,#1464,.T.);
#1462 = VERTEX_POINT('',#1463);
#1463 = CARTESIAN_POINT('',(161.92,-100.73,-1.195));
#1464 = B_SPLINE_CURVE_WITH_KNOTS('',1,(#1465,#1466),.UNSPECIFIED.,.F.,
  .F.,(2,2),(-1.8,2.),.PIECEWISE_BEZIER_KNOTS.);
#1465 = CARTESIAN_POINT('',(161.92,-100.73,-4.995));
#1466 = CARTESIAN_POINT('',(161.92,-100.73,-1.195));
#1467 = ORIENTED_EDGE('',*,*,#1468,.F.);
#1468 = EDGE_CURVE('',#1462,#1462,#1469,.T.);
#1469 = CIRCLE('',#1470,1.65);
#1470 = AXIS2_PLACEMENT_3D('',#1471,#1472,#1473);
#1471 = CARTESIAN_POINT('',(160.27,-100.73,-1.195));
#1472 = DIRECTION('',(0.,0.,1.));
#1473 = DIRECTION('',(1.,0.,0.));
#1474 = ORIENTED_EDGE('',*,*,#1461,.F.);
#1475 = ORIENTED_EDGE('',*,*,#835,.T.);
#1476 = CYLINDRICAL_SURFACE('',#1477,1.65);
#1477 = AXIS2_PLACEMENT_3D('',#1478,#1479,#1480);
#1478 = CARTESIAN_POINT('',(160.27,-100.73,-3.195));
#1479 = DIRECTION('',(0.,0.,1.));
#1480 = DIRECTION('',(1.,0.,0.));
#1481 = ADVANCED_FACE('',(#1482),#1500,.F.);
#1482 = FACE_BOUND('',#1483,.F.);
#1483 = EDGE_LOOP('',(#1484,#1491,#1498,#1499));
#1484 = ORIENTED_EDGE('',*,*,#1485,.T.);
#1485 = EDGE_CURVE('',#856,#1486,#1488,.T.);
#1486 = VERTEX_POINT('',#1487);
#1487 = CARTESIAN_POINT('',(21.,-28.,-1.195));
#1488 = B_SPLINE_CURVE_WITH_KNOTS('',1,(#1489,#1490),.UNSPECIFIED.,.F.,
  .F.,(2,2),(-1.8,2.),.PIECEWISE_BEZIER_KNOTS.);
#1489 = CARTESIAN_POINT('',(21.,-28.,-4.995));
#1490 = CARTESIAN_POINT('',(21.,-28.,-1.195));
#1491 = ORIENTED_EDGE('',*,*,#1492,.F.);
#1492 = EDGE_CURVE('',#1486,#1486,#1493,.T.);
#1493 = CIRCLE('',#1494,1.65);
#1494 = AXIS2_PLACEMENT_3D('',#1495,#1496,#1497);
#1495 = CARTESIAN_POINT('',(19.35,-28.,-1.195));
#1496 = DIRECTION('',(0.,0.,1.));
#1497 = DIRECTION('',(1.,0.,0.));
#1498 = ORIENTED_EDGE('',*,*,#1485,.F.);
#1499 = ORIENTED_EDGE('',*,*,#855,.T.);
#1500 = CYLINDRICAL_SURFACE('',#1501,1.65);
#1501 = AXIS2_PLACEMENT_3D('',#1502,#1503,#1504);
#1502 = CARTESIAN_POINT('',(19.35,-28.,-3.195));
#1503 = DIRECTION('',(0.,0.,1.));
#1504 = DIRECTION('',(1.,0.,0.));
#1505 = ADVANCED_FACE('',(#1506),#1524,.F.);
#1506 = FACE_BOUND('',#1507,.F.);
#1507 = EDGE_LOOP('',(#1508,#1509,#1516,#1523));
#1508 = ORIENTED_EDGE('',*,*,#875,.T.);
#1509 = ORIENTED_EDGE('',*,*,#1510,.T.);
#1510 = EDGE_CURVE('',#876,#1511,#1513,.T.);
#1511 = VERTEX_POINT('',#1512);
#1512 = CARTESIAN_POINT('',(188.33,-28.,-1.195));
#1513 = B_SPLINE_CURVE_WITH_KNOTS('',1,(#1514,#1515),.UNSPECIFIED.,.F.,
  .F.,(2,2),(-1.8,2.),.PIECEWISE_BEZIER_KNOTS.);
#1514 = CARTESIAN_POINT('',(188.33,-28.,-4.995));
#1515 = CARTESIAN_POINT('',(188.33,-28.,-1.195));
#1516 = ORIENTED_EDGE('',*,*,#1517,.F.);
#1517 = EDGE_CURVE('',#1511,#1511,#1518,.T.);
#1518 = CIRCLE('',#1519,1.65);
#1519 = AXIS2_PLACEMENT_3D('',#1520,#1521,#1522);
#1520 = CARTESIAN_POINT('',(186.68,-28.,-1.195));
#1521 = DIRECTION('',(0.,0.,1.));
#1522 = DIRECTION('',(1.,0.,0.));
#1523 = ORIENTED_EDGE('',*,*,#1510,.F.);
#1524 = CYLINDRICAL_SURFACE('',#1525,1.65);
#1525 = AXIS2_PLACEMENT_3D('',#1526,#1527,#1528);
#1526 = CARTESIAN_POINT('',(186.68,-28.,-3.195));
#1527 = DIRECTION('',(0.,0.,1.));
#1528 = DIRECTION('',(1.,0.,0.));
#1529 = ADVANCED_FACE('',(#1530,#1600,#1611,#1645,#1656),#1667,.T.);
#1530 = FACE_BOUND('',#1531,.T.);
#1531 = EDGE_LOOP('',(#1532,#1539,#1540,#1541,#1542,#1543,#1544,#1545,
    #1546,#1555,#1562,#1563,#1572,#1579,#1580,#1581,#1582,#1591,#1598,
    #1599));
#1532 = ORIENTED_EDGE('',*,*,#1533,.F.);
#1533 = EDGE_CURVE('',#1209,#1340,#1534,.T.);
#1534 = CIRCLE('',#1535,4.5);
#1535 = AXIS2_PLACEMENT_3D('',#1536,#1537,#1538);
#1536 = CARTESIAN_POINT('',(186.68,-28.,-3.195));
#1537 = DIRECTION('',(0.,0.,1.));
#1538 = DIRECTION('',(1.,0.,0.));
#1539 = ORIENTED_EDGE('',*,*,#1208,.T.);
#1540 = ORIENTED_EDGE('',*,*,#1135,.T.);
#1541 = ORIENTED_EDGE('',*,*,#1420,.F.);
#1542 = ORIENTED_EDGE('',*,*,#1406,.F.);
#1543 = ORIENTED_EDGE('',*,*,#1372,.F.);
#1544 = ORIENTED_EDGE('',*,*,#892,.T.);
#1545 = ORIENTED_EDGE('',*,*,#925,.T.);
#1546 = ORIENTED_EDGE('',*,*,#1547,.F.);
#1547 = EDGE_CURVE('',#1548,#926,#1550,.T.);
#1548 = VERTEX_POINT('',#1549);
#1549 = CARTESIAN_POINT('',(23.85,-28.,-3.195));
#1550 = CIRCLE('',#1551,4.5);
#1551 = AXIS2_PLACEMENT_3D('',#1552,#1553,#1554);
#1552 = CARTESIAN_POINT('',(19.35,-28.,-3.195));
#1553 = DIRECTION('',(0.,0.,1.));
#1554 = DIRECTION('',(1.,0.,0.));
#1555 = ORIENTED_EDGE('',*,*,#1556,.F.);
#1556 = EDGE_CURVE('',#991,#1548,#1557,.T.);
#1557 = CIRCLE('',#1558,4.5);
#1558 = AXIS2_PLACEMENT_3D('',#1559,#1560,#1561);
#1559 = CARTESIAN_POINT('',(19.35,-28.,-3.195));
#1560 = DIRECTION('',(0.,0.,1.));
#1561 = DIRECTION('',(1.,0.,0.));
#1562 = ORIENTED_EDGE('',*,*,#990,.T.);
#1563 = ORIENTED_EDGE('',*,*,#1564,.F.);
#1564 = EDGE_CURVE('',#1565,#993,#1567,.T.);
#1565 = VERTEX_POINT('',#1566);
#1566 = CARTESIAN_POINT('',(23.85,-104.,-3.195));
#1567 = CIRCLE('',#1568,4.5);
#1568 = AXIS2_PLACEMENT_3D('',#1569,#1570,#1571);
#1569 = CARTESIAN_POINT('',(19.35,-104.,-3.195));
#1570 = DIRECTION('',(0.,0.,1.));
#1571 = DIRECTION('',(1.,0.,0.));
#1572 = ORIENTED_EDGE('',*,*,#1573,.F.);
#1573 = EDGE_CURVE('',#1072,#1565,#1574,.T.);
#1574 = CIRCLE('',#1575,4.5);
#1575 = AXIS2_PLACEMENT_3D('',#1576,#1577,#1578);
#1576 = CARTESIAN_POINT('',(19.35,-104.,-3.195));
#1577 = DIRECTION('',(0.,0.,1.));
#1578 = DIRECTION('',(1.,0.,0.));
#1579 = ORIENTED_EDGE('',*,*,#1071,.T.);
#1580 = ORIENTED_EDGE('',*,*,#1121,.T.);
#1581 = ORIENTED_EDGE('',*,*,#1168,.T.);
#1582 = ORIENTED_EDGE('',*,*,#1583,.F.);
#1583 = EDGE_CURVE('',#1584,#1169,#1586,.T.);
#1584 = VERTEX_POINT('',#1585);
#1585 = CARTESIAN_POINT('',(164.77,-100.73,-3.195));
#1586 = CIRCLE('',#1587,4.5);
#1587 = AXIS2_PLACEMENT_3D('',#1588,#1589,#1590);
#1588 = CARTESIAN_POINT('',(160.27,-100.73,-3.195));
#1589 = DIRECTION('',(0.,0.,1.));
#1590 = DIRECTION('',(1.,0.,0.));
#1591 = ORIENTED_EDGE('',*,*,#1592,.F.);
#1592 = EDGE_CURVE('',#1300,#1584,#1593,.T.);
#1593 = CIRCLE('',#1594,4.5);
#1594 = AXIS2_PLACEMENT_3D('',#1595,#1596,#1597);
#1595 = CARTESIAN_POINT('',(160.27,-100.73,-3.195));
#1596 = DIRECTION('',(0.,0.,1.));
#1597 = DIRECTION('',(1.,0.,0.));
#1598 = ORIENTED_EDGE('',*,*,#1299,.T.);
#1599 = ORIENTED_EDGE('',*,*,#1339,.T.);
#1600 = FACE_BOUND('',#1601,.T.);
#1601 = EDGE_LOOP('',(#1602));
#1602 = ORIENTED_EDGE('',*,*,#1603,.F.);
#1603 = EDGE_CURVE('',#1604,#1604,#1606,.T.);
#1604 = VERTEX_POINT('',#1605);
#1605 = CARTESIAN_POINT('',(31.2,-107.5,-3.195));
#1606 = CIRCLE('',#1607,3.7);
#1607 = AXIS2_PLACEMENT_3D('',#1608,#1609,#1610);
#1608 = CARTESIAN_POINT('',(27.5,-107.5,-3.195));
#1609 = DIRECTION('',(0.,0.,1.));
#1610 = DIRECTION('',(1.,0.,0.));
#1611 = FACE_BOUND('',#1612,.T.);
#1612 = EDGE_LOOP('',(#1613,#1623,#1631,#1639));
#1613 = ORIENTED_EDGE('',*,*,#1614,.F.);
#1614 = EDGE_CURVE('',#1615,#1617,#1619,.T.);
#1615 = VERTEX_POINT('',#1616);
#1616 = CARTESIAN_POINT('',(129.,-110.7,-3.195));
#1617 = VERTEX_POINT('',#1618);
#1618 = CARTESIAN_POINT('',(134.,-110.7,-3.195));
#1619 = LINE('',#1620,#1621);
#1620 = CARTESIAN_POINT('',(129.,-110.7,-3.195));
#1621 = VECTOR('',#1622,1.);
#1622 = DIRECTION('',(1.,0.,0.));
#1623 = ORIENTED_EDGE('',*,*,#1624,.F.);
#1624 = EDGE_CURVE('',#1625,#1615,#1627,.T.);
#1625 = VERTEX_POINT('',#1626);
#1626 = CARTESIAN_POINT('',(129.,-107.7,-3.195));
#1627 = LINE('',#1628,#1629);
#1628 = CARTESIAN_POINT('',(129.,-107.7,-3.195));
#1629 = VECTOR('',#1630,1.);
#1630 = DIRECTION('',(0.,-1.,0.));
#1631 = ORIENTED_EDGE('',*,*,#1632,.F.);
#1632 = EDGE_CURVE('',#1633,#1625,#1635,.T.);
#1633 = VERTEX_POINT('',#1634);
#1634 = CARTESIAN_POINT('',(134.,-107.7,-3.195));
#1635 = LINE('',#1636,#1637);
#1636 = CARTESIAN_POINT('',(134.,-107.7,-3.195));
#1637 = VECTOR('',#1638,1.);
#1638 = DIRECTION('',(-1.,0.,0.));
#1639 = ORIENTED_EDGE('',*,*,#1640,.F.);
#1640 = EDGE_CURVE('',#1617,#1633,#1641,.T.);
#1641 = LINE('',#1642,#1643);
#1642 = CARTESIAN_POINT('',(134.,-110.7,-3.195));
#1643 = VECTOR('',#1644,1.);
#1644 = DIRECTION('',(0.,1.,0.));
#1645 = FACE_BOUND('',#1646,.T.);
#1646 = EDGE_LOOP('',(#1647));
#1647 = ORIENTED_EDGE('',*,*,#1648,.F.);
#1648 = EDGE_CURVE('',#1649,#1649,#1651,.T.);
#1649 = VERTEX_POINT('',#1650);
#1650 = CARTESIAN_POINT('',(31.2,-25.,-3.195));
#1651 = CIRCLE('',#1652,3.7);
#1652 = AXIS2_PLACEMENT_3D('',#1653,#1654,#1655);
#1653 = CARTESIAN_POINT('',(27.5,-25.,-3.195));
#1654 = DIRECTION('',(0.,0.,1.));
#1655 = DIRECTION('',(1.,0.,0.));
#1656 = FACE_BOUND('',#1657,.T.);
#1657 = EDGE_LOOP('',(#1658));
#1658 = ORIENTED_EDGE('',*,*,#1659,.F.);
#1659 = EDGE_CURVE('',#1660,#1660,#1662,.T.);
#1660 = VERTEX_POINT('',#1661);
#1661 = CARTESIAN_POINT('',(181.95,-25.,-3.195));
#1662 = CIRCLE('',#1663,3.7);
#1663 = AXIS2_PLACEMENT_3D('',#1664,#1665,#1666);
#1664 = CARTESIAN_POINT('',(178.25,-25.,-3.195));
#1665 = DIRECTION('',(0.,0.,1.));
#1666 = DIRECTION('',(1.,0.,0.));
#1667 = PLANE('',#1668);
#1668 = AXIS2_PLACEMENT_3D('',#1669,#1670,#1671);
#1669 = CARTESIAN_POINT('',(98.88121016051,-62.63039831188,-3.195));
#1670 = DIRECTION('',(0.,0.,1.));
#1671 = DIRECTION('',(1.,0.,0.));
#1672 = ADVANCED_FACE('',(#1673),#1695,.T.);
#1673 = FACE_BOUND('',#1674,.F.);
#1674 = EDGE_LOOP('',(#1675,#1676,#1685,#1692,#1693,#1694));
#1675 = ORIENTED_EDGE('',*,*,#1000,.F.);
#1676 = ORIENTED_EDGE('',*,*,#1677,.T.);
#1677 = EDGE_CURVE('',#1001,#1678,#1680,.T.);
#1678 = VERTEX_POINT('',#1679);
#1679 = CARTESIAN_POINT('',(23.85,-28.,-1.195));
#1680 = CIRCLE('',#1681,4.5);
#1681 = AXIS2_PLACEMENT_3D('',#1682,#1683,#1684);
#1682 = CARTESIAN_POINT('',(19.35,-28.,-1.195));
#1683 = DIRECTION('',(0.,0.,1.));
#1684 = DIRECTION('',(1.,0.,0.));
#1685 = ORIENTED_EDGE('',*,*,#1686,.T.);
#1686 = EDGE_CURVE('',#1678,#944,#1687,.T.);
#1687 = CIRCLE('',#1688,4.5);
#1688 = AXIS2_PLACEMENT_3D('',#1689,#1690,#1691);
#1689 = CARTESIAN_POINT('',(19.35,-28.,-1.195));
#1690 = DIRECTION('',(0.,0.,1.));
#1691 = DIRECTION('',(1.,0.,0.));
#1692 = ORIENTED_EDGE('',*,*,#951,.T.);
#1693 = ORIENTED_EDGE('',*,*,#1547,.F.);
#1694 = ORIENTED_EDGE('',*,*,#1556,.F.);
#1695 = CYLINDRICAL_SURFACE('',#1696,4.5);
#1696 = AXIS2_PLACEMENT_3D('',#1697,#1698,#1699);
#1697 = CARTESIAN_POINT('',(19.35,-28.,-3.195));
#1698 = DIRECTION('',(-0.,-0.,-1.));
#1699 = DIRECTION('',(1.,0.,0.));
#1700 = ADVANCED_FACE('',(#1701,#1708),#1711,.T.);
#1701 = FACE_BOUND('',#1702,.T.);
#1702 = EDGE_LOOP('',(#1703,#1704,#1705,#1706,#1707));
#1703 = ORIENTED_EDGE('',*,*,#1677,.T.);
#1704 = ORIENTED_EDGE('',*,*,#1686,.T.);
#1705 = ORIENTED_EDGE('',*,*,#943,.T.);
#1706 = ORIENTED_EDGE('',*,*,#967,.T.);
#1707 = ORIENTED_EDGE('',*,*,#1008,.T.);
#1708 = FACE_BOUND('',#1709,.T.);
#1709 = EDGE_LOOP('',(#1710));
#1710 = ORIENTED_EDGE('',*,*,#1492,.F.);
#1711 = PLANE('',#1712);
#1712 = AXIS2_PLACEMENT_3D('',#1713,#1714,#1715);
#1713 = CARTESIAN_POINT('',(96.4125,-65.1825,-1.195));
#1714 = DIRECTION('',(0.,0.,1.));
#1715 = DIRECTION('',(1.,0.,0.));
#1716 = ADVANCED_FACE('',(#1717),#1739,.T.);
#1717 = FACE_BOUND('',#1718,.F.);
#1718 = EDGE_LOOP('',(#1719,#1720,#1729,#1736,#1737,#1738));
#1719 = ORIENTED_EDGE('',*,*,#1081,.F.);
#1720 = ORIENTED_EDGE('',*,*,#1721,.T.);
#1721 = EDGE_CURVE('',#1082,#1722,#1724,.T.);
#1722 = VERTEX_POINT('',#1723);
#1723 = CARTESIAN_POINT('',(23.85,-104.,-1.195));
#1724 = CIRCLE('',#1725,4.5);
#1725 = AXIS2_PLACEMENT_3D('',#1726,#1727,#1728);
#1726 = CARTESIAN_POINT('',(19.35,-104.,-1.195));
#1727 = DIRECTION('',(0.,0.,1.));
#1728 = DIRECTION('',(1.,0.,0.));
#1729 = ORIENTED_EDGE('',*,*,#1730,.T.);
#1730 = EDGE_CURVE('',#1722,#1025,#1731,.T.);
#1731 = CIRCLE('',#1732,4.5);
#1732 = AXIS2_PLACEMENT_3D('',#1733,#1734,#1735);
#1733 = CARTESIAN_POINT('',(19.35,-104.,-1.195));
#1734 = DIRECTION('',(0.,0.,1.));
#1735 = DIRECTION('',(1.,0.,0.));
#1736 = ORIENTED_EDGE('',*,*,#1032,.T.);
#1737 = ORIENTED_EDGE('',*,*,#1564,.F.);
#1738 = ORIENTED_EDGE('',*,*,#1573,.F.);
#1739 = CYLINDRICAL_SURFACE('',#1740,4.5);
#1740 = AXIS2_PLACEMENT_3D('',#1741,#1742,#1743);
#1741 = CARTESIAN_POINT('',(19.35,-104.,-3.195));
#1742 = DIRECTION('',(-0.,-0.,-1.));
#1743 = DIRECTION('',(1.,0.,0.));
#1744 = ADVANCED_FACE('',(#1745,#1752),#1755,.T.);
#1745 = FACE_BOUND('',#1746,.T.);
#1746 = EDGE_LOOP('',(#1747,#1748,#1749,#1750,#1751));
#1747 = ORIENTED_EDGE('',*,*,#1721,.T.);
#1748 = ORIENTED_EDGE('',*,*,#1730,.T.);
#1749 = ORIENTED_EDGE('',*,*,#1024,.T.);
#1750 = ORIENTED_EDGE('',*,*,#1048,.T.);
#1751 = ORIENTED_EDGE('',*,*,#1089,.T.);
#1752 = FACE_BOUND('',#1753,.T.);
#1753 = EDGE_LOOP('',(#1754));
#1754 = ORIENTED_EDGE('',*,*,#1444,.F.);
#1755 = PLANE('',#1756);
#1756 = AXIS2_PLACEMENT_3D('',#1757,#1758,#1759);
#1757 = CARTESIAN_POINT('',(96.4125,-65.1825,-1.195));
#1758 = DIRECTION('',(0.,0.,1.));
#1759 = DIRECTION('',(1.,0.,0.));
#1760 = ADVANCED_FACE('',(#1761),#1783,.T.);
#1761 = FACE_BOUND('',#1762,.F.);
#1762 = EDGE_LOOP('',(#1763,#1764,#1773,#1780,#1781,#1782));
#1763 = ORIENTED_EDGE('',*,*,#1309,.F.);
#1764 = ORIENTED_EDGE('',*,*,#1765,.T.);
#1765 = EDGE_CURVE('',#1310,#1766,#1768,.T.);
#1766 = VERTEX_POINT('',#1767);
#1767 = CARTESIAN_POINT('',(164.77,-100.73,-1.195));
#1768 = CIRCLE('',#1769,4.5);
#1769 = AXIS2_PLACEMENT_3D('',#1770,#1771,#1772);
#1770 = CARTESIAN_POINT('',(160.27,-100.73,-1.195));
#1771 = DIRECTION('',(0.,0.,1.));
#1772 = DIRECTION('',(1.,0.,0.));
#1773 = ORIENTED_EDGE('',*,*,#1774,.T.);
#1774 = EDGE_CURVE('',#1766,#1187,#1775,.T.);
#1775 = CIRCLE('',#1776,4.5);
#1776 = AXIS2_PLACEMENT_3D('',#1777,#1778,#1779);
#1777 = CARTESIAN_POINT('',(160.27,-100.73,-1.195));
#1778 = DIRECTION('',(0.,0.,1.));
#1779 = DIRECTION('',(1.,0.,0.));
#1780 = ORIENTED_EDGE('',*,*,#1194,.T.);
#1781 = ORIENTED_EDGE('',*,*,#1583,.F.);
#1782 = ORIENTED_EDGE('',*,*,#1592,.F.);
#1783 = CYLINDRICAL_SURFACE('',#1784,4.5);
#1784 = AXIS2_PLACEMENT_3D('',#1785,#1786,#1787);
#1785 = CARTESIAN_POINT('',(160.27,-100.73,-3.195));
#1786 = DIRECTION('',(-0.,-0.,-1.));
#1787 = DIRECTION('',(1.,0.,0.));
#1788 = ADVANCED_FACE('',(#1789,#1796),#1799,.T.);
#1789 = FACE_BOUND('',#1790,.T.);
#1790 = EDGE_LOOP('',(#1791,#1792,#1793,#1794,#1795));
#1791 = ORIENTED_EDGE('',*,*,#1765,.T.);
#1792 = ORIENTED_EDGE('',*,*,#1774,.T.);
#1793 = ORIENTED_EDGE('',*,*,#1186,.T.);
#1794 = ORIENTED_EDGE('',*,*,#1250,.T.);
#1795 = ORIENTED_EDGE('',*,*,#1317,.T.);
#1796 = FACE_BOUND('',#1797,.T.);
#1797 = EDGE_LOOP('',(#1798));
#1798 = ORIENTED_EDGE('',*,*,#1468,.F.);
#1799 = PLANE('',#1800);
#1800 = AXIS2_PLACEMENT_3D('',#1801,#1802,#1803);
#1801 = CARTESIAN_POINT('',(96.4125,-65.1825,-1.195));
#1802 = DIRECTION('',(0.,0.,1.));
#1803 = DIRECTION('',(1.,0.,0.));
#1804 = ADVANCED_FACE('',(#1805,#1817),#1820,.T.);
#1805 = FACE_BOUND('',#1806,.T.);
#1806 = EDGE_LOOP('',(#1807,#1808,#1815,#1816));
#1807 = ORIENTED_EDGE('',*,*,#1224,.T.);
#1808 = ORIENTED_EDGE('',*,*,#1809,.T.);
#1809 = EDGE_CURVE('',#1217,#1351,#1810,.T.);
#1810 = CIRCLE('',#1811,4.5);
#1811 = AXIS2_PLACEMENT_3D('',#1812,#1813,#1814);
#1812 = CARTESIAN_POINT('',(186.68,-28.,-1.195));
#1813 = DIRECTION('',(0.,0.,1.));
#1814 = DIRECTION('',(1.,0.,0.));
#1815 = ORIENTED_EDGE('',*,*,#1350,.T.);
#1816 = ORIENTED_EDGE('',*,*,#1273,.T.);
#1817 = FACE_BOUND('',#1818,.T.);
#1818 = EDGE_LOOP('',(#1819));
#1819 = ORIENTED_EDGE('',*,*,#1517,.F.);
#1820 = PLANE('',#1821);
#1821 = AXIS2_PLACEMENT_3D('',#1822,#1823,#1824);
#1822 = CARTESIAN_POINT('',(96.4125,-65.1825,-1.195));
#1823 = DIRECTION('',(0.,0.,1.));
#1824 = DIRECTION('',(1.,0.,0.));
#1825 = ADVANCED_FACE('',(#1826),#1832,.T.);
#1826 = FACE_BOUND('',#1827,.F.);
#1827 = EDGE_LOOP('',(#1828,#1829,#1830,#1831));
#1828 = ORIENTED_EDGE('',*,*,#1533,.F.);
#1829 = ORIENTED_EDGE('',*,*,#1216,.F.);
#1830 = ORIENTED_EDGE('',*,*,#1809,.T.);
#1831 = ORIENTED_EDGE('',*,*,#1358,.T.);
#1832 = CYLINDRICAL_SURFACE('',#1833,4.5);
#1833 = AXIS2_PLACEMENT_3D('',#1834,#1835,#1836);
#1834 = CARTESIAN_POINT('',(186.68,-28.,-3.195));
#1835 = DIRECTION('',(-0.,-0.,-1.));
#1836 = DIRECTION('',(1.,0.,0.));
#1837 = ADVANCED_FACE('',(#1838),#1857,.T.);
#1838 = FACE_BOUND('',#1839,.F.);
#1839 = EDGE_LOOP('',(#1840,#1848,#1855,#1856));
#1840 = ORIENTED_EDGE('',*,*,#1841,.T.);
#1841 = EDGE_CURVE('',#1604,#1842,#1844,.T.);
#1842 = VERTEX_POINT('',#1843);
#1843 = CARTESIAN_POINT('',(31.2,-107.5,0.));
#1844 = LINE('',#1845,#1846);
#1845 = CARTESIAN_POINT('',(31.2,-107.5,-3.195));
#1846 = VECTOR('',#1847,1.);
#1847 = DIRECTION('',(0.,0.,1.));
#1848 = ORIENTED_EDGE('',*,*,#1849,.T.);
#1849 = EDGE_CURVE('',#1842,#1842,#1850,.T.);
#1850 = CIRCLE('',#1851,3.7);
#1851 = AXIS2_PLACEMENT_3D('',#1852,#1853,#1854);
#1852 = CARTESIAN_POINT('',(27.5,-107.5,8.881784197001E-16));
#1853 = DIRECTION('',(0.,0.,1.));
#1854 = DIRECTION('',(1.,0.,0.));
#1855 = ORIENTED_EDGE('',*,*,#1841,.F.);
#1856 = ORIENTED_EDGE('',*,*,#1603,.F.);
#1857 = CYLINDRICAL_SURFACE('',#1858,3.7);
#1858 = AXIS2_PLACEMENT_3D('',#1859,#1860,#1861);
#1859 = CARTESIAN_POINT('',(27.5,-107.5,-3.195));
#1860 = DIRECTION('',(-0.,-0.,-1.));
#1861 = DIRECTION('',(1.,0.,0.));
#1862 = ADVANCED_FACE('',(#1863),#1888,.F.);
#1863 = FACE_BOUND('',#1864,.F.);
#1864 = EDGE_LOOP('',(#1865,#1873,#1881,#1887));
#1865 = ORIENTED_EDGE('',*,*,#1866,.T.);
#1866 = EDGE_CURVE('',#1615,#1867,#1869,.T.);
#1867 = VERTEX_POINT('',#1868);
#1868 = CARTESIAN_POINT('',(129.,-110.7,0.));
#1869 = LINE('',#1870,#1871);
#1870 = CARTESIAN_POINT('',(129.,-110.7,-3.195));
#1871 = VECTOR('',#1872,1.);
#1872 = DIRECTION('',(0.,0.,1.));
#1873 = ORIENTED_EDGE('',*,*,#1874,.T.);
#1874 = EDGE_CURVE('',#1867,#1875,#1877,.T.);
#1875 = VERTEX_POINT('',#1876);
#1876 = CARTESIAN_POINT('',(134.,-110.7,0.));
#1877 = LINE('',#1878,#1879);
#1878 = CARTESIAN_POINT('',(129.,-110.7,8.881784197001E-16));
#1879 = VECTOR('',#1880,1.);
#1880 = DIRECTION('',(1.,0.,0.));
#1881 = ORIENTED_EDGE('',*,*,#1882,.F.);
#1882 = EDGE_CURVE('',#1617,#1875,#1883,.T.);
#1883 = LINE('',#1884,#1885);
#1884 = CARTESIAN_POINT('',(134.,-110.7,-3.195));
#1885 = VECTOR('',#1886,1.);
#1886 = DIRECTION('',(0.,0.,1.));
#1887 = ORIENTED_EDGE('',*,*,#1614,.F.);
#1888 = PLANE('',#1889);
#1889 = AXIS2_PLACEMENT_3D('',#1890,#1891,#1892);
#1890 = CARTESIAN_POINT('',(129.,-110.7,-3.195));
#1891 = DIRECTION('',(0.,1.,0.));
#1892 = DIRECTION('',(1.,0.,0.));
#1893 = ADVANCED_FACE('',(#1894),#1912,.F.);
#1894 = FACE_BOUND('',#1895,.F.);
#1895 = EDGE_LOOP('',(#1896,#1904,#1910,#1911));
#1896 = ORIENTED_EDGE('',*,*,#1897,.T.);
#1897 = EDGE_CURVE('',#1625,#1898,#1900,.T.);
#1898 = VERTEX_POINT('',#1899);
#1899 = CARTESIAN_POINT('',(129.,-107.7,0.));
#1900 = LINE('',#1901,#1902);
#1901 = CARTESIAN_POINT('',(129.,-107.7,-3.195));
#1902 = VECTOR('',#1903,1.);
#1903 = DIRECTION('',(0.,0.,1.));
#1904 = ORIENTED_EDGE('',*,*,#1905,.T.);
#1905 = EDGE_CURVE('',#1898,#1867,#1906,.T.);
#1906 = LINE('',#1907,#1908);
#1907 = CARTESIAN_POINT('',(129.,-107.7,8.881784197001E-16));
#1908 = VECTOR('',#1909,1.);
#1909 = DIRECTION('',(0.,-1.,0.));
#1910 = ORIENTED_EDGE('',*,*,#1866,.F.);
#1911 = ORIENTED_EDGE('',*,*,#1624,.F.);
#1912 = PLANE('',#1913);
#1913 = AXIS2_PLACEMENT_3D('',#1914,#1915,#1916);
#1914 = CARTESIAN_POINT('',(129.,-107.7,-3.195));
#1915 = DIRECTION('',(1.,0.,0.));
#1916 = DIRECTION('',(0.,-1.,0.));
#1917 = ADVANCED_FACE('',(#1918),#1936,.F.);
#1918 = FACE_BOUND('',#1919,.F.);
#1919 = EDGE_LOOP('',(#1920,#1921,#1929,#1935));
#1920 = ORIENTED_EDGE('',*,*,#1882,.T.);
#1921 = ORIENTED_EDGE('',*,*,#1922,.T.);
#1922 = EDGE_CURVE('',#1875,#1923,#1925,.T.);
#1923 = VERTEX_POINT('',#1924);
#1924 = CARTESIAN_POINT('',(134.,-107.7,0.));
#1925 = LINE('',#1926,#1927);
#1926 = CARTESIAN_POINT('',(134.,-110.7,8.881784197001E-16));
#1927 = VECTOR('',#1928,1.);
#1928 = DIRECTION('',(0.,1.,0.));
#1929 = ORIENTED_EDGE('',*,*,#1930,.F.);
#1930 = EDGE_CURVE('',#1633,#1923,#1931,.T.);
#1931 = LINE('',#1932,#1933);
#1932 = CARTESIAN_POINT('',(134.,-107.7,-3.195));
#1933 = VECTOR('',#1934,1.);
#1934 = DIRECTION('',(0.,0.,1.));
#1935 = ORIENTED_EDGE('',*,*,#1640,.F.);
#1936 = PLANE('',#1937);
#1937 = AXIS2_PLACEMENT_3D('',#1938,#1939,#1940);
#1938 = CARTESIAN_POINT('',(134.,-110.7,-3.195));
#1939 = DIRECTION('',(-1.,0.,0.));
#1940 = DIRECTION('',(0.,1.,0.));
#1941 = ADVANCED_FACE('',(#1942),#1953,.F.);
#1942 = FACE_BOUND('',#1943,.F.);
#1943 = EDGE_LOOP('',(#1944,#1945,#1951,#1952));
#1944 = ORIENTED_EDGE('',*,*,#1930,.T.);
#1945 = ORIENTED_EDGE('',*,*,#1946,.T.);
#1946 = EDGE_CURVE('',#1923,#1898,#1947,.T.);
#1947 = LINE('',#1948,#1949);
#1948 = CARTESIAN_POINT('',(134.,-107.7,8.881784197001E-16));
#1949 = VECTOR('',#1950,1.);
#1950 = DIRECTION('',(-1.,0.,0.));
#1951 = ORIENTED_EDGE('',*,*,#1897,.F.);
#1952 = ORIENTED_EDGE('',*,*,#1632,.F.);
#1953 = PLANE('',#1954);
#1954 = AXIS2_PLACEMENT_3D('',#1955,#1956,#1957);
#1955 = CARTESIAN_POINT('',(134.,-107.7,-3.195));
#1956 = DIRECTION('',(0.,-1.,0.));
#1957 = DIRECTION('',(-1.,0.,0.));
#1958 = ADVANCED_FACE('',(#1959),#1978,.T.);
#1959 = FACE_BOUND('',#1960,.F.);
#1960 = EDGE_LOOP('',(#1961,#1969,#1976,#1977));
#1961 = ORIENTED_EDGE('',*,*,#1962,.T.);
#1962 = EDGE_CURVE('',#1649,#1963,#1965,.T.);
#1963 = VERTEX_POINT('',#1964);
#1964 = CARTESIAN_POINT('',(31.2,-25.,0.));
#1965 = LINE('',#1966,#1967);
#1966 = CARTESIAN_POINT('',(31.2,-25.,-3.195));
#1967 = VECTOR('',#1968,1.);
#1968 = DIRECTION('',(0.,0.,1.));
#1969 = ORIENTED_EDGE('',*,*,#1970,.T.);
#1970 = EDGE_CURVE('',#1963,#1963,#1971,.T.);
#1971 = CIRCLE('',#1972,3.7);
#1972 = AXIS2_PLACEMENT_3D('',#1973,#1974,#1975);
#1973 = CARTESIAN_POINT('',(27.5,-25.,8.881784197001E-16));
#1974 = DIRECTION('',(0.,0.,1.));
#1975 = DIRECTION('',(1.,0.,0.));
#1976 = ORIENTED_EDGE('',*,*,#1962,.F.);
#1977 = ORIENTED_EDGE('',*,*,#1648,.F.);
#1978 = CYLINDRICAL_SURFACE('',#1979,3.7);
#1979 = AXIS2_PLACEMENT_3D('',#1980,#1981,#1982);
#1980 = CARTESIAN_POINT('',(27.5,-25.,-3.195));
#1981 = DIRECTION('',(-0.,-0.,-1.));
#1982 = DIRECTION('',(1.,0.,0.));
#1983 = ADVANCED_FACE('',(#1984),#2003,.T.);
#1984 = FACE_BOUND('',#1985,.F.);
#1985 = EDGE_LOOP('',(#1986,#1994,#2001,#2002));
#1986 = ORIENTED_EDGE('',*,*,#1987,.T.);
#1987 = EDGE_CURVE('',#1660,#1988,#1990,.T.);
#1988 = VERTEX_POINT('',#1989);
#1989 = CARTESIAN_POINT('',(181.95,-25.,0.));
#1990 = LINE('',#1991,#1992);
#1991 = CARTESIAN_POINT('',(181.95,-25.,-3.195));
#1992 = VECTOR('',#1993,1.);
#1993 = DIRECTION('',(0.,0.,1.));
#1994 = ORIENTED_EDGE('',*,*,#1995,.T.);
#1995 = EDGE_CURVE('',#1988,#1988,#1996,.T.);
#1996 = CIRCLE('',#1997,3.7);
#1997 = AXIS2_PLACEMENT_3D('',#1998,#1999,#2000);
#1998 = CARTESIAN_POINT('',(178.25,-25.,8.881784197001E-16));
#1999 = DIRECTION('',(0.,0.,1.));
#2000 = DIRECTION('',(1.,0.,0.));
#2001 = ORIENTED_EDGE('',*,*,#1987,.F.);
#2002 = ORIENTED_EDGE('',*,*,#1659,.F.);
#2003 = CYLINDRICAL_SURFACE('',#2004,3.7);
#2004 = AXIS2_PLACEMENT_3D('',#2005,#2006,#2007);
#2005 = CARTESIAN_POINT('',(178.25,-25.,-3.195));
#2006 = DIRECTION('',(-0.,-0.,-1.));
#2007 = DIRECTION('',(1.,0.,0.));
#2008 = ADVANCED_FACE('',(#2009,#2012),#2023,.T.);
#2009 = FACE_BOUND('',#2010,.T.);
#2010 = EDGE_LOOP('',(#2011));
#2011 = ORIENTED_EDGE('',*,*,#1849,.T.);
#2012 = FACE_BOUND('',#2013,.T.);
#2013 = EDGE_LOOP('',(#2014));
#2014 = ORIENTED_EDGE('',*,*,#2015,.F.);
#2015 = EDGE_CURVE('',#2016,#2016,#2018,.T.);
#2016 = VERTEX_POINT('',#2017);
#2017 = CARTESIAN_POINT('',(28.9,-107.5,0.));
#2018 = CIRCLE('',#2019,1.4);
#2019 = AXIS2_PLACEMENT_3D('',#2020,#2021,#2022);
#2020 = CARTESIAN_POINT('',(27.5,-107.5,0.));
#2021 = DIRECTION('',(0.,0.,1.));
#2022 = DIRECTION('',(1.,0.,0.));
#2023 = PLANE('',#2024);
#2024 = AXIS2_PLACEMENT_3D('',#2025,#2026,#2027);
#2025 = CARTESIAN_POINT('',(77.75,-52.5,0.));
#2026 = DIRECTION('',(0.,0.,1.));
#2027 = DIRECTION('',(1.,0.,0.));
#2028 = ADVANCED_FACE('',(#2029),#2035,.T.);
#2029 = FACE_BOUND('',#2030,.T.);
#2030 = EDGE_LOOP('',(#2031,#2032,#2033,#2034));
#2031 = ORIENTED_EDGE('',*,*,#1874,.T.);
#2032 = ORIENTED_EDGE('',*,*,#1922,.T.);
#2033 = ORIENTED_EDGE('',*,*,#1946,.T.);
#2034 = ORIENTED_EDGE('',*,*,#1905,.T.);
#2035 = PLANE('',#2036);
#2036 = AXIS2_PLACEMENT_3D('',#2037,#2038,#2039);
#2037 = CARTESIAN_POINT('',(131.5,-109.2,0.));
#2038 = DIRECTION('',(0.,0.,1.));
#2039 = DIRECTION('',(1.,0.,0.));
#2040 = ADVANCED_FACE('',(#2041,#2044),#2055,.T.);
#2041 = FACE_BOUND('',#2042,.T.);
#2042 = EDGE_LOOP('',(#2043));
#2043 = ORIENTED_EDGE('',*,*,#1970,.T.);
#2044 = FACE_BOUND('',#2045,.T.);
#2045 = EDGE_LOOP('',(#2046));
#2046 = ORIENTED_EDGE('',*,*,#2047,.F.);
#2047 = EDGE_CURVE('',#2048,#2048,#2050,.T.);
#2048 = VERTEX_POINT('',#2049);
#2049 = CARTESIAN_POINT('',(28.9,-25.,0.));
#2050 = CIRCLE('',#2051,1.4);
#2051 = AXIS2_PLACEMENT_3D('',#2052,#2053,#2054);
#2052 = CARTESIAN_POINT('',(27.5,-25.,0.));
#2053 = DIRECTION('',(0.,0.,1.));
#2054 = DIRECTION('',(1.,0.,0.));
#2055 = PLANE('',#2056);
#2056 = AXIS2_PLACEMENT_3D('',#2057,#2058,#2059);
#2057 = CARTESIAN_POINT('',(77.75,-52.5,0.));
#2058 = DIRECTION('',(0.,0.,1.));
#2059 = DIRECTION('',(1.,0.,0.));
#2060 = ADVANCED_FACE('',(#2061,#2064),#2075,.T.);
#2061 = FACE_BOUND('',#2062,.T.);
#2062 = EDGE_LOOP('',(#2063));
#2063 = ORIENTED_EDGE('',*,*,#1995,.T.);
#2064 = FACE_BOUND('',#2065,.T.);
#2065 = EDGE_LOOP('',(#2066));
#2066 = ORIENTED_EDGE('',*,*,#2067,.F.);
#2067 = EDGE_CURVE('',#2068,#2068,#2070,.T.);
#2068 = VERTEX_POINT('',#2069);
#2069 = CARTESIAN_POINT('',(179.65,-25.,0.));
#2070 = CIRCLE('',#2071,1.4);
#2071 = AXIS2_PLACEMENT_3D('',#2072,#2073,#2074);
#2072 = CARTESIAN_POINT('',(178.25,-25.,0.));
#2073 = DIRECTION('',(0.,0.,1.));
#2074 = DIRECTION('',(1.,0.,0.));
#2075 = PLANE('',#2076);
#2076 = AXIS2_PLACEMENT_3D('',#2077,#2078,#2079);
#2077 = CARTESIAN_POINT('',(77.75,-52.5,0.));
#2078 = DIRECTION('',(0.,0.,1.));
#2079 = DIRECTION('',(1.,0.,0.));
#2080 = ADVANCED_FACE('',(#2081),#2100,.T.);
#2081 = FACE_BOUND('',#2082,.F.);
#2082 = EDGE_LOOP('',(#2083,#2091,#2098,#2099));
#2083 = ORIENTED_EDGE('',*,*,#2084,.T.);
#2084 = EDGE_CURVE('',#2016,#2085,#2087,.T.);
#2085 = VERTEX_POINT('',#2086);
#2086 = CARTESIAN_POINT('',(28.9,-107.5,1.1));
#2087 = LINE('',#2088,#2089);
#2088 = CARTESIAN_POINT('',(28.9,-107.5,0.));
#2089 = VECTOR('',#2090,1.);
#2090 = DIRECTION('',(0.,0.,1.));
#2091 = ORIENTED_EDGE('',*,*,#2092,.T.);
#2092 = EDGE_CURVE('',#2085,#2085,#2093,.T.);
#2093 = CIRCLE('',#2094,1.4);
#2094 = AXIS2_PLACEMENT_3D('',#2095,#2096,#2097);
#2095 = CARTESIAN_POINT('',(27.5,-107.5,1.1));
#2096 = DIRECTION('',(0.,0.,1.));
#2097 = DIRECTION('',(1.,0.,0.));
#2098 = ORIENTED_EDGE('',*,*,#2084,.F.);
#2099 = ORIENTED_EDGE('',*,*,#2015,.F.);
#2100 = CYLINDRICAL_SURFACE('',#2101,1.4);
#2101 = AXIS2_PLACEMENT_3D('',#2102,#2103,#2104);
#2102 = CARTESIAN_POINT('',(27.5,-107.5,0.));
#2103 = DIRECTION('',(-0.,-0.,-1.));
#2104 = DIRECTION('',(1.,0.,0.));
#2105 = ADVANCED_FACE('',(#2106),#2125,.T.);
#2106 = FACE_BOUND('',#2107,.F.);
#2107 = EDGE_LOOP('',(#2108,#2116,#2123,#2124));
#2108 = ORIENTED_EDGE('',*,*,#2109,.T.);
#2109 = EDGE_CURVE('',#2048,#2110,#2112,.T.);
#2110 = VERTEX_POINT('',#2111);
#2111 = CARTESIAN_POINT('',(28.9,-25.,1.1));
#2112 = LINE('',#2113,#2114);
#2113 = CARTESIAN_POINT('',(28.9,-25.,0.));
#2114 = VECTOR('',#2115,1.);
#2115 = DIRECTION('',(0.,0.,1.));
#2116 = ORIENTED_EDGE('',*,*,#2117,.T.);
#2117 = EDGE_CURVE('',#2110,#2110,#2118,.T.);
#2118 = CIRCLE('',#2119,1.4);
#2119 = AXIS2_PLACEMENT_3D('',#2120,#2121,#2122);
#2120 = CARTESIAN_POINT('',(27.5,-25.,1.1));
#2121 = DIRECTION('',(0.,0.,1.));
#2122 = DIRECTION('',(1.,0.,0.));
#2123 = ORIENTED_EDGE('',*,*,#2109,.F.);
#2124 = ORIENTED_EDGE('',*,*,#2047,.F.);
#2125 = CYLINDRICAL_SURFACE('',#2126,1.4);
#2126 = AXIS2_PLACEMENT_3D('',#2127,#2128,#2129);
#2127 = CARTESIAN_POINT('',(27.5,-25.,0.));
#2128 = DIRECTION('',(-0.,-0.,-1.));
#2129 = DIRECTION('',(1.,0.,0.));
#2130 = ADVANCED_FACE('',(#2131),#2150,.T.);
#2131 = FACE_BOUND('',#2132,.F.);
#2132 = EDGE_LOOP('',(#2133,#2141,#2148,#2149));
#2133 = ORIENTED_EDGE('',*,*,#2134,.T.);
#2134 = EDGE_CURVE('',#2068,#2135,#2137,.T.);
#2135 = VERTEX_POINT('',#2136);
#2136 = CARTESIAN_POINT('',(179.65,-25.,1.1));
#2137 = LINE('',#2138,#2139);
#2138 = CARTESIAN_POINT('',(179.65,-25.,0.));
#2139 = VECTOR('',#2140,1.);
#2140 = DIRECTION('',(0.,0.,1.));
#2141 = ORIENTED_EDGE('',*,*,#2142,.T.);
#2142 = EDGE_CURVE('',#2135,#2135,#2143,.T.);
#2143 = CIRCLE('',#2144,1.4);
#2144 = AXIS2_PLACEMENT_3D('',#2145,#2146,#2147);
#2145 = CARTESIAN_POINT('',(178.25,-25.,1.1));
#2146 = DIRECTION('',(0.,0.,1.));
#2147 = DIRECTION('',(1.,0.,0.));
#2148 = ORIENTED_EDGE('',*,*,#2134,.F.);
#2149 = ORIENTED_EDGE('',*,*,#2067,.F.);
#2150 = CYLINDRICAL_SURFACE('',#2151,1.4);
#2151 = AXIS2_PLACEMENT_3D('',#2152,#2153,#2154);
#2152 = CARTESIAN_POINT('',(178.25,-25.,0.));
#2153 = DIRECTION('',(-0.,-0.,-1.));
#2154 = DIRECTION('',(1.,0.,0.));
#2155 = ADVANCED_FACE('',(#2156),#2159,.T.);
#2156 = FACE_BOUND('',#2157,.T.);
#2157 = EDGE_LOOP('',(#2158));
#2158 = ORIENTED_EDGE('',*,*,#2092,.T.);
#2159 = PLANE('',#2160);
#2160 = AXIS2_PLACEMENT_3D('',#2161,#2162,#2163);
#2161 = CARTESIAN_POINT('',(77.75,-52.5,1.1));
#2162 = DIRECTION('',(0.,0.,1.));
#2163 = DIRECTION('',(1.,0.,0.));
#2164 = ADVANCED_FACE('',(#2165),#2168,.T.);
#2165 = FACE_BOUND('',#2166,.T.);
#2166 = EDGE_LOOP('',(#2167));
#2167 = ORIENTED_EDGE('',*,*,#2117,.T.);
#2168 = PLANE('',#2169);
#2169 = AXIS2_PLACEMENT_3D('',#2170,#2171,#2172);
#2170 = CARTESIAN_POINT('',(77.75,-52.5,1.1));
#2171 = DIRECTION('',(0.,0.,1.));
#2172 = DIRECTION('',(1.,0.,0.));
#2173 = ADVANCED_FACE('',(#2174),#2177,.T.);
#2174 = FACE_BOUND('',#2175,.T.);
#2175 = EDGE_LOOP('',(#2176));
#2176 = ORIENTED_EDGE('',*,*,#2142,.T.);
#2177 = PLANE('',#2178);
#2178 = AXIS2_PLACEMENT_3D('',#2179,#2180,#2181);
#2179 = CARTESIAN_POINT('',(77.75,-52.5,1.1));
#2180 = DIRECTION('',(0.,0.,1.));
#2181 = DIRECTION('',(1.,0.,0.));
#2182 = ( GEOMETRIC_REPRESENTATION_CONTEXT(3) 
GLOBAL_UNCERTAINTY_ASSIGNED_CONTEXT((#2186)) 
GLOBAL_UNIT_ASSIGNED_CONTEXT((#2183,#2184,#2185)) REPRESENTATION_CONTEXT
('Context #1','3D Context with UNIT and UNCERTAINTY') );
#2183 = ( LENGTH_UNIT() NAMED_UNIT(*) SI_UNIT(.MILLI.,.METRE.) );
#2184 = ( NAMED_UNIT(*) PLANE_ANGLE_UNIT() SI_UNIT($,.RADIAN.) );
#2185 = ( NAMED_UNIT(*) SI_UNIT($,.STERADIAN.) SOLID_ANGLE_UNIT() );
#2186 = UNCERTAINTY_MEASURE_WITH_UNIT(LENGTH_MEASURE(2.E-05),#2183,
  'distance_accuracy_value','confusion accuracy');
#2187 = CONTEXT_DEPENDENT_SHAPE_REPRESENTATION(#2188,#2190);
#2188 = ( REPRESENTATION_RELATIONSHIP('','',#36,#10) 
REPRESENTATION_RELATIONSHIP_WITH_TRANSFORMATION(#2189) 
SHAPE_REPRESENTATION_RELATIONSHIP() );
#2189 = ITEM_DEFINED_TRANSFORMATION('','',#11,#15);
#2190 = PRODUCT_DEFINITION_SHAPE('Placement','Placement of an item',
  #2191);
#2191 = NEXT_ASSEMBLY_USAGE_OCCURRENCE('5','V3 • low-profile base','',
  #5,#31,$);
#2192 = PRODUCT_RELATED_PRODUCT_CATEGORY('part',$,(#33));
#2193 = SHAPE_DEFINITION_REPRESENTATION(#2194,#2200);
#2194 = PRODUCT_DEFINITION_SHAPE('','',#2195);
#2195 = PRODUCT_DEFINITION('design','',#2196,#2199);
#2196 = PRODUCT_DEFINITION_FORMATION('','',#2197);
#2197 = PRODUCT('V3 • opaque upper shell and switch plate',
  'V3 • opaque upper shell and switch plate','',(#2198));
#2198 = PRODUCT_CONTEXT('',#2,'mechanical');
#2199 = PRODUCT_DEFINITION_CONTEXT('part definition',#2,'design');
#2200 = ADVANCED_BREP_SHAPE_REPRESENTATION('',(#11,#2201),#7916);
#2201 = MANIFOLD_SOLID_BREP('',#2202);
#2202 = CLOSED_SHELL('',(#2203,#2243,#2508,#2533,#2558,#2759,#2776,#2793
    ,#2818,#2882,#2906,#2923,#2995,#3012,#3036,#3053,#3077,#3094,#3178,
    #3203,#3227,#3291,#3375,#3399,#3423,#3495,#3519,#3543,#3567,#3591,
    #3693,#3787,#3811,#3828,#3859,#3881,#3907,#3932,#3979,#4035,#4059,
    #4092,#4117,#4142,#4173,#4197,#4221,#4238,#4255,#4272,#4426,#4438,
    #4464,#4488,#5133,#5150,#5162,#5179,#5191,#5211,#5223,#5240,#5252,
    #5287,#5304,#5324,#5348,#5379,#5403,#5422,#5449,#5473,#5504,#5519,
    #5536,#5556,#5568,#5583,#5595,#5615,#6185,#6209,#6226,#6250,#6267,
    #6313,#6332,#6351,#6368,#6380,#6411,#6435,#6459,#6476,#6498,#6515,
    #6532,#6544,#6569,#6581,#6606,#6628,#6645,#6662,#6674,#6696,#6713,
    #6730,#6742,#6764,#6781,#6798,#6810,#6832,#6849,#6866,#6878,#6900,
    #6917,#6934,#6946,#6968,#6985,#7002,#7014,#7036,#7053,#7070,#7082,
    #7104,#7121,#7138,#7150,#7172,#7189,#7206,#7218,#7240,#7257,#7274,
    #7286,#7308,#7325,#7342,#7354,#7379,#7401,#7418,#7435,#7447,#7469,
    #7486,#7503,#7515,#7537,#7554,#7571,#7583,#7605,#7622,#7639,#7651,
    #7673,#7690,#7707,#7719,#7744,#7769,#7794,#7819,#7830,#7841,#7853,
    #7862,#7871,#7880,#7889,#7898,#7907));
#2203 = ADVANCED_FACE('',(#2204),#2238,.F.);
#2204 = FACE_BOUND('',#2205,.F.);
#2205 = EDGE_LOOP('',(#2206,#2216,#2224,#2232));
#2206 = ORIENTED_EDGE('',*,*,#2207,.F.);
#2207 = EDGE_CURVE('',#2208,#2210,#2212,.T.);
#2208 = VERTEX_POINT('',#2209);
#2209 = CARTESIAN_POINT('',(17.15,-120.26,5.01));
#2210 = VERTEX_POINT('',#2211);
#2211 = CARTESIAN_POINT('',(134.95014903061,-120.26,5.01));
#2212 = LINE('',#2213,#2214);
#2213 = CARTESIAN_POINT('',(14.65,-120.26,5.01));
#2214 = VECTOR('',#2215,1.);
#2215 = DIRECTION('',(1.,0.,0.));
#2216 = ORIENTED_EDGE('',*,*,#2217,.T.);
#2217 = EDGE_CURVE('',#2208,#2218,#2220,.T.);
#2218 = VERTEX_POINT('',#2219);
#2219 = CARTESIAN_POINT('',(17.15,-120.26,11.));
#2220 = LINE('',#2221,#2222);
#2221 = CARTESIAN_POINT('',(17.15,-120.26,5.01));
#2222 = VECTOR('',#2223,1.);
#2223 = DIRECTION('',(0.,0.,1.));
#2224 = ORIENTED_EDGE('',*,*,#2225,.T.);
#2225 = EDGE_CURVE('',#2218,#2226,#2228,.T.);
#2226 = VERTEX_POINT('',#2227);
#2227 = CARTESIAN_POINT('',(134.95014903061,-120.26,11.));
#2228 = LINE('',#2229,#2230);
#2229 = CARTESIAN_POINT('',(14.65,-120.26,11.));
#2230 = VECTOR('',#2231,1.);
#2231 = DIRECTION('',(1.,0.,0.));
#2232 = ORIENTED_EDGE('',*,*,#2233,.F.);
#2233 = EDGE_CURVE('',#2210,#2226,#2234,.T.);
#2234 = LINE('',#2235,#2236);
#2235 = CARTESIAN_POINT('',(134.95014903061,-120.26,5.01));
#2236 = VECTOR('',#2237,1.);
#2237 = DIRECTION('',(0.,0.,1.));
#2238 = PLANE('',#2239);
#2239 = AXIS2_PLACEMENT_3D('',#2240,#2241,#2242);
#2240 = CARTESIAN_POINT('',(14.65,-120.26,5.01));
#2241 = DIRECTION('',(0.,1.,0.));
#2242 = DIRECTION('',(1.,0.,0.));
#2243 = ADVANCED_FACE('',(#2244),#2503,.F.);
#2244 = FACE_BOUND('',#2245,.F.);
#2245 = EDGE_LOOP('',(#2246,#2256,#2263,#2264,#2273,#2281,#2290,#2298,
    #2307,#2315,#2323,#2331,#2339,#2347,#2355,#2364,#2373,#2381,#2389,
    #2398,#2406,#2414,#2422,#2431,#2439,#2448,#2456,#2464,#2472,#2480,
    #2488,#2496));
#2246 = ORIENTED_EDGE('',*,*,#2247,.T.);
#2247 = EDGE_CURVE('',#2248,#2250,#2252,.T.);
#2248 = VERTEX_POINT('',#2249);
#2249 = CARTESIAN_POINT('',(14.65,-13.812,5.01));
#2250 = VERTEX_POINT('',#2251);
#2251 = CARTESIAN_POINT('',(14.65,-117.76,5.01));
#2252 = LINE('',#2253,#2254);
#2253 = CARTESIAN_POINT('',(14.65,-11.312,5.01));
#2254 = VECTOR('',#2255,1.);
#2255 = DIRECTION('',(0.,-1.,0.));
#2256 = ORIENTED_EDGE('',*,*,#2257,.F.);
#2257 = EDGE_CURVE('',#2208,#2250,#2258,.T.);
#2258 = CIRCLE('',#2259,2.5);
#2259 = AXIS2_PLACEMENT_3D('',#2260,#2261,#2262);
#2260 = CARTESIAN_POINT('',(17.15,-117.76,5.01));
#2261 = DIRECTION('',(-0.,-0.,-1.));
#2262 = DIRECTION('',(0.,-1.,0.));
#2263 = ORIENTED_EDGE('',*,*,#2207,.T.);
#2264 = ORIENTED_EDGE('',*,*,#2265,.T.);
#2265 = EDGE_CURVE('',#2210,#2266,#2268,.T.);
#2266 = VERTEX_POINT('',#2267);
#2267 = CARTESIAN_POINT('',(136.19506285825,-119.9279920575,5.01));
#2268 = CIRCLE('',#2269,2.5);
#2269 = AXIS2_PLACEMENT_3D('',#2270,#2271,#2272);
#2270 = CARTESIAN_POINT('',(134.95014903061,-117.76,5.01));
#2271 = DIRECTION('',(-0.,0.,1.));
#2272 = DIRECTION('',(0.,-1.,0.));
#2273 = ORIENTED_EDGE('',*,*,#2274,.T.);
#2274 = EDGE_CURVE('',#2266,#2275,#2277,.T.);
#2275 = VERTEX_POINT('',#2276);
#2276 = CARTESIAN_POINT('',(190.12491382764,-88.96015849952,5.01));
#2277 = LINE('',#2278,#2279);
#2278 = CARTESIAN_POINT('',(135.61687779336,-120.26,5.01));
#2279 = VECTOR('',#2280,1.);
#2280 = DIRECTION('',(0.867196823034,0.497965531057,0.));
#2281 = ORIENTED_EDGE('',*,*,#2282,.T.);
#2282 = EDGE_CURVE('',#2275,#2283,#2285,.T.);
#2283 = VERTEX_POINT('',#2284);
#2284 = CARTESIAN_POINT('',(191.38,-86.79216644194,5.01));
#2285 = CIRCLE('',#2286,2.5);
#2286 = AXIS2_PLACEMENT_3D('',#2287,#2288,#2289);
#2287 = CARTESIAN_POINT('',(188.88,-86.79216644194,5.01));
#2288 = DIRECTION('',(-0.,0.,1.));
#2289 = DIRECTION('',(0.,-1.,0.));
#2290 = ORIENTED_EDGE('',*,*,#2291,.T.);
#2291 = EDGE_CURVE('',#2283,#2292,#2294,.T.);
#2292 = VERTEX_POINT('',#2293);
#2293 = CARTESIAN_POINT('',(191.38,-13.812,5.01));
#2294 = LINE('',#2295,#2296);
#2295 = CARTESIAN_POINT('',(191.38,-88.23945745941,5.01));
#2296 = VECTOR('',#2297,1.);
#2297 = DIRECTION('',(0.,1.,0.));
#2298 = ORIENTED_EDGE('',*,*,#2299,.F.);
#2299 = EDGE_CURVE('',#2300,#2292,#2302,.T.);
#2300 = VERTEX_POINT('',#2301);
#2301 = CARTESIAN_POINT('',(188.88,-11.312,5.01));
#2302 = CIRCLE('',#2303,2.5);
#2303 = AXIS2_PLACEMENT_3D('',#2304,#2305,#2306);
#2304 = CARTESIAN_POINT('',(188.88,-13.812,5.01));
#2305 = DIRECTION('',(-0.,-0.,-1.));
#2306 = DIRECTION('',(0.,-1.,0.));
#2307 = ORIENTED_EDGE('',*,*,#2308,.T.);
#2308 = EDGE_CURVE('',#2300,#2309,#2311,.T.);
#2309 = VERTEX_POINT('',#2310);
#2310 = CARTESIAN_POINT('',(168.2,-11.312,5.01));
#2311 = LINE('',#2312,#2313);
#2312 = CARTESIAN_POINT('',(191.38,-11.312,5.01));
#2313 = VECTOR('',#2314,1.);
#2314 = DIRECTION('',(-1.,0.,0.));
#2315 = ORIENTED_EDGE('',*,*,#2316,.T.);
#2316 = EDGE_CURVE('',#2309,#2317,#2319,.T.);
#2317 = VERTEX_POINT('',#2318);
#2318 = CARTESIAN_POINT('',(168.2,-13.512,5.01));
#2319 = LINE('',#2320,#2321);
#2320 = CARTESIAN_POINT('',(168.2,-36.90998850081,5.01));
#2321 = VECTOR('',#2322,1.);
#2322 = DIRECTION('',(0.,-1.,0.));
#2323 = ORIENTED_EDGE('',*,*,#2324,.F.);
#2324 = EDGE_CURVE('',#2325,#2317,#2327,.T.);
#2325 = VERTEX_POINT('',#2326);
#2326 = CARTESIAN_POINT('',(170.2,-13.512,5.01));
#2327 = LINE('',#2328,#2329);
#2328 = CARTESIAN_POINT('',(134.49662599434,-13.512,5.01));
#2329 = VECTOR('',#2330,1.);
#2330 = DIRECTION('',(-1.,0.,0.));
#2331 = ORIENTED_EDGE('',*,*,#2332,.F.);
#2332 = EDGE_CURVE('',#2333,#2325,#2335,.T.);
#2333 = VERTEX_POINT('',#2334);
#2334 = CARTESIAN_POINT('',(170.2,-13.612,5.01));
#2335 = LINE('',#2336,#2337);
#2336 = CARTESIAN_POINT('',(170.2,-42.00398850081,5.01));
#2337 = VECTOR('',#2338,1.);
#2338 = DIRECTION('',(0.,1.,0.));
#2339 = ORIENTED_EDGE('',*,*,#2340,.F.);
#2340 = EDGE_CURVE('',#2341,#2333,#2343,.T.);
#2341 = VERTEX_POINT('',#2342);
#2342 = CARTESIAN_POINT('',(189.08,-13.612,5.01));
#2343 = LINE('',#2344,#2345);
#2344 = CARTESIAN_POINT('',(189.08,-13.612,5.01));
#2345 = VECTOR('',#2346,1.);
#2346 = DIRECTION('',(-1.,0.,0.));
#2347 = ORIENTED_EDGE('',*,*,#2348,.F.);
#2348 = EDGE_CURVE('',#2349,#2341,#2351,.T.);
#2349 = VERTEX_POINT('',#2350);
#2350 = CARTESIAN_POINT('',(189.08,-25.316718427,5.01));
#2351 = LINE('',#2352,#2353);
#2352 = CARTESIAN_POINT('',(189.08,-86.90794972333,5.01));
#2353 = VECTOR('',#2354,1.);
#2354 = DIRECTION('',(0.,1.,0.));
#2355 = ORIENTED_EDGE('',*,*,#2356,.F.);
#2356 = EDGE_CURVE('',#2357,#2349,#2359,.T.);
#2357 = VERTEX_POINT('',#2358);
#2358 = CARTESIAN_POINT('',(190.28,-28.,5.01));
#2359 = CIRCLE('',#2360,3.6);
#2360 = AXIS2_PLACEMENT_3D('',#2361,#2362,#2363);
#2361 = CARTESIAN_POINT('',(186.68,-28.,5.01));
#2362 = DIRECTION('',(0.,0.,1.));
#2363 = DIRECTION('',(1.,0.,0.));
#2364 = ORIENTED_EDGE('',*,*,#2365,.F.);
#2365 = EDGE_CURVE('',#2366,#2357,#2368,.T.);
#2366 = VERTEX_POINT('',#2367);
#2367 = CARTESIAN_POINT('',(189.08,-30.683281573,5.01));
#2368 = CIRCLE('',#2369,3.6);
#2369 = AXIS2_PLACEMENT_3D('',#2370,#2371,#2372);
#2370 = CARTESIAN_POINT('',(186.68,-28.,5.01));
#2371 = DIRECTION('',(0.,0.,1.));
#2372 = DIRECTION('',(1.,0.,0.));
#2373 = ORIENTED_EDGE('',*,*,#2374,.F.);
#2374 = EDGE_CURVE('',#2375,#2366,#2377,.T.);
#2375 = VERTEX_POINT('',#2376);
#2376 = CARTESIAN_POINT('',(189.08,-86.90794972333,5.01));
#2377 = LINE('',#2378,#2379);
#2378 = CARTESIAN_POINT('',(189.08,-86.90794972333,5.01));
#2379 = VECTOR('',#2380,1.);
#2380 = DIRECTION('',(0.,1.,0.));
#2381 = ORIENTED_EDGE('',*,*,#2382,.F.);
#2382 = EDGE_CURVE('',#2383,#2375,#2385,.T.);
#2383 = VERTEX_POINT('',#2384);
#2384 = CARTESIAN_POINT('',(163.80271140998,-101.4227843053,5.01));
#2385 = LINE('',#2386,#2387);
#2386 = CARTESIAN_POINT('',(135.00348733163,-117.96,5.01));
#2387 = VECTOR('',#2388,1.);
#2388 = DIRECTION('',(0.867196823034,0.497965531057,0.));
#2389 = ORIENTED_EDGE('',*,*,#2390,.F.);
#2390 = EDGE_CURVE('',#2391,#2383,#2393,.T.);
#2391 = VERTEX_POINT('',#2392);
#2392 = CARTESIAN_POINT('',(159.08763496669,-104.1302960059,5.01));
#2393 = CIRCLE('',#2394,3.6);
#2394 = AXIS2_PLACEMENT_3D('',#2395,#2396,#2397);
#2395 = CARTESIAN_POINT('',(160.27,-100.73,5.01));
#2396 = DIRECTION('',(0.,0.,1.));
#2397 = DIRECTION('',(1.,0.,0.));
#2398 = ORIENTED_EDGE('',*,*,#2399,.F.);
#2399 = EDGE_CURVE('',#2400,#2391,#2402,.T.);
#2400 = VERTEX_POINT('',#2401);
#2401 = CARTESIAN_POINT('',(135.00348733163,-117.96,5.01));
#2402 = LINE('',#2403,#2404);
#2403 = CARTESIAN_POINT('',(135.00348733163,-117.96,5.01));
#2404 = VECTOR('',#2405,1.);
#2405 = DIRECTION('',(0.867196823034,0.497965531057,0.));
#2406 = ORIENTED_EDGE('',*,*,#2407,.F.);
#2407 = EDGE_CURVE('',#2408,#2400,#2410,.T.);
#2408 = VERTEX_POINT('',#2409);
#2409 = CARTESIAN_POINT('',(16.95,-117.96,5.01));
#2410 = LINE('',#2411,#2412);
#2411 = CARTESIAN_POINT('',(16.95,-117.96,5.01));
#2412 = VECTOR('',#2413,1.);
#2413 = DIRECTION('',(1.,0.,0.));
#2414 = ORIENTED_EDGE('',*,*,#2415,.F.);
#2415 = EDGE_CURVE('',#2416,#2408,#2418,.T.);
#2416 = VERTEX_POINT('',#2417);
#2417 = CARTESIAN_POINT('',(16.95,-106.683281573,5.01));
#2418 = LINE('',#2419,#2420);
#2419 = CARTESIAN_POINT('',(16.95,-13.612,5.01));
#2420 = VECTOR('',#2421,1.);
#2421 = DIRECTION('',(0.,-1.,0.));
#2422 = ORIENTED_EDGE('',*,*,#2423,.F.);
#2423 = EDGE_CURVE('',#2424,#2416,#2426,.T.);
#2424 = VERTEX_POINT('',#2425);
#2425 = CARTESIAN_POINT('',(16.95,-101.316718427,5.01));
#2426 = CIRCLE('',#2427,3.6);
#2427 = AXIS2_PLACEMENT_3D('',#2428,#2429,#2430);
#2428 = CARTESIAN_POINT('',(19.35,-104.,5.01));
#2429 = DIRECTION('',(0.,0.,1.));
#2430 = DIRECTION('',(1.,0.,0.));
#2431 = ORIENTED_EDGE('',*,*,#2432,.F.);
#2432 = EDGE_CURVE('',#2433,#2424,#2435,.T.);
#2433 = VERTEX_POINT('',#2434);
#2434 = CARTESIAN_POINT('',(16.95,-30.683281573,5.01));
#2435 = LINE('',#2436,#2437);
#2436 = CARTESIAN_POINT('',(16.95,-13.612,5.01));
#2437 = VECTOR('',#2438,1.);
#2438 = DIRECTION('',(0.,-1.,0.));
#2439 = ORIENTED_EDGE('',*,*,#2440,.F.);
#2440 = EDGE_CURVE('',#2441,#2433,#2443,.T.);
#2441 = VERTEX_POINT('',#2442);
#2442 = CARTESIAN_POINT('',(16.95,-25.316718427,5.01));
#2443 = CIRCLE('',#2444,3.6);
#2444 = AXIS2_PLACEMENT_3D('',#2445,#2446,#2447);
#2445 = CARTESIAN_POINT('',(19.35,-28.,5.01));
#2446 = DIRECTION('',(0.,0.,1.));
#2447 = DIRECTION('',(1.,0.,0.));
#2448 = ORIENTED_EDGE('',*,*,#2449,.F.);
#2449 = EDGE_CURVE('',#2450,#2441,#2452,.T.);
#2450 = VERTEX_POINT('',#2451);
#2451 = CARTESIAN_POINT('',(16.95,-13.612,5.01));
#2452 = LINE('',#2453,#2454);
#2453 = CARTESIAN_POINT('',(16.95,-13.612,5.01));
#2454 = VECTOR('',#2455,1.);
#2455 = DIRECTION('',(0.,-1.,0.));
#2456 = ORIENTED_EDGE('',*,*,#2457,.F.);
#2457 = EDGE_CURVE('',#2458,#2450,#2460,.T.);
#2458 = VERTEX_POINT('',#2459);
#2459 = CARTESIAN_POINT('',(153.6,-13.612,5.01));
#2460 = LINE('',#2461,#2462);
#2461 = CARTESIAN_POINT('',(189.08,-13.612,5.01));
#2462 = VECTOR('',#2463,1.);
#2463 = DIRECTION('',(-1.,0.,0.));
#2464 = ORIENTED_EDGE('',*,*,#2465,.F.);
#2465 = EDGE_CURVE('',#2466,#2458,#2468,.T.);
#2466 = VERTEX_POINT('',#2467);
#2467 = CARTESIAN_POINT('',(153.6,-13.512,5.01));
#2468 = LINE('',#2469,#2470);
#2469 = CARTESIAN_POINT('',(153.6,-38.00998850081,5.01));
#2470 = VECTOR('',#2471,1.);
#2471 = DIRECTION('',(0.,-1.,0.));
#2472 = ORIENTED_EDGE('',*,*,#2473,.F.);
#2473 = EDGE_CURVE('',#2474,#2466,#2476,.T.);
#2474 = VERTEX_POINT('',#2475);
#2475 = CARTESIAN_POINT('',(155.6,-13.512,5.01));
#2476 = LINE('',#2477,#2478);
#2477 = CARTESIAN_POINT('',(127.19662599433,-13.512,5.01));
#2478 = VECTOR('',#2479,1.);
#2479 = DIRECTION('',(-1.,0.,0.));
#2480 = ORIENTED_EDGE('',*,*,#2481,.T.);
#2481 = EDGE_CURVE('',#2474,#2482,#2484,.T.);
#2482 = VERTEX_POINT('',#2483);
#2483 = CARTESIAN_POINT('',(155.6,-11.312,5.01));
#2484 = LINE('',#2485,#2486);
#2485 = CARTESIAN_POINT('',(155.6,-36.90998850081,5.01));
#2486 = VECTOR('',#2487,1.);
#2487 = DIRECTION('',(0.,1.,0.));
#2488 = ORIENTED_EDGE('',*,*,#2489,.T.);
#2489 = EDGE_CURVE('',#2482,#2490,#2492,.T.);
#2490 = VERTEX_POINT('',#2491);
#2491 = CARTESIAN_POINT('',(17.15,-11.312,5.01));
#2492 = LINE('',#2493,#2494);
#2493 = CARTESIAN_POINT('',(191.38,-11.312,5.01));
#2494 = VECTOR('',#2495,1.);
#2495 = DIRECTION('',(-1.,0.,0.));
#2496 = ORIENTED_EDGE('',*,*,#2497,.F.);
#2497 = EDGE_CURVE('',#2248,#2490,#2498,.T.);
#2498 = CIRCLE('',#2499,2.5);
#2499 = AXIS2_PLACEMENT_3D('',#2500,#2501,#2502);
#2500 = CARTESIAN_POINT('',(17.15,-13.812,5.01));
#2501 = DIRECTION('',(-0.,-0.,-1.));
#2502 = DIRECTION('',(0.,-1.,0.));
#2503 = PLANE('',#2504);
#2504 = AXIS2_PLACEMENT_3D('',#2505,#2506,#2507);
#2505 = CARTESIAN_POINT('',(98.793251988672,-62.50797700162,5.01));
#2506 = DIRECTION('',(0.,0.,1.));
#2507 = DIRECTION('',(1.,0.,0.));
#2508 = ADVANCED_FACE('',(#2509),#2528,.T.);
#2509 = FACE_BOUND('',#2510,.F.);
#2510 = EDGE_LOOP('',(#2511,#2512,#2520,#2527));
#2511 = ORIENTED_EDGE('',*,*,#2257,.T.);
#2512 = ORIENTED_EDGE('',*,*,#2513,.T.);
#2513 = EDGE_CURVE('',#2250,#2514,#2516,.T.);
#2514 = VERTEX_POINT('',#2515);
#2515 = CARTESIAN_POINT('',(14.65,-117.76,11.));
#2516 = LINE('',#2517,#2518);
#2517 = CARTESIAN_POINT('',(14.65,-117.76,5.01));
#2518 = VECTOR('',#2519,1.);
#2519 = DIRECTION('',(0.,0.,1.));
#2520 = ORIENTED_EDGE('',*,*,#2521,.F.);
#2521 = EDGE_CURVE('',#2218,#2514,#2522,.T.);
#2522 = CIRCLE('',#2523,2.5);
#2523 = AXIS2_PLACEMENT_3D('',#2524,#2525,#2526);
#2524 = CARTESIAN_POINT('',(17.15,-117.76,11.));
#2525 = DIRECTION('',(-0.,-0.,-1.));
#2526 = DIRECTION('',(0.,-1.,0.));
#2527 = ORIENTED_EDGE('',*,*,#2217,.F.);
#2528 = CYLINDRICAL_SURFACE('',#2529,2.5);
#2529 = AXIS2_PLACEMENT_3D('',#2530,#2531,#2532);
#2530 = CARTESIAN_POINT('',(17.15,-117.76,5.01));
#2531 = DIRECTION('',(0.,0.,1.));
#2532 = DIRECTION('',(0.,-1.,0.));
#2533 = ADVANCED_FACE('',(#2534),#2553,.T.);
#2534 = FACE_BOUND('',#2535,.T.);
#2535 = EDGE_LOOP('',(#2536,#2537,#2545,#2552));
#2536 = ORIENTED_EDGE('',*,*,#2265,.T.);
#2537 = ORIENTED_EDGE('',*,*,#2538,.T.);
#2538 = EDGE_CURVE('',#2266,#2539,#2541,.T.);
#2539 = VERTEX_POINT('',#2540);
#2540 = CARTESIAN_POINT('',(136.19506285825,-119.9279920575,11.));
#2541 = LINE('',#2542,#2543);
#2542 = CARTESIAN_POINT('',(136.19506285825,-119.9279920575,5.01));
#2543 = VECTOR('',#2544,1.);
#2544 = DIRECTION('',(0.,0.,1.));
#2545 = ORIENTED_EDGE('',*,*,#2546,.F.);
#2546 = EDGE_CURVE('',#2226,#2539,#2547,.T.);
#2547 = CIRCLE('',#2548,2.5);
#2548 = AXIS2_PLACEMENT_3D('',#2549,#2550,#2551);
#2549 = CARTESIAN_POINT('',(134.95014903061,-117.76,11.));
#2550 = DIRECTION('',(-0.,0.,1.));
#2551 = DIRECTION('',(0.,-1.,0.));
#2552 = ORIENTED_EDGE('',*,*,#2233,.F.);
#2553 = CYLINDRICAL_SURFACE('',#2554,2.5);
#2554 = AXIS2_PLACEMENT_3D('',#2555,#2556,#2557);
#2555 = CARTESIAN_POINT('',(134.95014903061,-117.76,5.01));
#2556 = DIRECTION('',(0.,0.,1.));
#2557 = DIRECTION('',(0.,-1.,0.));
#2558 = ADVANCED_FACE('',(#2559,#2653,#2664,#2698,#2709,#2720),#2754,.T.
  );
#2559 = FACE_BOUND('',#2560,.T.);
#2560 = EDGE_LOOP('',(#2561,#2562,#2563,#2564,#2572,#2581,#2589,#2598,
    #2606,#2614,#2622,#2630,#2638,#2647));
#2561 = ORIENTED_EDGE('',*,*,#2521,.F.);
#2562 = ORIENTED_EDGE('',*,*,#2225,.T.);
#2563 = ORIENTED_EDGE('',*,*,#2546,.T.);
#2564 = ORIENTED_EDGE('',*,*,#2565,.T.);
#2565 = EDGE_CURVE('',#2539,#2566,#2568,.T.);
#2566 = VERTEX_POINT('',#2567);
#2567 = CARTESIAN_POINT('',(190.12491382764,-88.96015849952,11.));
#2568 = LINE('',#2569,#2570);
#2569 = CARTESIAN_POINT('',(135.61687779336,-120.26,11.));
#2570 = VECTOR('',#2571,1.);
#2571 = DIRECTION('',(0.867196823034,0.497965531057,0.));
#2572 = ORIENTED_EDGE('',*,*,#2573,.T.);
#2573 = EDGE_CURVE('',#2566,#2574,#2576,.T.);
#2574 = VERTEX_POINT('',#2575);
#2575 = CARTESIAN_POINT('',(191.38,-86.79216644194,11.));
#2576 = CIRCLE('',#2577,2.5);
#2577 = AXIS2_PLACEMENT_3D('',#2578,#2579,#2580);
#2578 = CARTESIAN_POINT('',(188.88,-86.79216644194,11.));
#2579 = DIRECTION('',(-0.,0.,1.));
#2580 = DIRECTION('',(0.,-1.,0.));
#2581 = ORIENTED_EDGE('',*,*,#2582,.T.);
#2582 = EDGE_CURVE('',#2574,#2583,#2585,.T.);
#2583 = VERTEX_POINT('',#2584);
#2584 = CARTESIAN_POINT('',(191.38,-13.812,11.));
#2585 = LINE('',#2586,#2587);
#2586 = CARTESIAN_POINT('',(191.38,-88.23945745941,11.));
#2587 = VECTOR('',#2588,1.);
#2588 = DIRECTION('',(0.,1.,0.));
#2589 = ORIENTED_EDGE('',*,*,#2590,.F.);
#2590 = EDGE_CURVE('',#2591,#2583,#2593,.T.);
#2591 = VERTEX_POINT('',#2592);
#2592 = CARTESIAN_POINT('',(188.88,-11.312,11.));
#2593 = CIRCLE('',#2594,2.5);
#2594 = AXIS2_PLACEMENT_3D('',#2595,#2596,#2597);
#2595 = CARTESIAN_POINT('',(188.88,-13.812,11.));
#2596 = DIRECTION('',(-0.,-0.,-1.));
#2597 = DIRECTION('',(0.,-1.,0.));
#2598 = ORIENTED_EDGE('',*,*,#2599,.T.);
#2599 = EDGE_CURVE('',#2591,#2600,#2602,.T.);
#2600 = VERTEX_POINT('',#2601);
#2601 = CARTESIAN_POINT('',(168.2,-11.312,11.));
#2602 = LINE('',#2603,#2604);
#2603 = CARTESIAN_POINT('',(191.38,-11.312,11.));
#2604 = VECTOR('',#2605,1.);
#2605 = DIRECTION('',(-1.,0.,0.));
#2606 = ORIENTED_EDGE('',*,*,#2607,.T.);
#2607 = EDGE_CURVE('',#2600,#2608,#2610,.T.);
#2608 = VERTEX_POINT('',#2609);
#2609 = CARTESIAN_POINT('',(168.2,-20.912,11.));
#2610 = LINE('',#2611,#2612);
#2611 = CARTESIAN_POINT('',(168.2,-11.312,11.));
#2612 = VECTOR('',#2613,1.);
#2613 = DIRECTION('',(0.,-1.,2.22044604925E-16));
#2614 = ORIENTED_EDGE('',*,*,#2615,.F.);
#2615 = EDGE_CURVE('',#2616,#2608,#2618,.T.);
#2616 = VERTEX_POINT('',#2617);
#2617 = CARTESIAN_POINT('',(155.6,-20.912,11.));
#2618 = LINE('',#2619,#2620);
#2619 = CARTESIAN_POINT('',(155.6,-20.912,11.));
#2620 = VECTOR('',#2621,1.);
#2621 = DIRECTION('',(1.,0.,0.));
#2622 = ORIENTED_EDGE('',*,*,#2623,.F.);
#2623 = EDGE_CURVE('',#2624,#2616,#2626,.T.);
#2624 = VERTEX_POINT('',#2625);
#2625 = CARTESIAN_POINT('',(155.6,-11.312,11.));
#2626 = LINE('',#2627,#2628);
#2627 = CARTESIAN_POINT('',(155.6,-11.312,11.));
#2628 = VECTOR('',#2629,1.);
#2629 = DIRECTION('',(0.,-1.,2.22044604925E-16));
#2630 = ORIENTED_EDGE('',*,*,#2631,.T.);
#2631 = EDGE_CURVE('',#2624,#2632,#2634,.T.);
#2632 = VERTEX_POINT('',#2633);
#2633 = CARTESIAN_POINT('',(17.15,-11.312,11.));
#2634 = LINE('',#2635,#2636);
#2635 = CARTESIAN_POINT('',(191.38,-11.312,11.));
#2636 = VECTOR('',#2637,1.);
#2637 = DIRECTION('',(-1.,0.,0.));
#2638 = ORIENTED_EDGE('',*,*,#2639,.F.);
#2639 = EDGE_CURVE('',#2640,#2632,#2642,.T.);
#2640 = VERTEX_POINT('',#2641);
#2641 = CARTESIAN_POINT('',(14.65,-13.812,11.));
#2642 = CIRCLE('',#2643,2.5);
#2643 = AXIS2_PLACEMENT_3D('',#2644,#2645,#2646);
#2644 = CARTESIAN_POINT('',(17.15,-13.812,11.));
#2645 = DIRECTION('',(-0.,-0.,-1.));
#2646 = DIRECTION('',(0.,-1.,0.));
#2647 = ORIENTED_EDGE('',*,*,#2648,.T.);
#2648 = EDGE_CURVE('',#2640,#2514,#2649,.T.);
#2649 = LINE('',#2650,#2651);
#2650 = CARTESIAN_POINT('',(14.65,-11.312,11.));
#2651 = VECTOR('',#2652,1.);
#2652 = DIRECTION('',(0.,-1.,0.));
#2653 = FACE_BOUND('',#2654,.T.);
#2654 = EDGE_LOOP('',(#2655));
#2655 = ORIENTED_EDGE('',*,*,#2656,.F.);
#2656 = EDGE_CURVE('',#2657,#2657,#2659,.T.);
#2657 = VERTEX_POINT('',#2658);
#2658 = CARTESIAN_POINT('',(132.6,-80.25,11.));
#2659 = CIRCLE('',#2660,4.6);
#2660 = AXIS2_PLACEMENT_3D('',#2661,#2662,#2663);
#2661 = CARTESIAN_POINT('',(128.,-80.25,11.));
#2662 = DIRECTION('',(0.,0.,1.));
#2663 = DIRECTION('',(1.,0.,0.));
#2664 = FACE_BOUND('',#2665,.T.);
#2665 = EDGE_LOOP('',(#2666,#2676,#2684,#2692));
#2666 = ORIENTED_EDGE('',*,*,#2667,.F.);
#2667 = EDGE_CURVE('',#2668,#2670,#2672,.T.);
#2668 = VERTEX_POINT('',#2669);
#2669 = CARTESIAN_POINT('',(27.5,-105.85,11.));
#2670 = VERTEX_POINT('',#2671);
#2671 = CARTESIAN_POINT('',(105.85,-105.85,11.));
#2672 = LINE('',#2673,#2674);
#2673 = CARTESIAN_POINT('',(27.5,-105.85,11.));
#2674 = VECTOR('',#2675,1.);
#2675 = DIRECTION('',(1.,0.,0.));
#2676 = ORIENTED_EDGE('',*,*,#2677,.F.);
#2677 = EDGE_CURVE('',#2678,#2668,#2680,.T.);
#2678 = VERTEX_POINT('',#2679);
#2679 = CARTESIAN_POINT('',(27.5,-27.5,11.));
#2680 = LINE('',#2681,#2682);
#2681 = CARTESIAN_POINT('',(27.5,-27.5,11.));
#2682 = VECTOR('',#2683,1.);
#2683 = DIRECTION('',(0.,-1.,0.));
#2684 = ORIENTED_EDGE('',*,*,#2685,.F.);
#2685 = EDGE_CURVE('',#2686,#2678,#2688,.T.);
#2686 = VERTEX_POINT('',#2687);
#2687 = CARTESIAN_POINT('',(105.85,-27.5,11.));
#2688 = LINE('',#2689,#2690);
#2689 = CARTESIAN_POINT('',(105.85,-27.5,11.));
#2690 = VECTOR('',#2691,1.);
#2691 = DIRECTION('',(-1.,0.,0.));
#2692 = ORIENTED_EDGE('',*,*,#2693,.F.);
#2693 = EDGE_CURVE('',#2670,#2686,#2694,.T.);
#2694 = LINE('',#2695,#2696);
#2695 = CARTESIAN_POINT('',(105.85,-105.85,11.));
#2696 = VECTOR('',#2697,1.);
#2697 = DIRECTION('',(0.,1.,0.));
#2698 = FACE_BOUND('',#2699,.T.);
#2699 = EDGE_LOOP('',(#2700));
#2700 = ORIENTED_EDGE('',*,*,#2701,.F.);
#2701 = EDGE_CURVE('',#2702,#2702,#2704,.T.);
#2702 = VERTEX_POINT('',#2703);
#2703 = CARTESIAN_POINT('',(122.1,-52.872,11.));
#2704 = CIRCLE('',#2705,4.6);
#2705 = AXIS2_PLACEMENT_3D('',#2706,#2707,#2708);
#2706 = CARTESIAN_POINT('',(117.5,-52.872,11.));
#2707 = DIRECTION('',(0.,0.,1.));
#2708 = DIRECTION('',(1.,0.,0.));
#2709 = FACE_BOUND('',#2710,.T.);
#2710 = EDGE_LOOP('',(#2711));
#2711 = ORIENTED_EDGE('',*,*,#2712,.F.);
#2712 = EDGE_CURVE('',#2713,#2713,#2715,.T.);
#2713 = VERTEX_POINT('',#2714);
#2714 = CARTESIAN_POINT('',(143.1,-52.872,11.));
#2715 = CIRCLE('',#2716,4.6);
#2716 = AXIS2_PLACEMENT_3D('',#2717,#2718,#2719);
#2717 = CARTESIAN_POINT('',(138.5,-52.872,11.));
#2718 = DIRECTION('',(0.,0.,1.));
#2719 = DIRECTION('',(1.,0.,0.));
#2720 = FACE_BOUND('',#2721,.T.);
#2721 = EDGE_LOOP('',(#2722,#2732,#2740,#2748));
#2722 = ORIENTED_EDGE('',*,*,#2723,.F.);
#2723 = EDGE_CURVE('',#2724,#2726,#2728,.T.);
#2724 = VERTEX_POINT('',#2725);
#2725 = CARTESIAN_POINT('',(114.2,-39.695,11.));
#2726 = VERTEX_POINT('',#2727);
#2727 = CARTESIAN_POINT('',(139.,-39.695,11.));
#2728 = LINE('',#2729,#2730);
#2729 = CARTESIAN_POINT('',(114.2,-39.695,11.));
#2730 = VECTOR('',#2731,1.);
#2731 = DIRECTION('',(1.,0.,0.));
#2732 = ORIENTED_EDGE('',*,*,#2733,.F.);
#2733 = EDGE_CURVE('',#2734,#2724,#2736,.T.);
#2734 = VERTEX_POINT('',#2735);
#2735 = CARTESIAN_POINT('',(114.2,-29.395,11.));
#2736 = LINE('',#2737,#2738);
#2737 = CARTESIAN_POINT('',(114.2,-29.395,11.));
#2738 = VECTOR('',#2739,1.);
#2739 = DIRECTION('',(0.,-1.,0.));
#2740 = ORIENTED_EDGE('',*,*,#2741,.F.);
#2741 = EDGE_CURVE('',#2742,#2734,#2744,.T.);
#2742 = VERTEX_POINT('',#2743);
#2743 = CARTESIAN_POINT('',(139.,-29.395,11.));
#2744 = LINE('',#2745,#2746);
#2745 = CARTESIAN_POINT('',(139.,-29.395,11.));
#2746 = VECTOR('',#2747,1.);
#2747 = DIRECTION('',(-1.,0.,0.));
#2748 = ORIENTED_EDGE('',*,*,#2749,.F.);
#2749 = EDGE_CURVE('',#2726,#2742,#2750,.T.);
#2750 = LINE('',#2751,#2752);
#2751 = CARTESIAN_POINT('',(139.,-39.695,11.));
#2752 = VECTOR('',#2753,1.);
#2753 = DIRECTION('',(0.,1.,0.));
#2754 = PLANE('',#2755);
#2755 = AXIS2_PLACEMENT_3D('',#2756,#2757,#2758);
#2756 = CARTESIAN_POINT('',(98.793251988672,-62.50797700162,11.));
#2757 = DIRECTION('',(0.,0.,1.));
#2758 = DIRECTION('',(1.,0.,0.));
#2759 = ADVANCED_FACE('',(#2760),#2771,.F.);
#2760 = FACE_BOUND('',#2761,.F.);
#2761 = EDGE_LOOP('',(#2762,#2763,#2769,#2770));
#2762 = ORIENTED_EDGE('',*,*,#2247,.F.);
#2763 = ORIENTED_EDGE('',*,*,#2764,.T.);
#2764 = EDGE_CURVE('',#2248,#2640,#2765,.T.);
#2765 = LINE('',#2766,#2767);
#2766 = CARTESIAN_POINT('',(14.65,-13.812,5.01));
#2767 = VECTOR('',#2768,1.);
#2768 = DIRECTION('',(0.,0.,1.));
#2769 = ORIENTED_EDGE('',*,*,#2648,.T.);
#2770 = ORIENTED_EDGE('',*,*,#2513,.F.);
#2771 = PLANE('',#2772);
#2772 = AXIS2_PLACEMENT_3D('',#2773,#2774,#2775);
#2773 = CARTESIAN_POINT('',(14.65,-11.312,5.01));
#2774 = DIRECTION('',(1.,0.,0.));
#2775 = DIRECTION('',(0.,-1.,0.));
#2776 = ADVANCED_FACE('',(#2777),#2788,.T.);
#2777 = FACE_BOUND('',#2778,.F.);
#2778 = EDGE_LOOP('',(#2779,#2780,#2786,#2787));
#2779 = ORIENTED_EDGE('',*,*,#2497,.T.);
#2780 = ORIENTED_EDGE('',*,*,#2781,.T.);
#2781 = EDGE_CURVE('',#2490,#2632,#2782,.T.);
#2782 = LINE('',#2783,#2784);
#2783 = CARTESIAN_POINT('',(17.15,-11.312,5.01));
#2784 = VECTOR('',#2785,1.);
#2785 = DIRECTION('',(0.,0.,1.));
#2786 = ORIENTED_EDGE('',*,*,#2639,.F.);
#2787 = ORIENTED_EDGE('',*,*,#2764,.F.);
#2788 = CYLINDRICAL_SURFACE('',#2789,2.5);
#2789 = AXIS2_PLACEMENT_3D('',#2790,#2791,#2792);
#2790 = CARTESIAN_POINT('',(17.15,-13.812,5.01));
#2791 = DIRECTION('',(0.,0.,1.));
#2792 = DIRECTION('',(-1.,0.,0.));
#2793 = ADVANCED_FACE('',(#2794),#2813,.F.);
#2794 = FACE_BOUND('',#2795,.F.);
#2795 = EDGE_LOOP('',(#2796,#2804,#2810,#2811,#2812));
#2796 = ORIENTED_EDGE('',*,*,#2797,.F.);
#2797 = EDGE_CURVE('',#2798,#2482,#2800,.T.);
#2798 = VERTEX_POINT('',#2799);
#2799 = CARTESIAN_POINT('',(155.6,-11.312,8.8));
#2800 = LINE('',#2801,#2802);
#2801 = CARTESIAN_POINT('',(155.6,-11.312,8.8));
#2802 = VECTOR('',#2803,1.);
#2803 = DIRECTION('',(0.,-2.22044604925E-16,-1.));
#2804 = ORIENTED_EDGE('',*,*,#2805,.T.);
#2805 = EDGE_CURVE('',#2798,#2624,#2806,.T.);
#2806 = LINE('',#2807,#2808);
#2807 = CARTESIAN_POINT('',(155.6,-11.312,8.8));
#2808 = VECTOR('',#2809,1.);
#2809 = DIRECTION('',(0.,2.22044604925E-16,1.));
#2810 = ORIENTED_EDGE('',*,*,#2631,.T.);
#2811 = ORIENTED_EDGE('',*,*,#2781,.F.);
#2812 = ORIENTED_EDGE('',*,*,#2489,.F.);
#2813 = PLANE('',#2814);
#2814 = AXIS2_PLACEMENT_3D('',#2815,#2816,#2817);
#2815 = CARTESIAN_POINT('',(191.38,-11.312,5.01));
#2816 = DIRECTION('',(0.,-1.,0.));
#2817 = DIRECTION('',(-1.,0.,0.));
#2818 = ADVANCED_FACE('',(#2819),#2877,.T.);
#2819 = FACE_BOUND('',#2820,.T.);
#2820 = EDGE_LOOP('',(#2821,#2822,#2830,#2838,#2846,#2854,#2862,#2870,
    #2876));
#2821 = ORIENTED_EDGE('',*,*,#2797,.F.);
#2822 = ORIENTED_EDGE('',*,*,#2823,.T.);
#2823 = EDGE_CURVE('',#2798,#2824,#2826,.T.);
#2824 = VERTEX_POINT('',#2825);
#2825 = CARTESIAN_POINT('',(155.6,-16.,8.8));
#2826 = LINE('',#2827,#2828);
#2827 = CARTESIAN_POINT('',(155.6,-11.312,8.8));
#2828 = VECTOR('',#2829,1.);
#2829 = DIRECTION('',(0.,-1.,2.22044604925E-16));
#2830 = ORIENTED_EDGE('',*,*,#2831,.T.);
#2831 = EDGE_CURVE('',#2824,#2832,#2834,.T.);
#2832 = VERTEX_POINT('',#2833);
#2833 = CARTESIAN_POINT('',(155.6,-20.912,8.8));
#2834 = LINE('',#2835,#2836);
#2835 = CARTESIAN_POINT('',(155.6,-11.312,8.8));
#2836 = VECTOR('',#2837,1.);
#2837 = DIRECTION('',(0.,-1.,2.22044604925E-16));
#2838 = ORIENTED_EDGE('',*,*,#2839,.T.);
#2839 = EDGE_CURVE('',#2832,#2840,#2842,.T.);
#2840 = VERTEX_POINT('',#2841);
#2841 = CARTESIAN_POINT('',(155.6,-20.912,9.));
#2842 = LINE('',#2843,#2844);
#2843 = CARTESIAN_POINT('',(155.6,-20.912,8.8));
#2844 = VECTOR('',#2845,1.);
#2845 = DIRECTION('',(0.,2.22044604925E-16,1.));
#2846 = ORIENTED_EDGE('',*,*,#2847,.F.);
#2847 = EDGE_CURVE('',#2848,#2840,#2850,.T.);
#2848 = VERTEX_POINT('',#2849);
#2849 = CARTESIAN_POINT('',(155.6,-21.5,9.));
#2850 = LINE('',#2851,#2852);
#2851 = CARTESIAN_POINT('',(155.6,-21.5,9.));
#2852 = VECTOR('',#2853,1.);
#2853 = DIRECTION('',(0.,1.,0.));
#2854 = ORIENTED_EDGE('',*,*,#2855,.T.);
#2855 = EDGE_CURVE('',#2848,#2856,#2858,.T.);
#2856 = VERTEX_POINT('',#2857);
#2857 = CARTESIAN_POINT('',(155.6,-21.5,2.));
#2858 = LINE('',#2859,#2860);
#2859 = CARTESIAN_POINT('',(155.6,-21.5,9.));
#2860 = VECTOR('',#2861,1.);
#2861 = DIRECTION('',(-0.,-0.,-1.));
#2862 = ORIENTED_EDGE('',*,*,#2863,.T.);
#2863 = EDGE_CURVE('',#2856,#2864,#2866,.T.);
#2864 = VERTEX_POINT('',#2865);
#2865 = CARTESIAN_POINT('',(155.6,-13.512,2.));
#2866 = LINE('',#2867,#2868);
#2867 = CARTESIAN_POINT('',(155.6,-21.5,2.));
#2868 = VECTOR('',#2869,1.);
#2869 = DIRECTION('',(0.,1.,0.));
#2870 = ORIENTED_EDGE('',*,*,#2871,.F.);
#2871 = EDGE_CURVE('',#2474,#2864,#2872,.T.);
#2872 = LINE('',#2873,#2874);
#2873 = CARTESIAN_POINT('',(155.6,-13.512,9.));
#2874 = VECTOR('',#2875,1.);
#2875 = DIRECTION('',(-0.,-0.,-1.));
#2876 = ORIENTED_EDGE('',*,*,#2481,.T.);
#2877 = PLANE('',#2878);
#2878 = AXIS2_PLACEMENT_3D('',#2879,#2880,#2881);
#2879 = CARTESIAN_POINT('',(155.6,-16.625909239,5.665359553177));
#2880 = DIRECTION('',(1.,0.,0.));
#2881 = DIRECTION('',(0.,0.,1.));
#2882 = ADVANCED_FACE('',(#2883),#2901,.T.);
#2883 = FACE_BOUND('',#2884,.T.);
#2884 = EDGE_LOOP('',(#2885,#2886,#2887,#2895));
#2885 = ORIENTED_EDGE('',*,*,#2473,.F.);
#2886 = ORIENTED_EDGE('',*,*,#2871,.T.);
#2887 = ORIENTED_EDGE('',*,*,#2888,.T.);
#2888 = EDGE_CURVE('',#2864,#2889,#2891,.T.);
#2889 = VERTEX_POINT('',#2890);
#2890 = CARTESIAN_POINT('',(153.6,-13.512,2.));
#2891 = LINE('',#2892,#2893);
#2892 = CARTESIAN_POINT('',(155.6,-13.512,2.));
#2893 = VECTOR('',#2894,1.);
#2894 = DIRECTION('',(-1.,0.,0.));
#2895 = ORIENTED_EDGE('',*,*,#2896,.F.);
#2896 = EDGE_CURVE('',#2466,#2889,#2897,.T.);
#2897 = LINE('',#2898,#2899);
#2898 = CARTESIAN_POINT('',(153.6,-13.512,9.));
#2899 = VECTOR('',#2900,1.);
#2900 = DIRECTION('',(-0.,-0.,-1.));
#2901 = PLANE('',#2902);
#2902 = AXIS2_PLACEMENT_3D('',#2903,#2904,#2905);
#2903 = CARTESIAN_POINT('',(155.6,-13.512,9.));
#2904 = DIRECTION('',(0.,1.,0.));
#2905 = DIRECTION('',(-1.,0.,0.));
#2906 = ADVANCED_FACE('',(#2907),#2918,.F.);
#2907 = FACE_BOUND('',#2908,.F.);
#2908 = EDGE_LOOP('',(#2909,#2910,#2911,#2912));
#2909 = ORIENTED_EDGE('',*,*,#2274,.F.);
#2910 = ORIENTED_EDGE('',*,*,#2538,.T.);
#2911 = ORIENTED_EDGE('',*,*,#2565,.T.);
#2912 = ORIENTED_EDGE('',*,*,#2913,.F.);
#2913 = EDGE_CURVE('',#2275,#2566,#2914,.T.);
#2914 = LINE('',#2915,#2916);
#2915 = CARTESIAN_POINT('',(190.12491382764,-88.96015849952,5.01));
#2916 = VECTOR('',#2917,1.);
#2917 = DIRECTION('',(0.,0.,1.));
#2918 = PLANE('',#2919);
#2919 = AXIS2_PLACEMENT_3D('',#2920,#2921,#2922);
#2920 = CARTESIAN_POINT('',(135.61687779336,-120.26,5.01));
#2921 = DIRECTION('',(-0.497965531057,0.867196823034,0.));
#2922 = DIRECTION('',(0.867196823034,0.497965531057,0.));
#2923 = ADVANCED_FACE('',(#2924),#2990,.T.);
#2924 = FACE_BOUND('',#2925,.T.);
#2925 = EDGE_LOOP('',(#2926,#2927,#2928,#2936,#2944,#2952,#2960,#2968,
    #2976,#2984));
#2926 = ORIENTED_EDGE('',*,*,#2465,.F.);
#2927 = ORIENTED_EDGE('',*,*,#2896,.T.);
#2928 = ORIENTED_EDGE('',*,*,#2929,.T.);
#2929 = EDGE_CURVE('',#2889,#2930,#2932,.T.);
#2930 = VERTEX_POINT('',#2931);
#2931 = CARTESIAN_POINT('',(153.6,-21.5,2.));
#2932 = LINE('',#2933,#2934);
#2933 = CARTESIAN_POINT('',(153.6,-13.512,2.));
#2934 = VECTOR('',#2935,1.);
#2935 = DIRECTION('',(0.,-1.,0.));
#2936 = ORIENTED_EDGE('',*,*,#2937,.F.);
#2937 = EDGE_CURVE('',#2938,#2930,#2940,.T.);
#2938 = VERTEX_POINT('',#2939);
#2939 = CARTESIAN_POINT('',(153.6,-21.5,9.));
#2940 = LINE('',#2941,#2942);
#2941 = CARTESIAN_POINT('',(153.6,-21.5,9.));
#2942 = VECTOR('',#2943,1.);
#2943 = DIRECTION('',(-0.,-0.,-1.));
#2944 = ORIENTED_EDGE('',*,*,#2945,.F.);
#2945 = EDGE_CURVE('',#2946,#2938,#2948,.T.);
#2946 = VERTEX_POINT('',#2947);
#2947 = CARTESIAN_POINT('',(153.6,-16.,9.));
#2948 = LINE('',#2949,#2950);
#2949 = CARTESIAN_POINT('',(153.6,-13.512,9.));
#2950 = VECTOR('',#2951,1.);
#2951 = DIRECTION('',(0.,-1.,0.));
#2952 = ORIENTED_EDGE('',*,*,#2953,.T.);
#2953 = EDGE_CURVE('',#2946,#2954,#2956,.T.);
#2954 = VERTEX_POINT('',#2955);
#2955 = CARTESIAN_POINT('',(153.6,-16.,5.01));
#2956 = LINE('',#2957,#2958);
#2957 = CARTESIAN_POINT('',(153.6,-16.,7.005));
#2958 = VECTOR('',#2959,1.);
#2959 = DIRECTION('',(-0.,-0.,-1.));
#2960 = ORIENTED_EDGE('',*,*,#2961,.F.);
#2961 = EDGE_CURVE('',#2962,#2954,#2964,.T.);
#2962 = VERTEX_POINT('',#2963);
#2963 = CARTESIAN_POINT('',(153.6,-15.112,5.01));
#2964 = LINE('',#2965,#2966);
#2965 = CARTESIAN_POINT('',(153.6,-38.00998850081,5.01));
#2966 = VECTOR('',#2967,1.);
#2967 = DIRECTION('',(0.,-1.,0.));
#2968 = ORIENTED_EDGE('',*,*,#2969,.F.);
#2969 = EDGE_CURVE('',#2970,#2962,#2972,.T.);
#2970 = VERTEX_POINT('',#2971);
#2971 = CARTESIAN_POINT('',(153.6,-15.112,3.81));
#2972 = LINE('',#2973,#2974);
#2973 = CARTESIAN_POINT('',(153.6,-15.112,7.005));
#2974 = VECTOR('',#2975,1.);
#2975 = DIRECTION('',(0.,0.,1.));
#2976 = ORIENTED_EDGE('',*,*,#2977,.F.);
#2977 = EDGE_CURVE('',#2978,#2970,#2980,.T.);
#2978 = VERTEX_POINT('',#2979);
#2979 = CARTESIAN_POINT('',(153.6,-13.612,3.81));
#2980 = LINE('',#2981,#2982);
#2981 = CARTESIAN_POINT('',(153.6,-38.08965389635,3.81));
#2982 = VECTOR('',#2983,1.);
#2983 = DIRECTION('',(0.,-1.,0.));
#2984 = ORIENTED_EDGE('',*,*,#2985,.T.);
#2985 = EDGE_CURVE('',#2978,#2458,#2986,.T.);
#2986 = LINE('',#2987,#2988);
#2987 = CARTESIAN_POINT('',(153.6,-13.612,7.005));
#2988 = VECTOR('',#2989,1.);
#2989 = DIRECTION('',(0.,0.,1.));
#2990 = PLANE('',#2991);
#2991 = AXIS2_PLACEMENT_3D('',#2992,#2993,#2994);
#2992 = CARTESIAN_POINT('',(153.6,-13.512,9.));
#2993 = DIRECTION('',(-1.,0.,0.));
#2994 = DIRECTION('',(0.,-1.,0.));
#2995 = ADVANCED_FACE('',(#2996),#3007,.T.);
#2996 = FACE_BOUND('',#2997,.T.);
#2997 = EDGE_LOOP('',(#2998,#2999,#3005,#3006));
#2998 = ORIENTED_EDGE('',*,*,#2282,.T.);
#2999 = ORIENTED_EDGE('',*,*,#3000,.T.);
#3000 = EDGE_CURVE('',#2283,#2574,#3001,.T.);
#3001 = LINE('',#3002,#3003);
#3002 = CARTESIAN_POINT('',(191.38,-86.79216644194,5.01));
#3003 = VECTOR('',#3004,1.);
#3004 = DIRECTION('',(0.,0.,1.));
#3005 = ORIENTED_EDGE('',*,*,#2573,.F.);
#3006 = ORIENTED_EDGE('',*,*,#2913,.F.);
#3007 = CYLINDRICAL_SURFACE('',#3008,2.5);
#3008 = AXIS2_PLACEMENT_3D('',#3009,#3010,#3011);
#3009 = CARTESIAN_POINT('',(188.88,-86.79216644194,5.01));
#3010 = DIRECTION('',(0.,0.,1.));
#3011 = DIRECTION('',(0.497965531057,-0.867196823034,0.));
#3012 = ADVANCED_FACE('',(#3013),#3031,.T.);
#3013 = FACE_BOUND('',#3014,.T.);
#3014 = EDGE_LOOP('',(#3015,#3016,#3017,#3025));
#3015 = ORIENTED_EDGE('',*,*,#2457,.F.);
#3016 = ORIENTED_EDGE('',*,*,#2985,.F.);
#3017 = ORIENTED_EDGE('',*,*,#3018,.T.);
#3018 = EDGE_CURVE('',#2978,#3019,#3021,.T.);
#3019 = VERTEX_POINT('',#3020);
#3020 = CARTESIAN_POINT('',(16.95,-13.612,3.81));
#3021 = LINE('',#3022,#3023);
#3022 = CARTESIAN_POINT('',(189.08,-13.612,3.81));
#3023 = VECTOR('',#3024,1.);
#3024 = DIRECTION('',(-1.,0.,0.));
#3025 = ORIENTED_EDGE('',*,*,#3026,.F.);
#3026 = EDGE_CURVE('',#2450,#3019,#3027,.T.);
#3027 = LINE('',#3028,#3029);
#3028 = CARTESIAN_POINT('',(16.95,-13.612,5.01));
#3029 = VECTOR('',#3030,1.);
#3030 = DIRECTION('',(-0.,-0.,-1.));
#3031 = PLANE('',#3032);
#3032 = AXIS2_PLACEMENT_3D('',#3033,#3034,#3035);
#3033 = CARTESIAN_POINT('',(189.08,-13.612,5.01));
#3034 = DIRECTION('',(0.,1.,0.));
#3035 = DIRECTION('',(-1.,0.,0.));
#3036 = ADVANCED_FACE('',(#3037),#3048,.F.);
#3037 = FACE_BOUND('',#3038,.F.);
#3038 = EDGE_LOOP('',(#3039,#3040,#3041,#3042));
#3039 = ORIENTED_EDGE('',*,*,#2291,.F.);
#3040 = ORIENTED_EDGE('',*,*,#3000,.T.);
#3041 = ORIENTED_EDGE('',*,*,#2582,.T.);
#3042 = ORIENTED_EDGE('',*,*,#3043,.F.);
#3043 = EDGE_CURVE('',#2292,#2583,#3044,.T.);
#3044 = LINE('',#3045,#3046);
#3045 = CARTESIAN_POINT('',(191.38,-13.812,5.01));
#3046 = VECTOR('',#3047,1.);
#3047 = DIRECTION('',(0.,0.,1.));
#3048 = PLANE('',#3049);
#3049 = AXIS2_PLACEMENT_3D('',#3050,#3051,#3052);
#3050 = CARTESIAN_POINT('',(191.38,-88.23945745941,5.01));
#3051 = DIRECTION('',(-1.,0.,0.));
#3052 = DIRECTION('',(0.,1.,0.));
#3053 = ADVANCED_FACE('',(#3054),#3072,.T.);
#3054 = FACE_BOUND('',#3055,.T.);
#3055 = EDGE_LOOP('',(#3056,#3057,#3058,#3066));
#3056 = ORIENTED_EDGE('',*,*,#2449,.F.);
#3057 = ORIENTED_EDGE('',*,*,#3026,.T.);
#3058 = ORIENTED_EDGE('',*,*,#3059,.T.);
#3059 = EDGE_CURVE('',#3019,#3060,#3062,.T.);
#3060 = VERTEX_POINT('',#3061);
#3061 = CARTESIAN_POINT('',(16.95,-25.316718427,3.81));
#3062 = LINE('',#3063,#3064);
#3063 = CARTESIAN_POINT('',(16.95,-13.612,3.81));
#3064 = VECTOR('',#3065,1.);
#3065 = DIRECTION('',(0.,-1.,0.));
#3066 = ORIENTED_EDGE('',*,*,#3067,.T.);
#3067 = EDGE_CURVE('',#3060,#2441,#3068,.T.);
#3068 = LINE('',#3069,#3070);
#3069 = CARTESIAN_POINT('',(16.95,-25.316718427,5.01));
#3070 = VECTOR('',#3071,1.);
#3071 = DIRECTION('',(0.,0.,1.));
#3072 = PLANE('',#3073);
#3073 = AXIS2_PLACEMENT_3D('',#3074,#3075,#3076);
#3074 = CARTESIAN_POINT('',(16.95,-13.612,5.01));
#3075 = DIRECTION('',(-1.,0.,0.));
#3076 = DIRECTION('',(0.,-1.,0.));
#3077 = ADVANCED_FACE('',(#3078),#3089,.T.);
#3078 = FACE_BOUND('',#3079,.F.);
#3079 = EDGE_LOOP('',(#3080,#3081,#3082,#3083));
#3080 = ORIENTED_EDGE('',*,*,#2299,.T.);
#3081 = ORIENTED_EDGE('',*,*,#3043,.T.);
#3082 = ORIENTED_EDGE('',*,*,#2590,.F.);
#3083 = ORIENTED_EDGE('',*,*,#3084,.F.);
#3084 = EDGE_CURVE('',#2300,#2591,#3085,.T.);
#3085 = LINE('',#3086,#3087);
#3086 = CARTESIAN_POINT('',(188.88,-11.312,5.01));
#3087 = VECTOR('',#3088,1.);
#3088 = DIRECTION('',(0.,0.,1.));
#3089 = CYLINDRICAL_SURFACE('',#3090,2.5);
#3090 = AXIS2_PLACEMENT_3D('',#3091,#3092,#3093);
#3091 = CARTESIAN_POINT('',(188.88,-13.812,5.01));
#3092 = DIRECTION('',(0.,0.,1.));
#3093 = DIRECTION('',(0.,1.,0.));
#3094 = ADVANCED_FACE('',(#3095),#3173,.T.);
#3095 = FACE_BOUND('',#3096,.T.);
#3096 = EDGE_LOOP('',(#3097,#3108,#3116,#3123,#3124,#3133,#3141,#3150,
    #3156,#3157,#3158,#3167));
#3097 = ORIENTED_EDGE('',*,*,#3098,.F.);
#3098 = EDGE_CURVE('',#3099,#3101,#3103,.T.);
#3099 = VERTEX_POINT('',#3100);
#3100 = CARTESIAN_POINT('',(22.95,-28.,5.01));
#3101 = VERTEX_POINT('',#3102);
#3102 = CARTESIAN_POINT('',(18.45,-24.51431498841,5.01));
#3103 = CIRCLE('',#3104,3.6);
#3104 = AXIS2_PLACEMENT_3D('',#3105,#3106,#3107);
#3105 = CARTESIAN_POINT('',(19.35,-28.,5.01));
#3106 = DIRECTION('',(0.,0.,1.));
#3107 = DIRECTION('',(1.,0.,0.));
#3108 = ORIENTED_EDGE('',*,*,#3109,.T.);
#3109 = EDGE_CURVE('',#3099,#3110,#3112,.T.);
#3110 = VERTEX_POINT('',#3111);
#3111 = CARTESIAN_POINT('',(22.95,-28.,-1.195));
#3112 = LINE('',#3113,#3114);
#3113 = CARTESIAN_POINT('',(22.95,-28.,5.01));
#3114 = VECTOR('',#3115,1.);
#3115 = DIRECTION('',(-0.,-0.,-1.));
#3116 = ORIENTED_EDGE('',*,*,#3117,.T.);
#3117 = EDGE_CURVE('',#3110,#3110,#3118,.T.);
#3118 = CIRCLE('',#3119,3.6);
#3119 = AXIS2_PLACEMENT_3D('',#3120,#3121,#3122);
#3120 = CARTESIAN_POINT('',(19.35,-28.,-1.195));
#3121 = DIRECTION('',(0.,0.,1.));
#3122 = DIRECTION('',(1.,0.,0.));
#3123 = ORIENTED_EDGE('',*,*,#3109,.F.);
#3124 = ORIENTED_EDGE('',*,*,#3125,.F.);
#3125 = EDGE_CURVE('',#3126,#3099,#3128,.T.);
#3126 = VERTEX_POINT('',#3127);
#3127 = CARTESIAN_POINT('',(18.45,-31.48568501158,5.01));
#3128 = CIRCLE('',#3129,3.6);
#3129 = AXIS2_PLACEMENT_3D('',#3130,#3131,#3132);
#3130 = CARTESIAN_POINT('',(19.35,-28.,5.01));
#3131 = DIRECTION('',(0.,0.,1.));
#3132 = DIRECTION('',(1.,0.,0.));
#3133 = ORIENTED_EDGE('',*,*,#3134,.F.);
#3134 = EDGE_CURVE('',#3135,#3126,#3137,.T.);
#3135 = VERTEX_POINT('',#3136);
#3136 = CARTESIAN_POINT('',(18.45,-31.48568501158,3.81));
#3137 = LINE('',#3138,#3139);
#3138 = CARTESIAN_POINT('',(18.45,-31.48568501158,5.01));
#3139 = VECTOR('',#3140,1.);
#3140 = DIRECTION('',(0.,0.,1.));
#3141 = ORIENTED_EDGE('',*,*,#3142,.F.);
#3142 = EDGE_CURVE('',#3143,#3135,#3145,.T.);
#3143 = VERTEX_POINT('',#3144);
#3144 = CARTESIAN_POINT('',(16.95,-30.683281573,3.81));
#3145 = CIRCLE('',#3146,3.6);
#3146 = AXIS2_PLACEMENT_3D('',#3147,#3148,#3149);
#3147 = CARTESIAN_POINT('',(19.35,-28.,3.81));
#3148 = DIRECTION('',(0.,0.,1.));
#3149 = DIRECTION('',(1.,0.,0.));
#3150 = ORIENTED_EDGE('',*,*,#3151,.T.);
#3151 = EDGE_CURVE('',#3143,#2433,#3152,.T.);
#3152 = LINE('',#3153,#3154);
#3153 = CARTESIAN_POINT('',(16.95,-30.683281573,5.01));
#3154 = VECTOR('',#3155,1.);
#3155 = DIRECTION('',(0.,0.,1.));
#3156 = ORIENTED_EDGE('',*,*,#2440,.F.);
#3157 = ORIENTED_EDGE('',*,*,#3067,.F.);
#3158 = ORIENTED_EDGE('',*,*,#3159,.F.);
#3159 = EDGE_CURVE('',#3160,#3060,#3162,.T.);
#3160 = VERTEX_POINT('',#3161);
#3161 = CARTESIAN_POINT('',(18.45,-24.51431498841,3.81));
#3162 = CIRCLE('',#3163,3.6);
#3163 = AXIS2_PLACEMENT_3D('',#3164,#3165,#3166);
#3164 = CARTESIAN_POINT('',(19.35,-28.,3.81));
#3165 = DIRECTION('',(0.,0.,1.));
#3166 = DIRECTION('',(1.,0.,0.));
#3167 = ORIENTED_EDGE('',*,*,#3168,.T.);
#3168 = EDGE_CURVE('',#3160,#3101,#3169,.T.);
#3169 = LINE('',#3170,#3171);
#3170 = CARTESIAN_POINT('',(18.45,-24.51431498841,5.01));
#3171 = VECTOR('',#3172,1.);
#3172 = DIRECTION('',(0.,0.,1.));
#3173 = CYLINDRICAL_SURFACE('',#3174,3.6);
#3174 = AXIS2_PLACEMENT_3D('',#3175,#3176,#3177);
#3175 = CARTESIAN_POINT('',(19.35,-28.,5.01));
#3176 = DIRECTION('',(0.,0.,1.));
#3177 = DIRECTION('',(1.,0.,0.));
#3178 = ADVANCED_FACE('',(#3179),#3198,.F.);
#3179 = FACE_BOUND('',#3180,.F.);
#3180 = EDGE_LOOP('',(#3181,#3182,#3183,#3184,#3192));
#3181 = ORIENTED_EDGE('',*,*,#2308,.F.);
#3182 = ORIENTED_EDGE('',*,*,#3084,.T.);
#3183 = ORIENTED_EDGE('',*,*,#2599,.T.);
#3184 = ORIENTED_EDGE('',*,*,#3185,.T.);
#3185 = EDGE_CURVE('',#2600,#3186,#3188,.T.);
#3186 = VERTEX_POINT('',#3187);
#3187 = CARTESIAN_POINT('',(168.2,-11.312,8.8));
#3188 = LINE('',#3189,#3190);
#3189 = CARTESIAN_POINT('',(168.2,-11.312,11.));
#3190 = VECTOR('',#3191,1.);
#3191 = DIRECTION('',(0.,-2.22044604925E-16,-1.));
#3192 = ORIENTED_EDGE('',*,*,#3193,.F.);
#3193 = EDGE_CURVE('',#2309,#3186,#3194,.T.);
#3194 = LINE('',#3195,#3196);
#3195 = CARTESIAN_POINT('',(168.2,-11.312,2.));
#3196 = VECTOR('',#3197,1.);
#3197 = DIRECTION('',(0.,2.22044604925E-16,1.));
#3198 = PLANE('',#3199);
#3199 = AXIS2_PLACEMENT_3D('',#3200,#3201,#3202);
#3200 = CARTESIAN_POINT('',(191.38,-11.312,5.01));
#3201 = DIRECTION('',(0.,-1.,0.));
#3202 = DIRECTION('',(-1.,0.,0.));
#3203 = ADVANCED_FACE('',(#3204),#3222,.T.);
#3204 = FACE_BOUND('',#3205,.T.);
#3205 = EDGE_LOOP('',(#3206,#3207,#3208,#3216));
#3206 = ORIENTED_EDGE('',*,*,#2432,.F.);
#3207 = ORIENTED_EDGE('',*,*,#3151,.F.);
#3208 = ORIENTED_EDGE('',*,*,#3209,.T.);
#3209 = EDGE_CURVE('',#3143,#3210,#3212,.T.);
#3210 = VERTEX_POINT('',#3211);
#3211 = CARTESIAN_POINT('',(16.95,-101.316718427,3.81));
#3212 = LINE('',#3213,#3214);
#3213 = CARTESIAN_POINT('',(16.95,-13.612,3.81));
#3214 = VECTOR('',#3215,1.);
#3215 = DIRECTION('',(0.,-1.,0.));
#3216 = ORIENTED_EDGE('',*,*,#3217,.T.);
#3217 = EDGE_CURVE('',#3210,#2424,#3218,.T.);
#3218 = LINE('',#3219,#3220);
#3219 = CARTESIAN_POINT('',(16.95,-101.316718427,5.01));
#3220 = VECTOR('',#3221,1.);
#3221 = DIRECTION('',(0.,0.,1.));
#3222 = PLANE('',#3223);
#3223 = AXIS2_PLACEMENT_3D('',#3224,#3225,#3226);
#3224 = CARTESIAN_POINT('',(16.95,-13.612,5.01));
#3225 = DIRECTION('',(-1.,0.,0.));
#3226 = DIRECTION('',(0.,-1.,0.));
#3227 = ADVANCED_FACE('',(#3228),#3286,.T.);
#3228 = FACE_BOUND('',#3229,.T.);
#3229 = EDGE_LOOP('',(#3230,#3231,#3232,#3240,#3248,#3256,#3264,#3272,
    #3280));
#3230 = ORIENTED_EDGE('',*,*,#3193,.F.);
#3231 = ORIENTED_EDGE('',*,*,#2316,.T.);
#3232 = ORIENTED_EDGE('',*,*,#3233,.T.);
#3233 = EDGE_CURVE('',#2317,#3234,#3236,.T.);
#3234 = VERTEX_POINT('',#3235);
#3235 = CARTESIAN_POINT('',(168.2,-13.512,2.));
#3236 = LINE('',#3237,#3238);
#3237 = CARTESIAN_POINT('',(168.2,-13.512,9.));
#3238 = VECTOR('',#3239,1.);
#3239 = DIRECTION('',(-0.,-0.,-1.));
#3240 = ORIENTED_EDGE('',*,*,#3241,.T.);
#3241 = EDGE_CURVE('',#3234,#3242,#3244,.T.);
#3242 = VERTEX_POINT('',#3243);
#3243 = CARTESIAN_POINT('',(168.2,-21.5,2.));
#3244 = LINE('',#3245,#3246);
#3245 = CARTESIAN_POINT('',(168.2,-13.512,2.));
#3246 = VECTOR('',#3247,1.);
#3247 = DIRECTION('',(0.,-1.,0.));
#3248 = ORIENTED_EDGE('',*,*,#3249,.F.);
#3249 = EDGE_CURVE('',#3250,#3242,#3252,.T.);
#3250 = VERTEX_POINT('',#3251);
#3251 = CARTESIAN_POINT('',(168.2,-21.5,9.));
#3252 = LINE('',#3253,#3254);
#3253 = CARTESIAN_POINT('',(168.2,-21.5,9.));
#3254 = VECTOR('',#3255,1.);
#3255 = DIRECTION('',(-0.,-0.,-1.));
#3256 = ORIENTED_EDGE('',*,*,#3257,.F.);
#3257 = EDGE_CURVE('',#3258,#3250,#3260,.T.);
#3258 = VERTEX_POINT('',#3259);
#3259 = CARTESIAN_POINT('',(168.2,-20.912,9.));
#3260 = LINE('',#3261,#3262);
#3261 = CARTESIAN_POINT('',(168.2,-13.512,9.));
#3262 = VECTOR('',#3263,1.);
#3263 = DIRECTION('',(0.,-1.,0.));
#3264 = ORIENTED_EDGE('',*,*,#3265,.T.);
#3265 = EDGE_CURVE('',#3258,#3266,#3268,.T.);
#3266 = VERTEX_POINT('',#3267);
#3267 = CARTESIAN_POINT('',(168.2,-20.912,8.8));
#3268 = LINE('',#3269,#3270);
#3269 = CARTESIAN_POINT('',(168.2,-20.912,11.));
#3270 = VECTOR('',#3271,1.);
#3271 = DIRECTION('',(0.,-2.22044604925E-16,-1.));
#3272 = ORIENTED_EDGE('',*,*,#3273,.F.);
#3273 = EDGE_CURVE('',#3274,#3266,#3276,.T.);
#3274 = VERTEX_POINT('',#3275);
#3275 = CARTESIAN_POINT('',(168.2,-16.,8.8));
#3276 = LINE('',#3277,#3278);
#3277 = CARTESIAN_POINT('',(168.2,-11.312,8.8));
#3278 = VECTOR('',#3279,1.);
#3279 = DIRECTION('',(0.,-1.,2.22044604925E-16));
#3280 = ORIENTED_EDGE('',*,*,#3281,.F.);
#3281 = EDGE_CURVE('',#3186,#3274,#3282,.T.);
#3282 = LINE('',#3283,#3284);
#3283 = CARTESIAN_POINT('',(168.2,-11.312,8.8));
#3284 = VECTOR('',#3285,1.);
#3285 = DIRECTION('',(0.,-1.,2.22044604925E-16));
#3286 = PLANE('',#3287);
#3287 = AXIS2_PLACEMENT_3D('',#3288,#3289,#3290);
#3288 = CARTESIAN_POINT('',(168.2,-16.625909239,5.665359553177));
#3289 = DIRECTION('',(-1.,-0.,-0.));
#3290 = DIRECTION('',(0.,0.,-1.));
#3291 = ADVANCED_FACE('',(#3292),#3370,.T.);
#3292 = FACE_BOUND('',#3293,.T.);
#3293 = EDGE_LOOP('',(#3294,#3305,#3313,#3320,#3321,#3330,#3338,#3347,
    #3353,#3354,#3355,#3364));
#3294 = ORIENTED_EDGE('',*,*,#3295,.F.);
#3295 = EDGE_CURVE('',#3296,#3298,#3300,.T.);
#3296 = VERTEX_POINT('',#3297);
#3297 = CARTESIAN_POINT('',(22.95,-104.,5.01));
#3298 = VERTEX_POINT('',#3299);
#3299 = CARTESIAN_POINT('',(18.45,-100.5143149884,5.01));
#3300 = CIRCLE('',#3301,3.6);
#3301 = AXIS2_PLACEMENT_3D('',#3302,#3303,#3304);
#3302 = CARTESIAN_POINT('',(19.35,-104.,5.01));
#3303 = DIRECTION('',(0.,0.,1.));
#3304 = DIRECTION('',(1.,0.,0.));
#3305 = ORIENTED_EDGE('',*,*,#3306,.T.);
#3306 = EDGE_CURVE('',#3296,#3307,#3309,.T.);
#3307 = VERTEX_POINT('',#3308);
#3308 = CARTESIAN_POINT('',(22.95,-104.,-1.195));
#3309 = LINE('',#3310,#3311);
#3310 = CARTESIAN_POINT('',(22.95,-104.,5.01));
#3311 = VECTOR('',#3312,1.);
#3312 = DIRECTION('',(-0.,-0.,-1.));
#3313 = ORIENTED_EDGE('',*,*,#3314,.T.);
#3314 = EDGE_CURVE('',#3307,#3307,#3315,.T.);
#3315 = CIRCLE('',#3316,3.6);
#3316 = AXIS2_PLACEMENT_3D('',#3317,#3318,#3319);
#3317 = CARTESIAN_POINT('',(19.35,-104.,-1.195));
#3318 = DIRECTION('',(0.,0.,1.));
#3319 = DIRECTION('',(1.,0.,0.));
#3320 = ORIENTED_EDGE('',*,*,#3306,.F.);
#3321 = ORIENTED_EDGE('',*,*,#3322,.F.);
#3322 = EDGE_CURVE('',#3323,#3296,#3325,.T.);
#3323 = VERTEX_POINT('',#3324);
#3324 = CARTESIAN_POINT('',(18.45,-107.4856850115,5.01));
#3325 = CIRCLE('',#3326,3.6);
#3326 = AXIS2_PLACEMENT_3D('',#3327,#3328,#3329);
#3327 = CARTESIAN_POINT('',(19.35,-104.,5.01));
#3328 = DIRECTION('',(0.,0.,1.));
#3329 = DIRECTION('',(1.,0.,0.));
#3330 = ORIENTED_EDGE('',*,*,#3331,.F.);
#3331 = EDGE_CURVE('',#3332,#3323,#3334,.T.);
#3332 = VERTEX_POINT('',#3333);
#3333 = CARTESIAN_POINT('',(18.45,-107.4856850115,3.81));
#3334 = LINE('',#3335,#3336);
#3335 = CARTESIAN_POINT('',(18.45,-107.4856850115,5.01));
#3336 = VECTOR('',#3337,1.);
#3337 = DIRECTION('',(0.,0.,1.));
#3338 = ORIENTED_EDGE('',*,*,#3339,.F.);
#3339 = EDGE_CURVE('',#3340,#3332,#3342,.T.);
#3340 = VERTEX_POINT('',#3341);
#3341 = CARTESIAN_POINT('',(16.95,-106.683281573,3.81));
#3342 = CIRCLE('',#3343,3.6);
#3343 = AXIS2_PLACEMENT_3D('',#3344,#3345,#3346);
#3344 = CARTESIAN_POINT('',(19.35,-104.,3.81));
#3345 = DIRECTION('',(0.,0.,1.));
#3346 = DIRECTION('',(1.,0.,0.));
#3347 = ORIENTED_EDGE('',*,*,#3348,.T.);
#3348 = EDGE_CURVE('',#3340,#2416,#3349,.T.);
#3349 = LINE('',#3350,#3351);
#3350 = CARTESIAN_POINT('',(16.95,-106.683281573,5.01));
#3351 = VECTOR('',#3352,1.);
#3352 = DIRECTION('',(0.,0.,1.));
#3353 = ORIENTED_EDGE('',*,*,#2423,.F.);
#3354 = ORIENTED_EDGE('',*,*,#3217,.F.);
#3355 = ORIENTED_EDGE('',*,*,#3356,.F.);
#3356 = EDGE_CURVE('',#3357,#3210,#3359,.T.);
#3357 = VERTEX_POINT('',#3358);
#3358 = CARTESIAN_POINT('',(18.45,-100.5143149884,3.81));
#3359 = CIRCLE('',#3360,3.6);
#3360 = AXIS2_PLACEMENT_3D('',#3361,#3362,#3363);
#3361 = CARTESIAN_POINT('',(19.35,-104.,3.81));
#3362 = DIRECTION('',(0.,0.,1.));
#3363 = DIRECTION('',(1.,0.,0.));
#3364 = ORIENTED_EDGE('',*,*,#3365,.T.);
#3365 = EDGE_CURVE('',#3357,#3298,#3366,.T.);
#3366 = LINE('',#3367,#3368);
#3367 = CARTESIAN_POINT('',(18.45,-100.5143149884,5.01));
#3368 = VECTOR('',#3369,1.);
#3369 = DIRECTION('',(0.,0.,1.));
#3370 = CYLINDRICAL_SURFACE('',#3371,3.6);
#3371 = AXIS2_PLACEMENT_3D('',#3372,#3373,#3374);
#3372 = CARTESIAN_POINT('',(19.35,-104.,5.01));
#3373 = DIRECTION('',(0.,0.,1.));
#3374 = DIRECTION('',(1.,0.,0.));
#3375 = ADVANCED_FACE('',(#3376),#3394,.T.);
#3376 = FACE_BOUND('',#3377,.T.);
#3377 = EDGE_LOOP('',(#3378,#3379,#3387,#3393));
#3378 = ORIENTED_EDGE('',*,*,#2324,.F.);
#3379 = ORIENTED_EDGE('',*,*,#3380,.T.);
#3380 = EDGE_CURVE('',#2325,#3381,#3383,.T.);
#3381 = VERTEX_POINT('',#3382);
#3382 = CARTESIAN_POINT('',(170.2,-13.512,2.));
#3383 = LINE('',#3384,#3385);
#3384 = CARTESIAN_POINT('',(170.2,-13.512,9.));
#3385 = VECTOR('',#3386,1.);
#3386 = DIRECTION('',(-0.,-0.,-1.));
#3387 = ORIENTED_EDGE('',*,*,#3388,.T.);
#3388 = EDGE_CURVE('',#3381,#3234,#3389,.T.);
#3389 = LINE('',#3390,#3391);
#3390 = CARTESIAN_POINT('',(170.2,-13.512,2.));
#3391 = VECTOR('',#3392,1.);
#3392 = DIRECTION('',(-1.,0.,0.));
#3393 = ORIENTED_EDGE('',*,*,#3233,.F.);
#3394 = PLANE('',#3395);
#3395 = AXIS2_PLACEMENT_3D('',#3396,#3397,#3398);
#3396 = CARTESIAN_POINT('',(170.2,-13.512,9.));
#3397 = DIRECTION('',(0.,1.,0.));
#3398 = DIRECTION('',(-1.,0.,0.));
#3399 = ADVANCED_FACE('',(#3400),#3418,.T.);
#3400 = FACE_BOUND('',#3401,.T.);
#3401 = EDGE_LOOP('',(#3402,#3403,#3404,#3412));
#3402 = ORIENTED_EDGE('',*,*,#2415,.F.);
#3403 = ORIENTED_EDGE('',*,*,#3348,.F.);
#3404 = ORIENTED_EDGE('',*,*,#3405,.T.);
#3405 = EDGE_CURVE('',#3340,#3406,#3408,.T.);
#3406 = VERTEX_POINT('',#3407);
#3407 = CARTESIAN_POINT('',(16.95,-117.96,3.81));
#3408 = LINE('',#3409,#3410);
#3409 = CARTESIAN_POINT('',(16.95,-13.612,3.81));
#3410 = VECTOR('',#3411,1.);
#3411 = DIRECTION('',(0.,-1.,0.));
#3412 = ORIENTED_EDGE('',*,*,#3413,.F.);
#3413 = EDGE_CURVE('',#2408,#3406,#3414,.T.);
#3414 = LINE('',#3415,#3416);
#3415 = CARTESIAN_POINT('',(16.95,-117.96,5.01));
#3416 = VECTOR('',#3417,1.);
#3417 = DIRECTION('',(-0.,-0.,-1.));
#3418 = PLANE('',#3419);
#3419 = AXIS2_PLACEMENT_3D('',#3420,#3421,#3422);
#3420 = CARTESIAN_POINT('',(16.95,-13.612,5.01));
#3421 = DIRECTION('',(-1.,0.,0.));
#3422 = DIRECTION('',(0.,-1.,0.));
#3423 = ADVANCED_FACE('',(#3424),#3490,.T.);
#3424 = FACE_BOUND('',#3425,.T.);
#3425 = EDGE_LOOP('',(#3426,#3436,#3444,#3450,#3451,#3452,#3460,#3468,
    #3476,#3484));
#3426 = ORIENTED_EDGE('',*,*,#3427,.F.);
#3427 = EDGE_CURVE('',#3428,#3430,#3432,.T.);
#3428 = VERTEX_POINT('',#3429);
#3429 = CARTESIAN_POINT('',(170.2,-21.5,9.));
#3430 = VERTEX_POINT('',#3431);
#3431 = CARTESIAN_POINT('',(170.2,-16.,9.));
#3432 = LINE('',#3433,#3434);
#3433 = CARTESIAN_POINT('',(170.2,-21.5,9.));
#3434 = VECTOR('',#3435,1.);
#3435 = DIRECTION('',(0.,1.,0.));
#3436 = ORIENTED_EDGE('',*,*,#3437,.T.);
#3437 = EDGE_CURVE('',#3428,#3438,#3440,.T.);
#3438 = VERTEX_POINT('',#3439);
#3439 = CARTESIAN_POINT('',(170.2,-21.5,2.));
#3440 = LINE('',#3441,#3442);
#3441 = CARTESIAN_POINT('',(170.2,-21.5,9.));
#3442 = VECTOR('',#3443,1.);
#3443 = DIRECTION('',(-0.,-0.,-1.));
#3444 = ORIENTED_EDGE('',*,*,#3445,.T.);
#3445 = EDGE_CURVE('',#3438,#3381,#3446,.T.);
#3446 = LINE('',#3447,#3448);
#3447 = CARTESIAN_POINT('',(170.2,-21.5,2.));
#3448 = VECTOR('',#3449,1.);
#3449 = DIRECTION('',(0.,1.,0.));
#3450 = ORIENTED_EDGE('',*,*,#3380,.F.);
#3451 = ORIENTED_EDGE('',*,*,#2332,.F.);
#3452 = ORIENTED_EDGE('',*,*,#3453,.T.);
#3453 = EDGE_CURVE('',#2333,#3454,#3456,.T.);
#3454 = VERTEX_POINT('',#3455);
#3455 = CARTESIAN_POINT('',(170.2,-13.612,3.81));
#3456 = LINE('',#3457,#3458);
#3457 = CARTESIAN_POINT('',(170.2,-13.612,7.005));
#3458 = VECTOR('',#3459,1.);
#3459 = DIRECTION('',(0.,0.,-1.));
#3460 = ORIENTED_EDGE('',*,*,#3461,.F.);
#3461 = EDGE_CURVE('',#3462,#3454,#3464,.T.);
#3462 = VERTEX_POINT('',#3463);
#3463 = CARTESIAN_POINT('',(170.2,-15.112,3.81));
#3464 = LINE('',#3465,#3466);
#3465 = CARTESIAN_POINT('',(170.2,-42.08365389635,3.81));
#3466 = VECTOR('',#3467,1.);
#3467 = DIRECTION('',(0.,1.,0.));
#3468 = ORIENTED_EDGE('',*,*,#3469,.F.);
#3469 = EDGE_CURVE('',#3470,#3462,#3472,.T.);
#3470 = VERTEX_POINT('',#3471);
#3471 = CARTESIAN_POINT('',(170.2,-15.112,5.01));
#3472 = LINE('',#3473,#3474);
#3473 = CARTESIAN_POINT('',(170.2,-15.112,7.005));
#3474 = VECTOR('',#3475,1.);
#3475 = DIRECTION('',(0.,0.,-1.));
#3476 = ORIENTED_EDGE('',*,*,#3477,.F.);
#3477 = EDGE_CURVE('',#3478,#3470,#3480,.T.);
#3478 = VERTEX_POINT('',#3479);
#3479 = CARTESIAN_POINT('',(170.2,-16.,5.01));
#3480 = LINE('',#3481,#3482);
#3481 = CARTESIAN_POINT('',(170.2,-42.00398850081,5.01));
#3482 = VECTOR('',#3483,1.);
#3483 = DIRECTION('',(0.,1.,0.));
#3484 = ORIENTED_EDGE('',*,*,#3485,.T.);
#3485 = EDGE_CURVE('',#3478,#3430,#3486,.T.);
#3486 = LINE('',#3487,#3488);
#3487 = CARTESIAN_POINT('',(170.2,-16.,7.005));
#3488 = VECTOR('',#3489,1.);
#3489 = DIRECTION('',(0.,0.,1.));
#3490 = PLANE('',#3491);
#3491 = AXIS2_PLACEMENT_3D('',#3492,#3493,#3494);
#3492 = CARTESIAN_POINT('',(170.2,-21.5,9.));
#3493 = DIRECTION('',(1.,0.,0.));
#3494 = DIRECTION('',(0.,1.,0.));
#3495 = ADVANCED_FACE('',(#3496),#3514,.T.);
#3496 = FACE_BOUND('',#3497,.T.);
#3497 = EDGE_LOOP('',(#3498,#3499,#3507,#3513));
#3498 = ORIENTED_EDGE('',*,*,#3413,.T.);
#3499 = ORIENTED_EDGE('',*,*,#3500,.T.);
#3500 = EDGE_CURVE('',#3406,#3501,#3503,.T.);
#3501 = VERTEX_POINT('',#3502);
#3502 = CARTESIAN_POINT('',(135.00348733163,-117.96,3.81));
#3503 = LINE('',#3504,#3505);
#3504 = CARTESIAN_POINT('',(16.95,-117.96,3.81));
#3505 = VECTOR('',#3506,1.);
#3506 = DIRECTION('',(1.,0.,0.));
#3507 = ORIENTED_EDGE('',*,*,#3508,.F.);
#3508 = EDGE_CURVE('',#2400,#3501,#3509,.T.);
#3509 = LINE('',#3510,#3511);
#3510 = CARTESIAN_POINT('',(135.00348733163,-117.96,5.01));
#3511 = VECTOR('',#3512,1.);
#3512 = DIRECTION('',(-0.,-0.,-1.));
#3513 = ORIENTED_EDGE('',*,*,#2407,.F.);
#3514 = PLANE('',#3515);
#3515 = AXIS2_PLACEMENT_3D('',#3516,#3517,#3518);
#3516 = CARTESIAN_POINT('',(16.95,-117.96,5.01));
#3517 = DIRECTION('',(0.,-1.,0.));
#3518 = DIRECTION('',(1.,0.,0.));
#3519 = ADVANCED_FACE('',(#3520),#3538,.T.);
#3520 = FACE_BOUND('',#3521,.T.);
#3521 = EDGE_LOOP('',(#3522,#3523,#3531,#3537));
#3522 = ORIENTED_EDGE('',*,*,#2340,.F.);
#3523 = ORIENTED_EDGE('',*,*,#3524,.T.);
#3524 = EDGE_CURVE('',#2341,#3525,#3527,.T.);
#3525 = VERTEX_POINT('',#3526);
#3526 = CARTESIAN_POINT('',(189.08,-13.612,3.81));
#3527 = LINE('',#3528,#3529);
#3528 = CARTESIAN_POINT('',(189.08,-13.612,5.01));
#3529 = VECTOR('',#3530,1.);
#3530 = DIRECTION('',(-0.,-0.,-1.));
#3531 = ORIENTED_EDGE('',*,*,#3532,.T.);
#3532 = EDGE_CURVE('',#3525,#3454,#3533,.T.);
#3533 = LINE('',#3534,#3535);
#3534 = CARTESIAN_POINT('',(189.08,-13.612,3.81));
#3535 = VECTOR('',#3536,1.);
#3536 = DIRECTION('',(-1.,0.,0.));
#3537 = ORIENTED_EDGE('',*,*,#3453,.F.);
#3538 = PLANE('',#3539);
#3539 = AXIS2_PLACEMENT_3D('',#3540,#3541,#3542);
#3540 = CARTESIAN_POINT('',(189.08,-13.612,5.01));
#3541 = DIRECTION('',(0.,1.,0.));
#3542 = DIRECTION('',(-1.,0.,0.));
#3543 = ADVANCED_FACE('',(#3544),#3562,.T.);
#3544 = FACE_BOUND('',#3545,.T.);
#3545 = EDGE_LOOP('',(#3546,#3547,#3548,#3556));
#3546 = ORIENTED_EDGE('',*,*,#2399,.F.);
#3547 = ORIENTED_EDGE('',*,*,#3508,.T.);
#3548 = ORIENTED_EDGE('',*,*,#3549,.T.);
#3549 = EDGE_CURVE('',#3501,#3550,#3552,.T.);
#3550 = VERTEX_POINT('',#3551);
#3551 = CARTESIAN_POINT('',(159.08763496669,-104.1302960059,3.81));
#3552 = LINE('',#3553,#3554);
#3553 = CARTESIAN_POINT('',(135.00348733163,-117.96,3.81));
#3554 = VECTOR('',#3555,1.);
#3555 = DIRECTION('',(0.867196823034,0.497965531057,0.));
#3556 = ORIENTED_EDGE('',*,*,#3557,.T.);
#3557 = EDGE_CURVE('',#3550,#2391,#3558,.T.);
#3558 = LINE('',#3559,#3560);
#3559 = CARTESIAN_POINT('',(159.08763496669,-104.1302960059,5.01));
#3560 = VECTOR('',#3561,1.);
#3561 = DIRECTION('',(0.,0.,1.));
#3562 = PLANE('',#3563);
#3563 = AXIS2_PLACEMENT_3D('',#3564,#3565,#3566);
#3564 = CARTESIAN_POINT('',(135.00348733163,-117.96,5.01));
#3565 = DIRECTION('',(0.497965531057,-0.867196823034,0.));
#3566 = DIRECTION('',(0.867196823034,0.497965531057,0.));
#3567 = ADVANCED_FACE('',(#3568),#3586,.T.);
#3568 = FACE_BOUND('',#3569,.T.);
#3569 = EDGE_LOOP('',(#3570,#3571,#3579,#3585));
#3570 = ORIENTED_EDGE('',*,*,#2348,.F.);
#3571 = ORIENTED_EDGE('',*,*,#3572,.F.);
#3572 = EDGE_CURVE('',#3573,#2349,#3575,.T.);
#3573 = VERTEX_POINT('',#3574);
#3574 = CARTESIAN_POINT('',(189.08,-25.316718427,3.81));
#3575 = LINE('',#3576,#3577);
#3576 = CARTESIAN_POINT('',(189.08,-25.316718427,5.01));
#3577 = VECTOR('',#3578,1.);
#3578 = DIRECTION('',(0.,0.,1.));
#3579 = ORIENTED_EDGE('',*,*,#3580,.T.);
#3580 = EDGE_CURVE('',#3573,#3525,#3581,.T.);
#3581 = LINE('',#3582,#3583);
#3582 = CARTESIAN_POINT('',(189.08,-86.90794972333,3.81));
#3583 = VECTOR('',#3584,1.);
#3584 = DIRECTION('',(0.,1.,0.));
#3585 = ORIENTED_EDGE('',*,*,#3524,.F.);
#3586 = PLANE('',#3587);
#3587 = AXIS2_PLACEMENT_3D('',#3588,#3589,#3590);
#3588 = CARTESIAN_POINT('',(189.08,-86.90794972333,5.01));
#3589 = DIRECTION('',(1.,0.,0.));
#3590 = DIRECTION('',(0.,1.,0.));
#3591 = ADVANCED_FACE('',(#3592),#3688,.T.);
#3592 = FACE_BOUND('',#3593,.T.);
#3593 = EDGE_LOOP('',(#3594,#3605,#3613,#3620,#3621,#3630,#3636,#3637,
    #3638,#3647,#3655,#3664,#3673,#3682));
#3594 = ORIENTED_EDGE('',*,*,#3595,.F.);
#3595 = EDGE_CURVE('',#3596,#3598,#3600,.T.);
#3596 = VERTEX_POINT('',#3597);
#3597 = CARTESIAN_POINT('',(163.87,-100.73,3.81));
#3598 = VERTEX_POINT('',#3599);
#3599 = CARTESIAN_POINT('',(163.72975546027,-99.73496625429,3.81));
#3600 = CIRCLE('',#3601,3.6);
#3601 = AXIS2_PLACEMENT_3D('',#3602,#3603,#3604);
#3602 = CARTESIAN_POINT('',(160.27,-100.73,3.81));
#3603 = DIRECTION('',(0.,0.,1.));
#3604 = DIRECTION('',(1.,0.,0.));
#3605 = ORIENTED_EDGE('',*,*,#3606,.T.);
#3606 = EDGE_CURVE('',#3596,#3607,#3609,.T.);
#3607 = VERTEX_POINT('',#3608);
#3608 = CARTESIAN_POINT('',(163.87,-100.73,-1.195));
#3609 = LINE('',#3610,#3611);
#3610 = CARTESIAN_POINT('',(163.87,-100.73,5.01));
#3611 = VECTOR('',#3612,1.);
#3612 = DIRECTION('',(-0.,-0.,-1.));
#3613 = ORIENTED_EDGE('',*,*,#3614,.T.);
#3614 = EDGE_CURVE('',#3607,#3607,#3615,.T.);
#3615 = CIRCLE('',#3616,3.6);
#3616 = AXIS2_PLACEMENT_3D('',#3617,#3618,#3619);
#3617 = CARTESIAN_POINT('',(160.27,-100.73,-1.195));
#3618 = DIRECTION('',(0.,0.,1.));
#3619 = DIRECTION('',(1.,0.,0.));
#3620 = ORIENTED_EDGE('',*,*,#3606,.F.);
#3621 = ORIENTED_EDGE('',*,*,#3622,.F.);
#3622 = EDGE_CURVE('',#3623,#3596,#3625,.T.);
#3623 = VERTEX_POINT('',#3624);
#3624 = CARTESIAN_POINT('',(163.80271140998,-101.4227843053,3.81));
#3625 = CIRCLE('',#3626,3.6);
#3626 = AXIS2_PLACEMENT_3D('',#3627,#3628,#3629);
#3627 = CARTESIAN_POINT('',(160.27,-100.73,3.81));
#3628 = DIRECTION('',(0.,0.,1.));
#3629 = DIRECTION('',(1.,0.,0.));
#3630 = ORIENTED_EDGE('',*,*,#3631,.T.);
#3631 = EDGE_CURVE('',#3623,#2383,#3632,.T.);
#3632 = LINE('',#3633,#3634);
#3633 = CARTESIAN_POINT('',(163.80271140998,-101.4227843053,5.01));
#3634 = VECTOR('',#3635,1.);
#3635 = DIRECTION('',(0.,0.,1.));
#3636 = ORIENTED_EDGE('',*,*,#2390,.F.);
#3637 = ORIENTED_EDGE('',*,*,#3557,.F.);
#3638 = ORIENTED_EDGE('',*,*,#3639,.F.);
#3639 = EDGE_CURVE('',#3640,#3550,#3642,.T.);
#3640 = VERTEX_POINT('',#3641);
#3641 = CARTESIAN_POINT('',(157.66669432323,-103.2165235879,3.81));
#3642 = CIRCLE('',#3643,3.6);
#3643 = AXIS2_PLACEMENT_3D('',#3644,#3645,#3646);
#3644 = CARTESIAN_POINT('',(160.27,-100.73,3.81));
#3645 = DIRECTION('',(0.,0.,1.));
#3646 = DIRECTION('',(1.,0.,0.));
#3647 = ORIENTED_EDGE('',*,*,#3648,.T.);
#3648 = EDGE_CURVE('',#3640,#3649,#3651,.T.);
#3649 = VERTEX_POINT('',#3650);
#3650 = CARTESIAN_POINT('',(157.66669432323,-103.2165235879,5.01));
#3651 = LINE('',#3652,#3653);
#3652 = CARTESIAN_POINT('',(157.66669432323,-103.2165235879,5.01));
#3653 = VECTOR('',#3654,1.);
#3654 = DIRECTION('',(0.,0.,1.));
#3655 = ORIENTED_EDGE('',*,*,#3656,.F.);
#3656 = EDGE_CURVE('',#3657,#3649,#3659,.T.);
#3657 = VERTEX_POINT('',#3658);
#3658 = CARTESIAN_POINT('',(156.70520509434,-101.2322322974,5.01));
#3659 = CIRCLE('',#3660,3.6);
#3660 = AXIS2_PLACEMENT_3D('',#3661,#3662,#3663);
#3661 = CARTESIAN_POINT('',(160.27,-100.73,5.01));
#3662 = DIRECTION('',(0.,0.,1.));
#3663 = DIRECTION('',(1.,0.,0.));
#3664 = ORIENTED_EDGE('',*,*,#3665,.F.);
#3665 = EDGE_CURVE('',#3666,#3657,#3668,.T.);
#3666 = VERTEX_POINT('',#3667);
#3667 = CARTESIAN_POINT('',(162.44096457146,-97.85825613443,5.01));
#3668 = CIRCLE('',#3669,3.6);
#3669 = AXIS2_PLACEMENT_3D('',#3670,#3671,#3672);
#3670 = CARTESIAN_POINT('',(160.27,-100.73,5.01));
#3671 = DIRECTION('',(0.,0.,1.));
#3672 = DIRECTION('',(1.,0.,0.));
#3673 = ORIENTED_EDGE('',*,*,#3674,.F.);
#3674 = EDGE_CURVE('',#3675,#3666,#3677,.T.);
#3675 = VERTEX_POINT('',#3676);
#3676 = CARTESIAN_POINT('',(163.72975546027,-99.73496625429,5.01));
#3677 = CIRCLE('',#3678,3.6);
#3678 = AXIS2_PLACEMENT_3D('',#3679,#3680,#3681);
#3679 = CARTESIAN_POINT('',(160.27,-100.73,5.01));
#3680 = DIRECTION('',(0.,0.,1.));
#3681 = DIRECTION('',(1.,0.,0.));
#3682 = ORIENTED_EDGE('',*,*,#3683,.F.);
#3683 = EDGE_CURVE('',#3598,#3675,#3684,.T.);
#3684 = LINE('',#3685,#3686);
#3685 = CARTESIAN_POINT('',(163.72975546027,-99.73496625429,5.01));
#3686 = VECTOR('',#3687,1.);
#3687 = DIRECTION('',(0.,0.,1.));
#3688 = CYLINDRICAL_SURFACE('',#3689,3.6);
#3689 = AXIS2_PLACEMENT_3D('',#3690,#3691,#3692);
#3690 = CARTESIAN_POINT('',(160.27,-100.73,5.01));
#3691 = DIRECTION('',(0.,0.,1.));
#3692 = DIRECTION('',(1.,0.,0.));
#3693 = ADVANCED_FACE('',(#3694),#3782,.T.);
#3694 = FACE_BOUND('',#3695,.T.);
#3695 = EDGE_LOOP('',(#3696,#3697,#3705,#3712,#3713,#3714,#3722,#3731,
    #3739,#3748,#3757,#3766,#3774,#3781));
#3696 = ORIENTED_EDGE('',*,*,#2356,.F.);
#3697 = ORIENTED_EDGE('',*,*,#3698,.T.);
#3698 = EDGE_CURVE('',#2357,#3699,#3701,.T.);
#3699 = VERTEX_POINT('',#3700);
#3700 = CARTESIAN_POINT('',(190.28,-28.,-1.195));
#3701 = LINE('',#3702,#3703);
#3702 = CARTESIAN_POINT('',(190.28,-28.,5.01));
#3703 = VECTOR('',#3704,1.);
#3704 = DIRECTION('',(-0.,-0.,-1.));
#3705 = ORIENTED_EDGE('',*,*,#3706,.T.);
#3706 = EDGE_CURVE('',#3699,#3699,#3707,.T.);
#3707 = CIRCLE('',#3708,3.6);
#3708 = AXIS2_PLACEMENT_3D('',#3709,#3710,#3711);
#3709 = CARTESIAN_POINT('',(186.68,-28.,-1.195));
#3710 = DIRECTION('',(0.,0.,1.));
#3711 = DIRECTION('',(1.,0.,0.));
#3712 = ORIENTED_EDGE('',*,*,#3698,.F.);
#3713 = ORIENTED_EDGE('',*,*,#2365,.F.);
#3714 = ORIENTED_EDGE('',*,*,#3715,.F.);
#3715 = EDGE_CURVE('',#3716,#2366,#3718,.T.);
#3716 = VERTEX_POINT('',#3717);
#3717 = CARTESIAN_POINT('',(189.08,-30.68328157299,3.81));
#3718 = LINE('',#3719,#3720);
#3719 = CARTESIAN_POINT('',(189.08,-30.683281573,5.01));
#3720 = VECTOR('',#3721,1.);
#3721 = DIRECTION('',(0.,0.,1.));
#3722 = ORIENTED_EDGE('',*,*,#3723,.F.);
#3723 = EDGE_CURVE('',#3724,#3716,#3726,.T.);
#3724 = VERTEX_POINT('',#3725);
#3725 = CARTESIAN_POINT('',(187.58,-31.48568501158,3.81));
#3726 = CIRCLE('',#3727,3.6);
#3727 = AXIS2_PLACEMENT_3D('',#3728,#3729,#3730);
#3728 = CARTESIAN_POINT('',(186.68,-28.,3.81));
#3729 = DIRECTION('',(0.,0.,1.));
#3730 = DIRECTION('',(1.,0.,0.));
#3731 = ORIENTED_EDGE('',*,*,#3732,.T.);
#3732 = EDGE_CURVE('',#3724,#3733,#3735,.T.);
#3733 = VERTEX_POINT('',#3734);
#3734 = CARTESIAN_POINT('',(187.58,-31.48568501158,5.01));
#3735 = LINE('',#3736,#3737);
#3736 = CARTESIAN_POINT('',(187.58,-31.48568501158,5.01));
#3737 = VECTOR('',#3738,1.);
#3738 = DIRECTION('',(0.,0.,1.));
#3739 = ORIENTED_EDGE('',*,*,#3740,.F.);
#3740 = EDGE_CURVE('',#3741,#3733,#3743,.T.);
#3741 = VERTEX_POINT('',#3742);
#3742 = CARTESIAN_POINT('',(186.,-31.53519447838,5.01));
#3743 = CIRCLE('',#3744,3.6);
#3744 = AXIS2_PLACEMENT_3D('',#3745,#3746,#3747);
#3745 = CARTESIAN_POINT('',(186.68,-28.,5.01));
#3746 = DIRECTION('',(0.,0.,1.));
#3747 = DIRECTION('',(1.,0.,0.));
#3748 = ORIENTED_EDGE('',*,*,#3749,.F.);
#3749 = EDGE_CURVE('',#3750,#3741,#3752,.T.);
#3750 = VERTEX_POINT('',#3751);
#3751 = CARTESIAN_POINT('',(186.,-24.46480552161,5.01));
#3752 = CIRCLE('',#3753,3.6);
#3753 = AXIS2_PLACEMENT_3D('',#3754,#3755,#3756);
#3754 = CARTESIAN_POINT('',(186.68,-28.,5.01));
#3755 = DIRECTION('',(0.,0.,1.));
#3756 = DIRECTION('',(1.,0.,0.));
#3757 = ORIENTED_EDGE('',*,*,#3758,.F.);
#3758 = EDGE_CURVE('',#3759,#3750,#3761,.T.);
#3759 = VERTEX_POINT('',#3760);
#3760 = CARTESIAN_POINT('',(187.58,-24.51431498841,5.01));
#3761 = CIRCLE('',#3762,3.6);
#3762 = AXIS2_PLACEMENT_3D('',#3763,#3764,#3765);
#3763 = CARTESIAN_POINT('',(186.68,-28.,5.01));
#3764 = DIRECTION('',(0.,0.,1.));
#3765 = DIRECTION('',(1.,0.,0.));
#3766 = ORIENTED_EDGE('',*,*,#3767,.F.);
#3767 = EDGE_CURVE('',#3768,#3759,#3770,.T.);
#3768 = VERTEX_POINT('',#3769);
#3769 = CARTESIAN_POINT('',(187.58,-24.51431498841,3.81));
#3770 = LINE('',#3771,#3772);
#3771 = CARTESIAN_POINT('',(187.58,-24.51431498841,5.01));
#3772 = VECTOR('',#3773,1.);
#3773 = DIRECTION('',(0.,0.,1.));
#3774 = ORIENTED_EDGE('',*,*,#3775,.F.);
#3775 = EDGE_CURVE('',#3573,#3768,#3776,.T.);
#3776 = CIRCLE('',#3777,3.6);
#3777 = AXIS2_PLACEMENT_3D('',#3778,#3779,#3780);
#3778 = CARTESIAN_POINT('',(186.68,-28.,3.81));
#3779 = DIRECTION('',(0.,0.,1.));
#3780 = DIRECTION('',(1.,0.,0.));
#3781 = ORIENTED_EDGE('',*,*,#3572,.T.);
#3782 = CYLINDRICAL_SURFACE('',#3783,3.6);
#3783 = AXIS2_PLACEMENT_3D('',#3784,#3785,#3786);
#3784 = CARTESIAN_POINT('',(186.68,-28.,5.01));
#3785 = DIRECTION('',(0.,0.,1.));
#3786 = DIRECTION('',(1.,0.,0.));
#3787 = ADVANCED_FACE('',(#3788),#3806,.T.);
#3788 = FACE_BOUND('',#3789,.T.);
#3789 = EDGE_LOOP('',(#3790,#3791,#3792,#3800));
#3790 = ORIENTED_EDGE('',*,*,#2382,.F.);
#3791 = ORIENTED_EDGE('',*,*,#3631,.F.);
#3792 = ORIENTED_EDGE('',*,*,#3793,.T.);
#3793 = EDGE_CURVE('',#3623,#3794,#3796,.T.);
#3794 = VERTEX_POINT('',#3795);
#3795 = CARTESIAN_POINT('',(189.08,-86.90794972333,3.81));
#3796 = LINE('',#3797,#3798);
#3797 = CARTESIAN_POINT('',(135.00348733163,-117.96,3.81));
#3798 = VECTOR('',#3799,1.);
#3799 = DIRECTION('',(0.867196823034,0.497965531057,0.));
#3800 = ORIENTED_EDGE('',*,*,#3801,.F.);
#3801 = EDGE_CURVE('',#2375,#3794,#3802,.T.);
#3802 = LINE('',#3803,#3804);
#3803 = CARTESIAN_POINT('',(189.08,-86.90794972333,5.01));
#3804 = VECTOR('',#3805,1.);
#3805 = DIRECTION('',(-0.,-0.,-1.));
#3806 = PLANE('',#3807);
#3807 = AXIS2_PLACEMENT_3D('',#3808,#3809,#3810);
#3808 = CARTESIAN_POINT('',(135.00348733163,-117.96,5.01));
#3809 = DIRECTION('',(0.497965531057,-0.867196823034,0.));
#3810 = DIRECTION('',(0.867196823034,0.497965531057,0.));
#3811 = ADVANCED_FACE('',(#3812),#3823,.T.);
#3812 = FACE_BOUND('',#3813,.T.);
#3813 = EDGE_LOOP('',(#3814,#3815,#3816,#3822));
#3814 = ORIENTED_EDGE('',*,*,#2374,.F.);
#3815 = ORIENTED_EDGE('',*,*,#3801,.T.);
#3816 = ORIENTED_EDGE('',*,*,#3817,.T.);
#3817 = EDGE_CURVE('',#3794,#3716,#3818,.T.);
#3818 = LINE('',#3819,#3820);
#3819 = CARTESIAN_POINT('',(189.08,-86.90794972333,3.81));
#3820 = VECTOR('',#3821,1.);
#3821 = DIRECTION('',(0.,1.,0.));
#3822 = ORIENTED_EDGE('',*,*,#3715,.T.);
#3823 = PLANE('',#3824);
#3824 = AXIS2_PLACEMENT_3D('',#3825,#3826,#3827);
#3825 = CARTESIAN_POINT('',(189.08,-86.90794972333,5.01));
#3826 = DIRECTION('',(1.,0.,0.));
#3827 = DIRECTION('',(0.,1.,0.));
#3828 = ADVANCED_FACE('',(#3829),#3854,.F.);
#3829 = FACE_BOUND('',#3830,.F.);
#3830 = EDGE_LOOP('',(#3831,#3832,#3833,#3841,#3847,#3853));
#3831 = ORIENTED_EDGE('',*,*,#2805,.F.);
#3832 = ORIENTED_EDGE('',*,*,#2823,.T.);
#3833 = ORIENTED_EDGE('',*,*,#3834,.T.);
#3834 = EDGE_CURVE('',#2824,#3835,#3837,.T.);
#3835 = VERTEX_POINT('',#3836);
#3836 = CARTESIAN_POINT('',(155.6,-16.,9.));
#3837 = LINE('',#3838,#3839);
#3838 = CARTESIAN_POINT('',(155.6,-16.,7.005));
#3839 = VECTOR('',#3840,1.);
#3840 = DIRECTION('',(0.,0.,1.));
#3841 = ORIENTED_EDGE('',*,*,#3842,.F.);
#3842 = EDGE_CURVE('',#2840,#3835,#3843,.T.);
#3843 = LINE('',#3844,#3845);
#3844 = CARTESIAN_POINT('',(155.6,-21.5,9.));
#3845 = VECTOR('',#3846,1.);
#3846 = DIRECTION('',(0.,1.,0.));
#3847 = ORIENTED_EDGE('',*,*,#3848,.T.);
#3848 = EDGE_CURVE('',#2840,#2616,#3849,.T.);
#3849 = LINE('',#3850,#3851);
#3850 = CARTESIAN_POINT('',(155.6,-20.912,8.8));
#3851 = VECTOR('',#3852,1.);
#3852 = DIRECTION('',(0.,2.22044604925E-16,1.));
#3853 = ORIENTED_EDGE('',*,*,#2623,.F.);
#3854 = PLANE('',#3855);
#3855 = AXIS2_PLACEMENT_3D('',#3856,#3857,#3858);
#3856 = CARTESIAN_POINT('',(155.6,-11.312,8.8));
#3857 = DIRECTION('',(-1.,0.,0.));
#3858 = DIRECTION('',(0.,2.22044604925E-16,1.));
#3859 = ADVANCED_FACE('',(#3860),#3876,.T.);
#3860 = FACE_BOUND('',#3861,.T.);
#3861 = EDGE_LOOP('',(#3862,#3868,#3874,#3875));
#3862 = ORIENTED_EDGE('',*,*,#3863,.T.);
#3863 = EDGE_CURVE('',#2608,#3258,#3864,.T.);
#3864 = LINE('',#3865,#3866);
#3865 = CARTESIAN_POINT('',(168.2,-20.912,11.));
#3866 = VECTOR('',#3867,1.);
#3867 = DIRECTION('',(0.,-2.22044604925E-16,-1.));
#3868 = ORIENTED_EDGE('',*,*,#3869,.T.);
#3869 = EDGE_CURVE('',#3258,#2840,#3870,.T.);
#3870 = LINE('',#3871,#3872);
#3871 = CARTESIAN_POINT('',(152.33173934792,-20.912,9.));
#3872 = VECTOR('',#3873,1.);
#3873 = DIRECTION('',(-1.,0.,0.));
#3874 = ORIENTED_EDGE('',*,*,#3848,.T.);
#3875 = ORIENTED_EDGE('',*,*,#2615,.T.);
#3876 = PLANE('',#3877);
#3877 = AXIS2_PLACEMENT_3D('',#3878,#3879,#3880);
#3878 = CARTESIAN_POINT('',(161.9,-20.912,9.9));
#3879 = DIRECTION('',(0.,1.,-8.074349270001E-16));
#3880 = DIRECTION('',(0.,8.074349270001E-16,1.));
#3881 = ADVANCED_FACE('',(#3882),#3902,.F.);
#3882 = FACE_BOUND('',#3883,.F.);
#3883 = EDGE_LOOP('',(#3884,#3885,#3886,#3887,#3895,#3901));
#3884 = ORIENTED_EDGE('',*,*,#3185,.F.);
#3885 = ORIENTED_EDGE('',*,*,#2607,.T.);
#3886 = ORIENTED_EDGE('',*,*,#3863,.T.);
#3887 = ORIENTED_EDGE('',*,*,#3888,.F.);
#3888 = EDGE_CURVE('',#3889,#3258,#3891,.T.);
#3889 = VERTEX_POINT('',#3890);
#3890 = CARTESIAN_POINT('',(168.2,-16.,9.));
#3891 = LINE('',#3892,#3893);
#3892 = CARTESIAN_POINT('',(168.2,-13.512,9.));
#3893 = VECTOR('',#3894,1.);
#3894 = DIRECTION('',(0.,-1.,0.));
#3895 = ORIENTED_EDGE('',*,*,#3896,.T.);
#3896 = EDGE_CURVE('',#3889,#3274,#3897,.T.);
#3897 = LINE('',#3898,#3899);
#3898 = CARTESIAN_POINT('',(168.2,-16.,7.005));
#3899 = VECTOR('',#3900,1.);
#3900 = DIRECTION('',(-0.,-0.,-1.));
#3901 = ORIENTED_EDGE('',*,*,#3281,.F.);
#3902 = PLANE('',#3903);
#3903 = AXIS2_PLACEMENT_3D('',#3904,#3905,#3906);
#3904 = CARTESIAN_POINT('',(168.2,-11.312,11.));
#3905 = DIRECTION('',(1.,0.,0.));
#3906 = DIRECTION('',(0.,-2.22044604925E-16,-1.));
#3907 = ADVANCED_FACE('',(#3908),#3927,.F.);
#3908 = FACE_BOUND('',#3909,.F.);
#3909 = EDGE_LOOP('',(#3910,#3918,#3925,#3926));
#3910 = ORIENTED_EDGE('',*,*,#3911,.T.);
#3911 = EDGE_CURVE('',#2657,#3912,#3914,.T.);
#3912 = VERTEX_POINT('',#3913);
#3913 = CARTESIAN_POINT('',(132.6,-80.25,9.));
#3914 = LINE('',#3915,#3916);
#3915 = CARTESIAN_POINT('',(132.6,-80.25,11.));
#3916 = VECTOR('',#3917,1.);
#3917 = DIRECTION('',(-0.,-0.,-1.));
#3918 = ORIENTED_EDGE('',*,*,#3919,.T.);
#3919 = EDGE_CURVE('',#3912,#3912,#3920,.T.);
#3920 = CIRCLE('',#3921,4.6);
#3921 = AXIS2_PLACEMENT_3D('',#3922,#3923,#3924);
#3922 = CARTESIAN_POINT('',(128.,-80.25,9.));
#3923 = DIRECTION('',(0.,0.,1.));
#3924 = DIRECTION('',(1.,0.,0.));
#3925 = ORIENTED_EDGE('',*,*,#3911,.F.);
#3926 = ORIENTED_EDGE('',*,*,#2656,.F.);
#3927 = CYLINDRICAL_SURFACE('',#3928,4.6);
#3928 = AXIS2_PLACEMENT_3D('',#3929,#3930,#3931);
#3929 = CARTESIAN_POINT('',(128.,-80.25,11.));
#3930 = DIRECTION('',(0.,0.,1.));
#3931 = DIRECTION('',(1.,0.,0.));
#3932 = ADVANCED_FACE('',(#3933),#3974,.F.);
#3933 = FACE_BOUND('',#3934,.F.);
#3934 = EDGE_LOOP('',(#3935,#3936,#3944,#3952,#3960,#3968));
#3935 = ORIENTED_EDGE('',*,*,#2667,.F.);
#3936 = ORIENTED_EDGE('',*,*,#3937,.T.);
#3937 = EDGE_CURVE('',#2668,#3938,#3940,.T.);
#3938 = VERTEX_POINT('',#3939);
#3939 = CARTESIAN_POINT('',(27.5,-105.85,9.));
#3940 = LINE('',#3941,#3942);
#3941 = CARTESIAN_POINT('',(27.5,-105.85,11.));
#3942 = VECTOR('',#3943,1.);
#3943 = DIRECTION('',(-0.,-0.,-1.));
#3944 = ORIENTED_EDGE('',*,*,#3945,.F.);
#3945 = EDGE_CURVE('',#3946,#3938,#3948,.T.);
#3946 = VERTEX_POINT('',#3947);
#3947 = CARTESIAN_POINT('',(30.472793299239,-105.85,9.));
#3948 = LINE('',#3949,#3950);
#3949 = CARTESIAN_POINT('',(52.625,-105.85,9.));
#3950 = VECTOR('',#3951,1.);
#3951 = DIRECTION('',(-1.,0.,0.));
#3952 = ORIENTED_EDGE('',*,*,#3953,.F.);
#3953 = EDGE_CURVE('',#3954,#3946,#3956,.T.);
#3954 = VERTEX_POINT('',#3955);
#3955 = CARTESIAN_POINT('',(30.472793299239,-105.85,6.51));
#3956 = LINE('',#3957,#3958);
#3957 = CARTESIAN_POINT('',(30.472793299239,-105.85,9.));
#3958 = VECTOR('',#3959,1.);
#3959 = DIRECTION('',(0.,0.,1.));
#3960 = ORIENTED_EDGE('',*,*,#3961,.T.);
#3961 = EDGE_CURVE('',#3954,#3962,#3964,.T.);
#3962 = VERTEX_POINT('',#3963);
#3963 = CARTESIAN_POINT('',(105.85,-105.85,6.51));
#3964 = LINE('',#3965,#3966);
#3965 = CARTESIAN_POINT('',(27.5,-105.85,6.51));
#3966 = VECTOR('',#3967,1.);
#3967 = DIRECTION('',(1.,0.,0.));
#3968 = ORIENTED_EDGE('',*,*,#3969,.F.);
#3969 = EDGE_CURVE('',#2670,#3962,#3970,.T.);
#3970 = LINE('',#3971,#3972);
#3971 = CARTESIAN_POINT('',(105.85,-105.85,11.));
#3972 = VECTOR('',#3973,1.);
#3973 = DIRECTION('',(-0.,-0.,-1.));
#3974 = PLANE('',#3975);
#3975 = AXIS2_PLACEMENT_3D('',#3976,#3977,#3978);
#3976 = CARTESIAN_POINT('',(27.5,-105.85,11.));
#3977 = DIRECTION('',(0.,-1.,0.));
#3978 = DIRECTION('',(1.,0.,0.));
#3979 = ADVANCED_FACE('',(#3980),#4030,.F.);
#3980 = FACE_BOUND('',#3981,.F.);
#3981 = EDGE_LOOP('',(#3982,#3983,#3991,#3999,#4007,#4015,#4023,#4029));
#3982 = ORIENTED_EDGE('',*,*,#2677,.F.);
#3983 = ORIENTED_EDGE('',*,*,#3984,.T.);
#3984 = EDGE_CURVE('',#2678,#3985,#3987,.T.);
#3985 = VERTEX_POINT('',#3986);
#3986 = CARTESIAN_POINT('',(27.5,-27.5,9.));
#3987 = LINE('',#3988,#3989);
#3988 = CARTESIAN_POINT('',(27.5,-27.5,11.));
#3989 = VECTOR('',#3990,1.);
#3990 = DIRECTION('',(-0.,-0.,-1.));
#3991 = ORIENTED_EDGE('',*,*,#3992,.F.);
#3992 = EDGE_CURVE('',#3993,#3985,#3995,.T.);
#3993 = VERTEX_POINT('',#3994);
#3994 = CARTESIAN_POINT('',(27.5,-28.4,9.));
#3995 = LINE('',#3996,#3997);
#3996 = CARTESIAN_POINT('',(27.5,-40.,9.));
#3997 = VECTOR('',#3998,1.);
#3998 = DIRECTION('',(0.,1.,0.));
#3999 = ORIENTED_EDGE('',*,*,#4000,.F.);
#4000 = EDGE_CURVE('',#4001,#3993,#4003,.T.);
#4001 = VERTEX_POINT('',#4002);
#4002 = CARTESIAN_POINT('',(27.5,-28.4,6.51));
#4003 = LINE('',#4004,#4005);
#4004 = CARTESIAN_POINT('',(27.5,-28.4,9.));
#4005 = VECTOR('',#4006,1.);
#4006 = DIRECTION('',(0.,0.,1.));
#4007 = ORIENTED_EDGE('',*,*,#4008,.T.);
#4008 = EDGE_CURVE('',#4001,#4009,#4011,.T.);
#4009 = VERTEX_POINT('',#4010);
#4010 = CARTESIAN_POINT('',(27.5,-104.1,6.51));
#4011 = LINE('',#4012,#4013);
#4012 = CARTESIAN_POINT('',(27.5,-27.5,6.51));
#4013 = VECTOR('',#4014,1.);
#4014 = DIRECTION('',(0.,-1.,0.));
#4015 = ORIENTED_EDGE('',*,*,#4016,.T.);
#4016 = EDGE_CURVE('',#4009,#4017,#4019,.T.);
#4017 = VERTEX_POINT('',#4018);
#4018 = CARTESIAN_POINT('',(27.5,-104.1,9.));
#4019 = LINE('',#4020,#4021);
#4020 = CARTESIAN_POINT('',(27.5,-104.1,9.));
#4021 = VECTOR('',#4022,1.);
#4022 = DIRECTION('',(0.,0.,1.));
#4023 = ORIENTED_EDGE('',*,*,#4024,.F.);
#4024 = EDGE_CURVE('',#3938,#4017,#4025,.T.);
#4025 = LINE('',#4026,#4027);
#4026 = CARTESIAN_POINT('',(27.5,-40.,9.));
#4027 = VECTOR('',#4028,1.);
#4028 = DIRECTION('',(0.,1.,0.));
#4029 = ORIENTED_EDGE('',*,*,#3937,.F.);
#4030 = PLANE('',#4031);
#4031 = AXIS2_PLACEMENT_3D('',#4032,#4033,#4034);
#4032 = CARTESIAN_POINT('',(27.5,-27.5,11.));
#4033 = DIRECTION('',(-1.,0.,0.));
#4034 = DIRECTION('',(0.,-1.,0.));
#4035 = ADVANCED_FACE('',(#4036),#4054,.F.);
#4036 = FACE_BOUND('',#4037,.F.);
#4037 = EDGE_LOOP('',(#4038,#4039,#4047,#4053));
#4038 = ORIENTED_EDGE('',*,*,#3969,.T.);
#4039 = ORIENTED_EDGE('',*,*,#4040,.T.);
#4040 = EDGE_CURVE('',#3962,#4041,#4043,.T.);
#4041 = VERTEX_POINT('',#4042);
#4042 = CARTESIAN_POINT('',(105.85,-27.5,6.51));
#4043 = LINE('',#4044,#4045);
#4044 = CARTESIAN_POINT('',(105.85,-105.85,6.51));
#4045 = VECTOR('',#4046,1.);
#4046 = DIRECTION('',(0.,1.,0.));
#4047 = ORIENTED_EDGE('',*,*,#4048,.F.);
#4048 = EDGE_CURVE('',#2686,#4041,#4049,.T.);
#4049 = LINE('',#4050,#4051);
#4050 = CARTESIAN_POINT('',(105.85,-27.5,11.));
#4051 = VECTOR('',#4052,1.);
#4052 = DIRECTION('',(-0.,-0.,-1.));
#4053 = ORIENTED_EDGE('',*,*,#2693,.F.);
#4054 = PLANE('',#4055);
#4055 = AXIS2_PLACEMENT_3D('',#4056,#4057,#4058);
#4056 = CARTESIAN_POINT('',(105.85,-105.85,11.));
#4057 = DIRECTION('',(1.,0.,0.));
#4058 = DIRECTION('',(0.,1.,0.));
#4059 = ADVANCED_FACE('',(#4060),#4087,.F.);
#4060 = FACE_BOUND('',#4061,.F.);
#4061 = EDGE_LOOP('',(#4062,#4063,#4064,#4072,#4080,#4086));
#4062 = ORIENTED_EDGE('',*,*,#2685,.F.);
#4063 = ORIENTED_EDGE('',*,*,#4048,.T.);
#4064 = ORIENTED_EDGE('',*,*,#4065,.T.);
#4065 = EDGE_CURVE('',#4041,#4066,#4068,.T.);
#4066 = VERTEX_POINT('',#4067);
#4067 = CARTESIAN_POINT('',(29.804343724361,-27.5,6.51));
#4068 = LINE('',#4069,#4070);
#4069 = CARTESIAN_POINT('',(105.85,-27.5,6.51));
#4070 = VECTOR('',#4071,1.);
#4071 = DIRECTION('',(-1.,0.,0.));
#4072 = ORIENTED_EDGE('',*,*,#4073,.T.);
#4073 = EDGE_CURVE('',#4066,#4074,#4076,.T.);
#4074 = VERTEX_POINT('',#4075);
#4075 = CARTESIAN_POINT('',(29.804343724361,-27.5,9.));
#4076 = LINE('',#4077,#4078);
#4077 = CARTESIAN_POINT('',(29.804343724361,-27.5,9.));
#4078 = VECTOR('',#4079,1.);
#4079 = DIRECTION('',(0.,0.,1.));
#4080 = ORIENTED_EDGE('',*,*,#4081,.F.);
#4081 = EDGE_CURVE('',#3985,#4074,#4082,.T.);
#4082 = LINE('',#4083,#4084);
#4083 = CARTESIAN_POINT('',(91.8,-27.5,9.));
#4084 = VECTOR('',#4085,1.);
#4085 = DIRECTION('',(1.,0.,0.));
#4086 = ORIENTED_EDGE('',*,*,#3984,.F.);
#4087 = PLANE('',#4088);
#4088 = AXIS2_PLACEMENT_3D('',#4089,#4090,#4091);
#4089 = CARTESIAN_POINT('',(105.85,-27.5,11.));
#4090 = DIRECTION('',(0.,1.,0.));
#4091 = DIRECTION('',(-1.,0.,0.));
#4092 = ADVANCED_FACE('',(#4093),#4112,.F.);
#4093 = FACE_BOUND('',#4094,.F.);
#4094 = EDGE_LOOP('',(#4095,#4103,#4110,#4111));
#4095 = ORIENTED_EDGE('',*,*,#4096,.T.);
#4096 = EDGE_CURVE('',#2702,#4097,#4099,.T.);
#4097 = VERTEX_POINT('',#4098);
#4098 = CARTESIAN_POINT('',(122.1,-52.872,9.));
#4099 = LINE('',#4100,#4101);
#4100 = CARTESIAN_POINT('',(122.1,-52.872,11.));
#4101 = VECTOR('',#4102,1.);
#4102 = DIRECTION('',(-0.,-0.,-1.));
#4103 = ORIENTED_EDGE('',*,*,#4104,.T.);
#4104 = EDGE_CURVE('',#4097,#4097,#4105,.T.);
#4105 = CIRCLE('',#4106,4.6);
#4106 = AXIS2_PLACEMENT_3D('',#4107,#4108,#4109);
#4107 = CARTESIAN_POINT('',(117.5,-52.872,9.));
#4108 = DIRECTION('',(0.,0.,1.));
#4109 = DIRECTION('',(1.,0.,0.));
#4110 = ORIENTED_EDGE('',*,*,#4096,.F.);
#4111 = ORIENTED_EDGE('',*,*,#2701,.F.);
#4112 = CYLINDRICAL_SURFACE('',#4113,4.6);
#4113 = AXIS2_PLACEMENT_3D('',#4114,#4115,#4116);
#4114 = CARTESIAN_POINT('',(117.5,-52.872,11.));
#4115 = DIRECTION('',(0.,0.,1.));
#4116 = DIRECTION('',(1.,0.,0.));
#4117 = ADVANCED_FACE('',(#4118),#4137,.F.);
#4118 = FACE_BOUND('',#4119,.F.);
#4119 = EDGE_LOOP('',(#4120,#4128,#4135,#4136));
#4120 = ORIENTED_EDGE('',*,*,#4121,.T.);
#4121 = EDGE_CURVE('',#2713,#4122,#4124,.T.);
#4122 = VERTEX_POINT('',#4123);
#4123 = CARTESIAN_POINT('',(143.1,-52.872,9.));
#4124 = LINE('',#4125,#4126);
#4125 = CARTESIAN_POINT('',(143.1,-52.872,11.));
#4126 = VECTOR('',#4127,1.);
#4127 = DIRECTION('',(-0.,-0.,-1.));
#4128 = ORIENTED_EDGE('',*,*,#4129,.T.);
#4129 = EDGE_CURVE('',#4122,#4122,#4130,.T.);
#4130 = CIRCLE('',#4131,4.6);
#4131 = AXIS2_PLACEMENT_3D('',#4132,#4133,#4134);
#4132 = CARTESIAN_POINT('',(138.5,-52.872,9.));
#4133 = DIRECTION('',(0.,0.,1.));
#4134 = DIRECTION('',(1.,0.,0.));
#4135 = ORIENTED_EDGE('',*,*,#4121,.F.);
#4136 = ORIENTED_EDGE('',*,*,#2712,.F.);
#4137 = CYLINDRICAL_SURFACE('',#4138,4.6);
#4138 = AXIS2_PLACEMENT_3D('',#4139,#4140,#4141);
#4139 = CARTESIAN_POINT('',(138.5,-52.872,11.));
#4140 = DIRECTION('',(0.,0.,1.));
#4141 = DIRECTION('',(1.,0.,0.));
#4142 = ADVANCED_FACE('',(#4143),#4168,.T.);
#4143 = FACE_BOUND('',#4144,.T.);
#4144 = EDGE_LOOP('',(#4145,#4146,#4154,#4162));
#4145 = ORIENTED_EDGE('',*,*,#2723,.T.);
#4146 = ORIENTED_EDGE('',*,*,#4147,.T.);
#4147 = EDGE_CURVE('',#2726,#4148,#4150,.T.);
#4148 = VERTEX_POINT('',#4149);
#4149 = CARTESIAN_POINT('',(139.,-39.695,7.));
#4150 = LINE('',#4151,#4152);
#4151 = CARTESIAN_POINT('',(139.,-39.695,11.));
#4152 = VECTOR('',#4153,1.);
#4153 = DIRECTION('',(-0.,-0.,-1.));
#4154 = ORIENTED_EDGE('',*,*,#4155,.F.);
#4155 = EDGE_CURVE('',#4156,#4148,#4158,.T.);
#4156 = VERTEX_POINT('',#4157);
#4157 = CARTESIAN_POINT('',(114.2,-39.695,7.));
#4158 = LINE('',#4159,#4160);
#4159 = CARTESIAN_POINT('',(114.2,-39.695,7.));
#4160 = VECTOR('',#4161,1.);
#4161 = DIRECTION('',(1.,0.,0.));
#4162 = ORIENTED_EDGE('',*,*,#4163,.F.);
#4163 = EDGE_CURVE('',#2724,#4156,#4164,.T.);
#4164 = LINE('',#4165,#4166);
#4165 = CARTESIAN_POINT('',(114.2,-39.695,9.));
#4166 = VECTOR('',#4167,1.);
#4167 = DIRECTION('',(-0.,-0.,-1.));
#4168 = PLANE('',#4169);
#4169 = AXIS2_PLACEMENT_3D('',#4170,#4171,#4172);
#4170 = CARTESIAN_POINT('',(126.6,-39.695,9.));
#4171 = DIRECTION('',(0.,1.,0.));
#4172 = DIRECTION('',(0.,0.,1.));
#4173 = ADVANCED_FACE('',(#4174),#4192,.T.);
#4174 = FACE_BOUND('',#4175,.T.);
#4175 = EDGE_LOOP('',(#4176,#4184,#4185,#4186));
#4176 = ORIENTED_EDGE('',*,*,#4177,.F.);
#4177 = EDGE_CURVE('',#2734,#4178,#4180,.T.);
#4178 = VERTEX_POINT('',#4179);
#4179 = CARTESIAN_POINT('',(114.2,-29.395,7.));
#4180 = LINE('',#4181,#4182);
#4181 = CARTESIAN_POINT('',(114.2,-29.395,11.));
#4182 = VECTOR('',#4183,1.);
#4183 = DIRECTION('',(-0.,-0.,-1.));
#4184 = ORIENTED_EDGE('',*,*,#2733,.T.);
#4185 = ORIENTED_EDGE('',*,*,#4163,.T.);
#4186 = ORIENTED_EDGE('',*,*,#4187,.F.);
#4187 = EDGE_CURVE('',#4178,#4156,#4188,.T.);
#4188 = LINE('',#4189,#4190);
#4189 = CARTESIAN_POINT('',(114.2,-29.395,7.));
#4190 = VECTOR('',#4191,1.);
#4191 = DIRECTION('',(0.,-1.,0.));
#4192 = PLANE('',#4193);
#4193 = AXIS2_PLACEMENT_3D('',#4194,#4195,#4196);
#4194 = CARTESIAN_POINT('',(114.2,-34.545,9.));
#4195 = DIRECTION('',(1.,0.,0.));
#4196 = DIRECTION('',(0.,0.,1.));
#4197 = ADVANCED_FACE('',(#4198),#4216,.T.);
#4198 = FACE_BOUND('',#4199,.T.);
#4199 = EDGE_LOOP('',(#4200,#4201,#4202,#4210));
#4200 = ORIENTED_EDGE('',*,*,#4147,.F.);
#4201 = ORIENTED_EDGE('',*,*,#2749,.T.);
#4202 = ORIENTED_EDGE('',*,*,#4203,.T.);
#4203 = EDGE_CURVE('',#2742,#4204,#4206,.T.);
#4204 = VERTEX_POINT('',#4205);
#4205 = CARTESIAN_POINT('',(139.,-29.395,7.));
#4206 = LINE('',#4207,#4208);
#4207 = CARTESIAN_POINT('',(139.,-29.395,11.));
#4208 = VECTOR('',#4209,1.);
#4209 = DIRECTION('',(-0.,-0.,-1.));
#4210 = ORIENTED_EDGE('',*,*,#4211,.F.);
#4211 = EDGE_CURVE('',#4148,#4204,#4212,.T.);
#4212 = LINE('',#4213,#4214);
#4213 = CARTESIAN_POINT('',(139.,-39.695,7.));
#4214 = VECTOR('',#4215,1.);
#4215 = DIRECTION('',(0.,1.,0.));
#4216 = PLANE('',#4217);
#4217 = AXIS2_PLACEMENT_3D('',#4218,#4219,#4220);
#4218 = CARTESIAN_POINT('',(139.,-34.545,9.));
#4219 = DIRECTION('',(-1.,-0.,-0.));
#4220 = DIRECTION('',(0.,0.,-1.));
#4221 = ADVANCED_FACE('',(#4222),#4233,.T.);
#4222 = FACE_BOUND('',#4223,.T.);
#4223 = EDGE_LOOP('',(#4224,#4225,#4226,#4227));
#4224 = ORIENTED_EDGE('',*,*,#4203,.F.);
#4225 = ORIENTED_EDGE('',*,*,#2741,.T.);
#4226 = ORIENTED_EDGE('',*,*,#4177,.T.);
#4227 = ORIENTED_EDGE('',*,*,#4228,.F.);
#4228 = EDGE_CURVE('',#4204,#4178,#4229,.T.);
#4229 = LINE('',#4230,#4231);
#4230 = CARTESIAN_POINT('',(139.,-29.395,7.));
#4231 = VECTOR('',#4232,1.);
#4232 = DIRECTION('',(-1.,0.,0.));
#4233 = PLANE('',#4234);
#4234 = AXIS2_PLACEMENT_3D('',#4235,#4236,#4237);
#4235 = CARTESIAN_POINT('',(126.6,-29.395,9.));
#4236 = DIRECTION('',(-0.,-1.,-0.));
#4237 = DIRECTION('',(0.,0.,-1.));
#4238 = ADVANCED_FACE('',(#4239),#4250,.F.);
#4239 = FACE_BOUND('',#4240,.F.);
#4240 = EDGE_LOOP('',(#4241,#4247,#4248,#4249));
#4241 = ORIENTED_EDGE('',*,*,#4242,.T.);
#4242 = EDGE_CURVE('',#2930,#2856,#4243,.T.);
#4243 = LINE('',#4244,#4245);
#4244 = CARTESIAN_POINT('',(153.6,-21.5,2.));
#4245 = VECTOR('',#4246,1.);
#4246 = DIRECTION('',(1.,0.,0.));
#4247 = ORIENTED_EDGE('',*,*,#2863,.T.);
#4248 = ORIENTED_EDGE('',*,*,#2888,.T.);
#4249 = ORIENTED_EDGE('',*,*,#2929,.T.);
#4250 = PLANE('',#4251);
#4251 = AXIS2_PLACEMENT_3D('',#4252,#4253,#4254);
#4252 = CARTESIAN_POINT('',(161.9,-17.506,2.));
#4253 = DIRECTION('',(0.,0.,1.));
#4254 = DIRECTION('',(1.,0.,0.));
#4255 = ADVANCED_FACE('',(#4256),#4267,.T.);
#4256 = FACE_BOUND('',#4257,.T.);
#4257 = EDGE_LOOP('',(#4258,#4259,#4260,#4261));
#4258 = ORIENTED_EDGE('',*,*,#2937,.T.);
#4259 = ORIENTED_EDGE('',*,*,#4242,.T.);
#4260 = ORIENTED_EDGE('',*,*,#2855,.F.);
#4261 = ORIENTED_EDGE('',*,*,#4262,.F.);
#4262 = EDGE_CURVE('',#2938,#2848,#4263,.T.);
#4263 = LINE('',#4264,#4265);
#4264 = CARTESIAN_POINT('',(153.6,-21.5,9.));
#4265 = VECTOR('',#4266,1.);
#4266 = DIRECTION('',(1.,0.,0.));
#4267 = PLANE('',#4268);
#4268 = AXIS2_PLACEMENT_3D('',#4269,#4270,#4271);
#4269 = CARTESIAN_POINT('',(153.6,-21.5,9.));
#4270 = DIRECTION('',(0.,-1.,0.));
#4271 = DIRECTION('',(1.,0.,0.));
#4272 = ADVANCED_FACE('',(#4273,#4333,#4367,#4370,#4373,#4376,#4410),
  #4421,.F.);
#4273 = FACE_BOUND('',#4274,.F.);
#4274 = EDGE_LOOP('',(#4275,#4283,#4291,#4299,#4307,#4315,#4321,#4322,
    #4328,#4329,#4330,#4331,#4332));
#4275 = ORIENTED_EDGE('',*,*,#4276,.T.);
#4276 = EDGE_CURVE('',#2946,#4277,#4279,.T.);
#4277 = VERTEX_POINT('',#4278);
#4278 = CARTESIAN_POINT('',(106.,-16.,9.));
#4279 = LINE('',#4280,#4281);
#4280 = CARTESIAN_POINT('',(186.,-16.,9.));
#4281 = VECTOR('',#4282,1.);
#4282 = DIRECTION('',(-1.,0.,0.));
#4283 = ORIENTED_EDGE('',*,*,#4284,.T.);
#4284 = EDGE_CURVE('',#4277,#4285,#4287,.T.);
#4285 = VERTEX_POINT('',#4286);
#4286 = CARTESIAN_POINT('',(106.,-114.,9.));
#4287 = LINE('',#4288,#4289);
#4288 = CARTESIAN_POINT('',(106.,-16.,9.));
#4289 = VECTOR('',#4290,1.);
#4290 = DIRECTION('',(0.,-1.,0.));
#4291 = ORIENTED_EDGE('',*,*,#4292,.T.);
#4292 = EDGE_CURVE('',#4285,#4293,#4295,.T.);
#4293 = VERTEX_POINT('',#4294);
#4294 = CARTESIAN_POINT('',(135.,-114.,9.));
#4295 = LINE('',#4296,#4297);
#4296 = CARTESIAN_POINT('',(106.,-114.,9.));
#4297 = VECTOR('',#4298,1.);
#4298 = DIRECTION('',(1.,0.,0.));
#4299 = ORIENTED_EDGE('',*,*,#4300,.T.);
#4300 = EDGE_CURVE('',#4293,#4301,#4303,.T.);
#4301 = VERTEX_POINT('',#4302);
#4302 = CARTESIAN_POINT('',(186.,-84.,9.));
#4303 = LINE('',#4304,#4305);
#4304 = CARTESIAN_POINT('',(135.,-114.,9.));
#4305 = VECTOR('',#4306,1.);
#4306 = DIRECTION('',(0.861934215158,0.507020126563,0.));
#4307 = ORIENTED_EDGE('',*,*,#4308,.T.);
#4308 = EDGE_CURVE('',#4301,#4309,#4311,.T.);
#4309 = VERTEX_POINT('',#4310);
#4310 = CARTESIAN_POINT('',(186.,-16.,9.));
#4311 = LINE('',#4312,#4313);
#4312 = CARTESIAN_POINT('',(186.,-84.,9.));
#4313 = VECTOR('',#4314,1.);
#4314 = DIRECTION('',(0.,1.,0.));
#4315 = ORIENTED_EDGE('',*,*,#4316,.T.);
#4316 = EDGE_CURVE('',#4309,#3430,#4317,.T.);
#4317 = LINE('',#4318,#4319);
#4318 = CARTESIAN_POINT('',(186.,-16.,9.));
#4319 = VECTOR('',#4320,1.);
#4320 = DIRECTION('',(-1.,0.,0.));
#4321 = ORIENTED_EDGE('',*,*,#3427,.F.);
#4322 = ORIENTED_EDGE('',*,*,#4323,.F.);
#4323 = EDGE_CURVE('',#3250,#3428,#4324,.T.);
#4324 = LINE('',#4325,#4326);
#4325 = CARTESIAN_POINT('',(168.2,-21.5,9.));
#4326 = VECTOR('',#4327,1.);
#4327 = DIRECTION('',(1.,0.,0.));
#4328 = ORIENTED_EDGE('',*,*,#3257,.F.);
#4329 = ORIENTED_EDGE('',*,*,#3869,.T.);
#4330 = ORIENTED_EDGE('',*,*,#2847,.F.);
#4331 = ORIENTED_EDGE('',*,*,#4262,.F.);
#4332 = ORIENTED_EDGE('',*,*,#2945,.F.);
#4333 = FACE_BOUND('',#4334,.F.);
#4334 = EDGE_LOOP('',(#4335,#4345,#4353,#4361));
#4335 = ORIENTED_EDGE('',*,*,#4336,.F.);
#4336 = EDGE_CURVE('',#4337,#4339,#4341,.T.);
#4337 = VERTEX_POINT('',#4338);
#4338 = CARTESIAN_POINT('',(129.,-110.7,9.));
#4339 = VERTEX_POINT('',#4340);
#4340 = CARTESIAN_POINT('',(134.,-110.7,9.));
#4341 = LINE('',#4342,#4343);
#4342 = CARTESIAN_POINT('',(129.,-110.7,9.));
#4343 = VECTOR('',#4344,1.);
#4344 = DIRECTION('',(1.,0.,0.));
#4345 = ORIENTED_EDGE('',*,*,#4346,.F.);
#4346 = EDGE_CURVE('',#4347,#4337,#4349,.T.);
#4347 = VERTEX_POINT('',#4348);
#4348 = CARTESIAN_POINT('',(129.,-107.7,9.));
#4349 = LINE('',#4350,#4351);
#4350 = CARTESIAN_POINT('',(129.,-107.7,9.));
#4351 = VECTOR('',#4352,1.);
#4352 = DIRECTION('',(0.,-1.,0.));
#4353 = ORIENTED_EDGE('',*,*,#4354,.F.);
#4354 = EDGE_CURVE('',#4355,#4347,#4357,.T.);
#4355 = VERTEX_POINT('',#4356);
#4356 = CARTESIAN_POINT('',(134.,-107.7,9.));
#4357 = LINE('',#4358,#4359);
#4358 = CARTESIAN_POINT('',(134.,-107.7,9.));
#4359 = VECTOR('',#4360,1.);
#4360 = DIRECTION('',(-1.,0.,0.));
#4361 = ORIENTED_EDGE('',*,*,#4362,.F.);
#4362 = EDGE_CURVE('',#4339,#4355,#4363,.T.);
#4363 = LINE('',#4364,#4365);
#4364 = CARTESIAN_POINT('',(134.,-110.7,9.));
#4365 = VECTOR('',#4366,1.);
#4366 = DIRECTION('',(0.,1.,0.));
#4367 = FACE_BOUND('',#4368,.F.);
#4368 = EDGE_LOOP('',(#4369));
#4369 = ORIENTED_EDGE('',*,*,#3919,.F.);
#4370 = FACE_BOUND('',#4371,.F.);
#4371 = EDGE_LOOP('',(#4372));
#4372 = ORIENTED_EDGE('',*,*,#4104,.F.);
#4373 = FACE_BOUND('',#4374,.F.);
#4374 = EDGE_LOOP('',(#4375));
#4375 = ORIENTED_EDGE('',*,*,#4129,.F.);
#4376 = FACE_BOUND('',#4377,.F.);
#4377 = EDGE_LOOP('',(#4378,#4388,#4396,#4404));
#4378 = ORIENTED_EDGE('',*,*,#4379,.F.);
#4379 = EDGE_CURVE('',#4380,#4382,#4384,.T.);
#4380 = VERTEX_POINT('',#4381);
#4381 = CARTESIAN_POINT('',(113.2,-40.695,9.));
#4382 = VERTEX_POINT('',#4383);
#4383 = CARTESIAN_POINT('',(140.,-40.695,9.));
#4384 = LINE('',#4385,#4386);
#4385 = CARTESIAN_POINT('',(113.2,-40.695,9.));
#4386 = VECTOR('',#4387,1.);
#4387 = DIRECTION('',(1.,0.,0.));
#4388 = ORIENTED_EDGE('',*,*,#4389,.F.);
#4389 = EDGE_CURVE('',#4390,#4380,#4392,.T.);
#4390 = VERTEX_POINT('',#4391);
#4391 = CARTESIAN_POINT('',(113.2,-28.395,9.));
#4392 = LINE('',#4393,#4394);
#4393 = CARTESIAN_POINT('',(113.2,-28.395,9.));
#4394 = VECTOR('',#4395,1.);
#4395 = DIRECTION('',(0.,-1.,0.));
#4396 = ORIENTED_EDGE('',*,*,#4397,.F.);
#4397 = EDGE_CURVE('',#4398,#4390,#4400,.T.);
#4398 = VERTEX_POINT('',#4399);
#4399 = CARTESIAN_POINT('',(140.,-28.395,9.));
#4400 = LINE('',#4401,#4402);
#4401 = CARTESIAN_POINT('',(140.,-28.395,9.));
#4402 = VECTOR('',#4403,1.);
#4403 = DIRECTION('',(-1.,0.,0.));
#4404 = ORIENTED_EDGE('',*,*,#4405,.F.);
#4405 = EDGE_CURVE('',#4382,#4398,#4406,.T.);
#4406 = LINE('',#4407,#4408);
#4407 = CARTESIAN_POINT('',(140.,-40.695,9.));
#4408 = VECTOR('',#4409,1.);
#4409 = DIRECTION('',(0.,1.,0.));
#4410 = FACE_BOUND('',#4411,.F.);
#4411 = EDGE_LOOP('',(#4412));
#4412 = ORIENTED_EDGE('',*,*,#4413,.F.);
#4413 = EDGE_CURVE('',#4414,#4414,#4416,.T.);
#4414 = VERTEX_POINT('',#4415);
#4415 = CARTESIAN_POINT('',(181.65,-25.,9.));
#4416 = CIRCLE('',#4417,3.4);
#4417 = AXIS2_PLACEMENT_3D('',#4418,#4419,#4420);
#4418 = CARTESIAN_POINT('',(178.25,-25.,9.));
#4419 = DIRECTION('',(0.,0.,1.));
#4420 = DIRECTION('',(1.,0.,0.));
#4421 = PLANE('',#4422);
#4422 = AXIS2_PLACEMENT_3D('',#4423,#4424,#4425);
#4423 = CARTESIAN_POINT('',(142.76347869585,-60.48957437774,9.));
#4424 = DIRECTION('',(0.,0.,1.));
#4425 = DIRECTION('',(1.,0.,0.));
#4426 = ADVANCED_FACE('',(#4427),#4433,.T.);
#4427 = FACE_BOUND('',#4428,.T.);
#4428 = EDGE_LOOP('',(#4429,#4430,#4431,#4432));
#4429 = ORIENTED_EDGE('',*,*,#2831,.F.);
#4430 = ORIENTED_EDGE('',*,*,#3834,.T.);
#4431 = ORIENTED_EDGE('',*,*,#3842,.F.);
#4432 = ORIENTED_EDGE('',*,*,#2839,.F.);
#4433 = PLANE('',#4434);
#4434 = AXIS2_PLACEMENT_3D('',#4435,#4436,#4437);
#4435 = CARTESIAN_POINT('',(155.6,-16.625909239,5.665359553177));
#4436 = DIRECTION('',(1.,0.,0.));
#4437 = DIRECTION('',(0.,0.,1.));
#4438 = ADVANCED_FACE('',(#4439),#4459,.F.);
#4439 = FACE_BOUND('',#4440,.F.);
#4440 = EDGE_LOOP('',(#4441,#4442,#4443,#4444,#4452,#4458));
#4441 = ORIENTED_EDGE('',*,*,#3018,.T.);
#4442 = ORIENTED_EDGE('',*,*,#3059,.T.);
#4443 = ORIENTED_EDGE('',*,*,#3159,.F.);
#4444 = ORIENTED_EDGE('',*,*,#4445,.F.);
#4445 = EDGE_CURVE('',#4446,#3160,#4448,.T.);
#4446 = VERTEX_POINT('',#4447);
#4447 = CARTESIAN_POINT('',(18.45,-15.112,3.81));
#4448 = LINE('',#4449,#4450);
#4449 = CARTESIAN_POINT('',(18.45,-15.112,3.81));
#4450 = VECTOR('',#4451,1.);
#4451 = DIRECTION('',(0.,-1.,0.));
#4452 = ORIENTED_EDGE('',*,*,#4453,.F.);
#4453 = EDGE_CURVE('',#2970,#4446,#4454,.T.);
#4454 = LINE('',#4455,#4456);
#4455 = CARTESIAN_POINT('',(187.58,-15.112,3.81));
#4456 = VECTOR('',#4457,1.);
#4457 = DIRECTION('',(-1.,0.,0.));
#4458 = ORIENTED_EDGE('',*,*,#2977,.F.);
#4459 = PLANE('',#4460);
#4460 = AXIS2_PLACEMENT_3D('',#4461,#4462,#4463);
#4461 = CARTESIAN_POINT('',(98.929500271087,-62.66730779271,3.81));
#4462 = DIRECTION('',(0.,0.,1.));
#4463 = DIRECTION('',(1.,0.,0.));
#4464 = ADVANCED_FACE('',(#4465),#4483,.F.);
#4465 = FACE_BOUND('',#4466,.F.);
#4466 = EDGE_LOOP('',(#4467,#4475,#4476,#4477));
#4467 = ORIENTED_EDGE('',*,*,#4468,.F.);
#4468 = EDGE_CURVE('',#2962,#4469,#4471,.T.);
#4469 = VERTEX_POINT('',#4470);
#4470 = CARTESIAN_POINT('',(18.45,-15.112,5.01));
#4471 = LINE('',#4472,#4473);
#4472 = CARTESIAN_POINT('',(187.58,-15.112,5.01));
#4473 = VECTOR('',#4474,1.);
#4474 = DIRECTION('',(-1.,0.,0.));
#4475 = ORIENTED_EDGE('',*,*,#2969,.F.);
#4476 = ORIENTED_EDGE('',*,*,#4453,.T.);
#4477 = ORIENTED_EDGE('',*,*,#4478,.F.);
#4478 = EDGE_CURVE('',#4469,#4446,#4479,.T.);
#4479 = LINE('',#4480,#4481);
#4480 = CARTESIAN_POINT('',(18.45,-15.112,5.01));
#4481 = VECTOR('',#4482,1.);
#4482 = DIRECTION('',(-0.,-0.,-1.));
#4483 = PLANE('',#4484);
#4484 = AXIS2_PLACEMENT_3D('',#4485,#4486,#4487);
#4485 = CARTESIAN_POINT('',(187.58,-15.112,5.01));
#4486 = DIRECTION('',(0.,1.,0.));
#4487 = DIRECTION('',(-1.,0.,0.));
#4488 = ADVANCED_FACE('',(#4489,#4562,#4573,#4607,#4641,#4675,#4709,
    #4743,#4777,#4811,#4845,#4879,#4913,#4947,#4958,#4992,#5026,#5060,
    #5094),#5128,.F.);
#4489 = FACE_BOUND('',#4490,.F.);
#4490 = EDGE_LOOP('',(#4491,#4492,#4493,#4499,#4500,#4501,#4507,#4508,
    #4509,#4517,#4525,#4531,#4532,#4540,#4548,#4556));
#4491 = ORIENTED_EDGE('',*,*,#2961,.F.);
#4492 = ORIENTED_EDGE('',*,*,#4468,.T.);
#4493 = ORIENTED_EDGE('',*,*,#4494,.T.);
#4494 = EDGE_CURVE('',#4469,#3101,#4495,.T.);
#4495 = LINE('',#4496,#4497);
#4496 = CARTESIAN_POINT('',(18.45,-15.112,5.01));
#4497 = VECTOR('',#4498,1.);
#4498 = DIRECTION('',(0.,-1.,0.));
#4499 = ORIENTED_EDGE('',*,*,#3098,.F.);
#4500 = ORIENTED_EDGE('',*,*,#3125,.F.);
#4501 = ORIENTED_EDGE('',*,*,#4502,.T.);
#4502 = EDGE_CURVE('',#3126,#3298,#4503,.T.);
#4503 = LINE('',#4504,#4505);
#4504 = CARTESIAN_POINT('',(18.45,-15.112,5.01));
#4505 = VECTOR('',#4506,1.);
#4506 = DIRECTION('',(0.,-1.,0.));
#4507 = ORIENTED_EDGE('',*,*,#3295,.F.);
#4508 = ORIENTED_EDGE('',*,*,#3322,.F.);
#4509 = ORIENTED_EDGE('',*,*,#4510,.T.);
#4510 = EDGE_CURVE('',#3323,#4511,#4513,.T.);
#4511 = VERTEX_POINT('',#4512);
#4512 = CARTESIAN_POINT('',(18.45,-116.46,5.01));
#4513 = LINE('',#4514,#4515);
#4514 = CARTESIAN_POINT('',(18.45,-15.112,5.01));
#4515 = VECTOR('',#4516,1.);
#4516 = DIRECTION('',(0.,-1.,0.));
#4517 = ORIENTED_EDGE('',*,*,#4518,.T.);
#4518 = EDGE_CURVE('',#4511,#4519,#4521,.T.);
#4519 = VERTEX_POINT('',#4520);
#4520 = CARTESIAN_POINT('',(134.60345007397,-116.46,5.01));
#4521 = LINE('',#4522,#4523);
#4522 = CARTESIAN_POINT('',(18.45,-116.46,5.01));
#4523 = VECTOR('',#4524,1.);
#4524 = DIRECTION('',(1.,0.,0.));
#4525 = ORIENTED_EDGE('',*,*,#4526,.T.);
#4526 = EDGE_CURVE('',#4519,#3649,#4527,.T.);
#4527 = LINE('',#4528,#4529);
#4528 = CARTESIAN_POINT('',(134.60345007397,-116.46,5.01));
#4529 = VECTOR('',#4530,1.);
#4530 = DIRECTION('',(0.867196823034,0.497965531057,0.));
#4531 = ORIENTED_EDGE('',*,*,#3656,.F.);
#4532 = ORIENTED_EDGE('',*,*,#4533,.F.);
#4533 = EDGE_CURVE('',#4534,#3657,#4536,.T.);
#4534 = VERTEX_POINT('',#4535);
#4535 = CARTESIAN_POINT('',(135.,-114.,5.01));
#4536 = LINE('',#4537,#4538);
#4537 = CARTESIAN_POINT('',(135.,-114.,5.01));
#4538 = VECTOR('',#4539,1.);
#4539 = DIRECTION('',(0.861934215158,0.507020126563,0.));
#4540 = ORIENTED_EDGE('',*,*,#4541,.F.);
#4541 = EDGE_CURVE('',#4542,#4534,#4544,.T.);
#4542 = VERTEX_POINT('',#4543);
#4543 = CARTESIAN_POINT('',(106.,-114.,5.01));
#4544 = LINE('',#4545,#4546);
#4545 = CARTESIAN_POINT('',(106.,-114.,5.01));
#4546 = VECTOR('',#4547,1.);
#4547 = DIRECTION('',(1.,0.,0.));
#4548 = ORIENTED_EDGE('',*,*,#4549,.F.);
#4549 = EDGE_CURVE('',#4550,#4542,#4552,.T.);
#4550 = VERTEX_POINT('',#4551);
#4551 = CARTESIAN_POINT('',(106.,-16.,5.01));
#4552 = LINE('',#4553,#4554);
#4553 = CARTESIAN_POINT('',(106.,-16.,5.01));
#4554 = VECTOR('',#4555,1.);
#4555 = DIRECTION('',(0.,-1.,0.));
#4556 = ORIENTED_EDGE('',*,*,#4557,.F.);
#4557 = EDGE_CURVE('',#2954,#4550,#4558,.T.);
#4558 = LINE('',#4559,#4560);
#4559 = CARTESIAN_POINT('',(186.,-16.,5.01));
#4560 = VECTOR('',#4561,1.);
#4561 = DIRECTION('',(-1.,0.,0.));
#4562 = FACE_BOUND('',#4563,.F.);
#4563 = EDGE_LOOP('',(#4564));
#4564 = ORIENTED_EDGE('',*,*,#4565,.F.);
#4565 = EDGE_CURVE('',#4566,#4566,#4568,.T.);
#4566 = VERTEX_POINT('',#4567);
#4567 = CARTESIAN_POINT('',(30.9,-107.5,5.01));
#4568 = CIRCLE('',#4569,3.4);
#4569 = AXIS2_PLACEMENT_3D('',#4570,#4571,#4572);
#4570 = CARTESIAN_POINT('',(27.5,-107.5,5.01));
#4571 = DIRECTION('',(0.,0.,1.));
#4572 = DIRECTION('',(1.,0.,0.));
#4573 = FACE_BOUND('',#4574,.F.);
#4574 = EDGE_LOOP('',(#4575,#4585,#4593,#4601));
#4575 = ORIENTED_EDGE('',*,*,#4576,.F.);
#4576 = EDGE_CURVE('',#4577,#4579,#4581,.T.);
#4577 = VERTEX_POINT('',#4578);
#4578 = CARTESIAN_POINT('',(31.075,-102.275,5.01));
#4579 = VERTEX_POINT('',#4580);
#4580 = CARTESIAN_POINT('',(45.125,-102.275,5.01));
#4581 = LINE('',#4582,#4583);
#4582 = CARTESIAN_POINT('',(31.075,-102.275,5.01));
#4583 = VECTOR('',#4584,1.);
#4584 = DIRECTION('',(1.,0.,0.));
#4585 = ORIENTED_EDGE('',*,*,#4586,.F.);
#4586 = EDGE_CURVE('',#4587,#4577,#4589,.T.);
#4587 = VERTEX_POINT('',#4588);
#4588 = CARTESIAN_POINT('',(31.075,-88.225,5.01));
#4589 = LINE('',#4590,#4591);
#4590 = CARTESIAN_POINT('',(31.075,-88.225,5.01));
#4591 = VECTOR('',#4592,1.);
#4592 = DIRECTION('',(0.,-1.,0.));
#4593 = ORIENTED_EDGE('',*,*,#4594,.F.);
#4594 = EDGE_CURVE('',#4595,#4587,#4597,.T.);
#4595 = VERTEX_POINT('',#4596);
#4596 = CARTESIAN_POINT('',(45.125,-88.225,5.01));
#4597 = LINE('',#4598,#4599);
#4598 = CARTESIAN_POINT('',(45.125,-88.225,5.01));
#4599 = VECTOR('',#4600,1.);
#4600 = DIRECTION('',(-1.,0.,0.));
#4601 = ORIENTED_EDGE('',*,*,#4602,.F.);
#4602 = EDGE_CURVE('',#4579,#4595,#4603,.T.);
#4603 = LINE('',#4604,#4605);
#4604 = CARTESIAN_POINT('',(45.125,-102.275,5.01));
#4605 = VECTOR('',#4606,1.);
#4606 = DIRECTION('',(0.,1.,0.));
#4607 = FACE_BOUND('',#4608,.F.);
#4608 = EDGE_LOOP('',(#4609,#4619,#4627,#4635));
#4609 = ORIENTED_EDGE('',*,*,#4610,.F.);
#4610 = EDGE_CURVE('',#4611,#4613,#4615,.T.);
#4611 = VERTEX_POINT('',#4612);
#4612 = CARTESIAN_POINT('',(50.125,-102.275,5.01));
#4613 = VERTEX_POINT('',#4614);
#4614 = CARTESIAN_POINT('',(64.175,-102.275,5.01));
#4615 = LINE('',#4616,#4617);
#4616 = CARTESIAN_POINT('',(50.125,-102.275,5.01));
#4617 = VECTOR('',#4618,1.);
#4618 = DIRECTION('',(1.,0.,0.));
#4619 = ORIENTED_EDGE('',*,*,#4620,.F.);
#4620 = EDGE_CURVE('',#4621,#4611,#4623,.T.);
#4621 = VERTEX_POINT('',#4622);
#4622 = CARTESIAN_POINT('',(50.125,-88.225,5.01));
#4623 = LINE('',#4624,#4625);
#4624 = CARTESIAN_POINT('',(50.125,-88.225,5.01));
#4625 = VECTOR('',#4626,1.);
#4626 = DIRECTION('',(0.,-1.,0.));
#4627 = ORIENTED_EDGE('',*,*,#4628,.F.);
#4628 = EDGE_CURVE('',#4629,#4621,#4631,.T.);
#4629 = VERTEX_POINT('',#4630);
#4630 = CARTESIAN_POINT('',(64.175,-88.225,5.01));
#4631 = LINE('',#4632,#4633);
#4632 = CARTESIAN_POINT('',(64.175,-88.225,5.01));
#4633 = VECTOR('',#4634,1.);
#4634 = DIRECTION('',(-1.,0.,0.));
#4635 = ORIENTED_EDGE('',*,*,#4636,.F.);
#4636 = EDGE_CURVE('',#4613,#4629,#4637,.T.);
#4637 = LINE('',#4638,#4639);
#4638 = CARTESIAN_POINT('',(64.175,-102.275,5.01));
#4639 = VECTOR('',#4640,1.);
#4640 = DIRECTION('',(0.,1.,0.));
#4641 = FACE_BOUND('',#4642,.F.);
#4642 = EDGE_LOOP('',(#4643,#4653,#4661,#4669));
#4643 = ORIENTED_EDGE('',*,*,#4644,.F.);
#4644 = EDGE_CURVE('',#4645,#4647,#4649,.T.);
#4645 = VERTEX_POINT('',#4646);
#4646 = CARTESIAN_POINT('',(31.075,-83.225,5.01));
#4647 = VERTEX_POINT('',#4648);
#4648 = CARTESIAN_POINT('',(45.125,-83.225,5.01));
#4649 = LINE('',#4650,#4651);
#4650 = CARTESIAN_POINT('',(31.075,-83.225,5.01));
#4651 = VECTOR('',#4652,1.);
#4652 = DIRECTION('',(1.,0.,0.));
#4653 = ORIENTED_EDGE('',*,*,#4654,.F.);
#4654 = EDGE_CURVE('',#4655,#4645,#4657,.T.);
#4655 = VERTEX_POINT('',#4656);
#4656 = CARTESIAN_POINT('',(31.075,-69.175,5.01));
#4657 = LINE('',#4658,#4659);
#4658 = CARTESIAN_POINT('',(31.075,-69.175,5.01));
#4659 = VECTOR('',#4660,1.);
#4660 = DIRECTION('',(0.,-1.,0.));
#4661 = ORIENTED_EDGE('',*,*,#4662,.F.);
#4662 = EDGE_CURVE('',#4663,#4655,#4665,.T.);
#4663 = VERTEX_POINT('',#4664);
#4664 = CARTESIAN_POINT('',(45.125,-69.175,5.01));
#4665 = LINE('',#4666,#4667);
#4666 = CARTESIAN_POINT('',(45.125,-69.175,5.01));
#4667 = VECTOR('',#4668,1.);
#4668 = DIRECTION('',(-1.,0.,0.));
#4669 = ORIENTED_EDGE('',*,*,#4670,.F.);
#4670 = EDGE_CURVE('',#4647,#4663,#4671,.T.);
#4671 = LINE('',#4672,#4673);
#4672 = CARTESIAN_POINT('',(45.125,-83.225,5.01));
#4673 = VECTOR('',#4674,1.);
#4674 = DIRECTION('',(0.,1.,0.));
#4675 = FACE_BOUND('',#4676,.F.);
#4676 = EDGE_LOOP('',(#4677,#4687,#4695,#4703));
#4677 = ORIENTED_EDGE('',*,*,#4678,.F.);
#4678 = EDGE_CURVE('',#4679,#4681,#4683,.T.);
#4679 = VERTEX_POINT('',#4680);
#4680 = CARTESIAN_POINT('',(50.125,-83.225,5.01));
#4681 = VERTEX_POINT('',#4682);
#4682 = CARTESIAN_POINT('',(64.175,-83.225,5.01));
#4683 = LINE('',#4684,#4685);
#4684 = CARTESIAN_POINT('',(50.125,-83.225,5.01));
#4685 = VECTOR('',#4686,1.);
#4686 = DIRECTION('',(1.,0.,0.));
#4687 = ORIENTED_EDGE('',*,*,#4688,.F.);
#4688 = EDGE_CURVE('',#4689,#4679,#4691,.T.);
#4689 = VERTEX_POINT('',#4690);
#4690 = CARTESIAN_POINT('',(50.125,-69.175,5.01));
#4691 = LINE('',#4692,#4693);
#4692 = CARTESIAN_POINT('',(50.125,-69.175,5.01));
#4693 = VECTOR('',#4694,1.);
#4694 = DIRECTION('',(0.,-1.,0.));
#4695 = ORIENTED_EDGE('',*,*,#4696,.F.);
#4696 = EDGE_CURVE('',#4697,#4689,#4699,.T.);
#4697 = VERTEX_POINT('',#4698);
#4698 = CARTESIAN_POINT('',(64.175,-69.175,5.01));
#4699 = LINE('',#4700,#4701);
#4700 = CARTESIAN_POINT('',(64.175,-69.175,5.01));
#4701 = VECTOR('',#4702,1.);
#4702 = DIRECTION('',(-1.,0.,0.));
#4703 = ORIENTED_EDGE('',*,*,#4704,.F.);
#4704 = EDGE_CURVE('',#4681,#4697,#4705,.T.);
#4705 = LINE('',#4706,#4707);
#4706 = CARTESIAN_POINT('',(64.175,-83.225,5.01));
#4707 = VECTOR('',#4708,1.);
#4708 = DIRECTION('',(0.,1.,0.));
#4709 = FACE_BOUND('',#4710,.F.);
#4710 = EDGE_LOOP('',(#4711,#4721,#4729,#4737));
#4711 = ORIENTED_EDGE('',*,*,#4712,.F.);
#4712 = EDGE_CURVE('',#4713,#4715,#4717,.T.);
#4713 = VERTEX_POINT('',#4714);
#4714 = CARTESIAN_POINT('',(69.175,-102.275,5.01));
#4715 = VERTEX_POINT('',#4716);
#4716 = CARTESIAN_POINT('',(83.225,-102.275,5.01));
#4717 = LINE('',#4718,#4719);
#4718 = CARTESIAN_POINT('',(69.175,-102.275,5.01));
#4719 = VECTOR('',#4720,1.);
#4720 = DIRECTION('',(1.,0.,0.));
#4721 = ORIENTED_EDGE('',*,*,#4722,.F.);
#4722 = EDGE_CURVE('',#4723,#4713,#4725,.T.);
#4723 = VERTEX_POINT('',#4724);
#4724 = CARTESIAN_POINT('',(69.175,-88.225,5.01));
#4725 = LINE('',#4726,#4727);
#4726 = CARTESIAN_POINT('',(69.175,-88.225,5.01));
#4727 = VECTOR('',#4728,1.);
#4728 = DIRECTION('',(0.,-1.,0.));
#4729 = ORIENTED_EDGE('',*,*,#4730,.F.);
#4730 = EDGE_CURVE('',#4731,#4723,#4733,.T.);
#4731 = VERTEX_POINT('',#4732);
#4732 = CARTESIAN_POINT('',(83.225,-88.225,5.01));
#4733 = LINE('',#4734,#4735);
#4734 = CARTESIAN_POINT('',(83.225,-88.225,5.01));
#4735 = VECTOR('',#4736,1.);
#4736 = DIRECTION('',(-1.,0.,0.));
#4737 = ORIENTED_EDGE('',*,*,#4738,.F.);
#4738 = EDGE_CURVE('',#4715,#4731,#4739,.T.);
#4739 = LINE('',#4740,#4741);
#4740 = CARTESIAN_POINT('',(83.225,-102.275,5.01));
#4741 = VECTOR('',#4742,1.);
#4742 = DIRECTION('',(0.,1.,0.));
#4743 = FACE_BOUND('',#4744,.F.);
#4744 = EDGE_LOOP('',(#4745,#4755,#4763,#4771));
#4745 = ORIENTED_EDGE('',*,*,#4746,.F.);
#4746 = EDGE_CURVE('',#4747,#4749,#4751,.T.);
#4747 = VERTEX_POINT('',#4748);
#4748 = CARTESIAN_POINT('',(88.225,-102.275,5.01));
#4749 = VERTEX_POINT('',#4750);
#4750 = CARTESIAN_POINT('',(102.275,-102.275,5.01));
#4751 = LINE('',#4752,#4753);
#4752 = CARTESIAN_POINT('',(88.225,-102.275,5.01));
#4753 = VECTOR('',#4754,1.);
#4754 = DIRECTION('',(1.,0.,0.));
#4755 = ORIENTED_EDGE('',*,*,#4756,.F.);
#4756 = EDGE_CURVE('',#4757,#4747,#4759,.T.);
#4757 = VERTEX_POINT('',#4758);
#4758 = CARTESIAN_POINT('',(88.225,-88.225,5.01));
#4759 = LINE('',#4760,#4761);
#4760 = CARTESIAN_POINT('',(88.225,-88.225,5.01));
#4761 = VECTOR('',#4762,1.);
#4762 = DIRECTION('',(0.,-1.,0.));
#4763 = ORIENTED_EDGE('',*,*,#4764,.F.);
#4764 = EDGE_CURVE('',#4765,#4757,#4767,.T.);
#4765 = VERTEX_POINT('',#4766);
#4766 = CARTESIAN_POINT('',(102.275,-88.225,5.01));
#4767 = LINE('',#4768,#4769);
#4768 = CARTESIAN_POINT('',(102.275,-88.225,5.01));
#4769 = VECTOR('',#4770,1.);
#4770 = DIRECTION('',(-1.,0.,0.));
#4771 = ORIENTED_EDGE('',*,*,#4772,.F.);
#4772 = EDGE_CURVE('',#4749,#4765,#4773,.T.);
#4773 = LINE('',#4774,#4775);
#4774 = CARTESIAN_POINT('',(102.275,-102.275,5.01));
#4775 = VECTOR('',#4776,1.);
#4776 = DIRECTION('',(0.,1.,0.));
#4777 = FACE_BOUND('',#4778,.F.);
#4778 = EDGE_LOOP('',(#4779,#4789,#4797,#4805));
#4779 = ORIENTED_EDGE('',*,*,#4780,.F.);
#4780 = EDGE_CURVE('',#4781,#4783,#4785,.T.);
#4781 = VERTEX_POINT('',#4782);
#4782 = CARTESIAN_POINT('',(69.175,-83.225,5.01));
#4783 = VERTEX_POINT('',#4784);
#4784 = CARTESIAN_POINT('',(83.225,-83.225,5.01));
#4785 = LINE('',#4786,#4787);
#4786 = CARTESIAN_POINT('',(69.175,-83.225,5.01));
#4787 = VECTOR('',#4788,1.);
#4788 = DIRECTION('',(1.,0.,0.));
#4789 = ORIENTED_EDGE('',*,*,#4790,.F.);
#4790 = EDGE_CURVE('',#4791,#4781,#4793,.T.);
#4791 = VERTEX_POINT('',#4792);
#4792 = CARTESIAN_POINT('',(69.175,-69.175,5.01));
#4793 = LINE('',#4794,#4795);
#4794 = CARTESIAN_POINT('',(69.175,-69.175,5.01));
#4795 = VECTOR('',#4796,1.);
#4796 = DIRECTION('',(0.,-1.,0.));
#4797 = ORIENTED_EDGE('',*,*,#4798,.F.);
#4798 = EDGE_CURVE('',#4799,#4791,#4801,.T.);
#4799 = VERTEX_POINT('',#4800);
#4800 = CARTESIAN_POINT('',(83.225,-69.175,5.01));
#4801 = LINE('',#4802,#4803);
#4802 = CARTESIAN_POINT('',(83.225,-69.175,5.01));
#4803 = VECTOR('',#4804,1.);
#4804 = DIRECTION('',(-1.,0.,0.));
#4805 = ORIENTED_EDGE('',*,*,#4806,.F.);
#4806 = EDGE_CURVE('',#4783,#4799,#4807,.T.);
#4807 = LINE('',#4808,#4809);
#4808 = CARTESIAN_POINT('',(83.225,-83.225,5.01));
#4809 = VECTOR('',#4810,1.);
#4810 = DIRECTION('',(0.,1.,0.));
#4811 = FACE_BOUND('',#4812,.F.);
#4812 = EDGE_LOOP('',(#4813,#4823,#4831,#4839));
#4813 = ORIENTED_EDGE('',*,*,#4814,.F.);
#4814 = EDGE_CURVE('',#4815,#4817,#4819,.T.);
#4815 = VERTEX_POINT('',#4816);
#4816 = CARTESIAN_POINT('',(88.225,-83.225,5.01));
#4817 = VERTEX_POINT('',#4818);
#4818 = CARTESIAN_POINT('',(102.275,-83.225,5.01));
#4819 = LINE('',#4820,#4821);
#4820 = CARTESIAN_POINT('',(88.225,-83.225,5.01));
#4821 = VECTOR('',#4822,1.);
#4822 = DIRECTION('',(1.,0.,0.));
#4823 = ORIENTED_EDGE('',*,*,#4824,.F.);
#4824 = EDGE_CURVE('',#4825,#4815,#4827,.T.);
#4825 = VERTEX_POINT('',#4826);
#4826 = CARTESIAN_POINT('',(88.225,-69.175,5.01));
#4827 = LINE('',#4828,#4829);
#4828 = CARTESIAN_POINT('',(88.225,-69.175,5.01));
#4829 = VECTOR('',#4830,1.);
#4830 = DIRECTION('',(0.,-1.,0.));
#4831 = ORIENTED_EDGE('',*,*,#4832,.F.);
#4832 = EDGE_CURVE('',#4833,#4825,#4835,.T.);
#4833 = VERTEX_POINT('',#4834);
#4834 = CARTESIAN_POINT('',(102.275,-69.175,5.01));
#4835 = LINE('',#4836,#4837);
#4836 = CARTESIAN_POINT('',(102.275,-69.175,5.01));
#4837 = VECTOR('',#4838,1.);
#4838 = DIRECTION('',(-1.,0.,0.));
#4839 = ORIENTED_EDGE('',*,*,#4840,.F.);
#4840 = EDGE_CURVE('',#4817,#4833,#4841,.T.);
#4841 = LINE('',#4842,#4843);
#4842 = CARTESIAN_POINT('',(102.275,-83.225,5.01));
#4843 = VECTOR('',#4844,1.);
#4844 = DIRECTION('',(0.,1.,0.));
#4845 = FACE_BOUND('',#4846,.F.);
#4846 = EDGE_LOOP('',(#4847,#4857,#4865,#4873));
#4847 = ORIENTED_EDGE('',*,*,#4848,.F.);
#4848 = EDGE_CURVE('',#4849,#4851,#4853,.T.);
#4849 = VERTEX_POINT('',#4850);
#4850 = CARTESIAN_POINT('',(31.075,-64.175,5.01));
#4851 = VERTEX_POINT('',#4852);
#4852 = CARTESIAN_POINT('',(45.125,-64.175,5.01));
#4853 = LINE('',#4854,#4855);
#4854 = CARTESIAN_POINT('',(31.075,-64.175,5.01));
#4855 = VECTOR('',#4856,1.);
#4856 = DIRECTION('',(1.,0.,0.));
#4857 = ORIENTED_EDGE('',*,*,#4858,.F.);
#4858 = EDGE_CURVE('',#4859,#4849,#4861,.T.);
#4859 = VERTEX_POINT('',#4860);
#4860 = CARTESIAN_POINT('',(31.075,-50.125,5.01));
#4861 = LINE('',#4862,#4863);
#4862 = CARTESIAN_POINT('',(31.075,-50.125,5.01));
#4863 = VECTOR('',#4864,1.);
#4864 = DIRECTION('',(0.,-1.,0.));
#4865 = ORIENTED_EDGE('',*,*,#4866,.F.);
#4866 = EDGE_CURVE('',#4867,#4859,#4869,.T.);
#4867 = VERTEX_POINT('',#4868);
#4868 = CARTESIAN_POINT('',(45.125,-50.125,5.01));
#4869 = LINE('',#4870,#4871);
#4870 = CARTESIAN_POINT('',(45.125,-50.125,5.01));
#4871 = VECTOR('',#4872,1.);
#4872 = DIRECTION('',(-1.,0.,0.));
#4873 = ORIENTED_EDGE('',*,*,#4874,.F.);
#4874 = EDGE_CURVE('',#4851,#4867,#4875,.T.);
#4875 = LINE('',#4876,#4877);
#4876 = CARTESIAN_POINT('',(45.125,-64.175,5.01));
#4877 = VECTOR('',#4878,1.);
#4878 = DIRECTION('',(0.,1.,0.));
#4879 = FACE_BOUND('',#4880,.F.);
#4880 = EDGE_LOOP('',(#4881,#4891,#4899,#4907));
#4881 = ORIENTED_EDGE('',*,*,#4882,.F.);
#4882 = EDGE_CURVE('',#4883,#4885,#4887,.T.);
#4883 = VERTEX_POINT('',#4884);
#4884 = CARTESIAN_POINT('',(50.125,-64.175,5.01));
#4885 = VERTEX_POINT('',#4886);
#4886 = CARTESIAN_POINT('',(64.175,-64.175,5.01));
#4887 = LINE('',#4888,#4889);
#4888 = CARTESIAN_POINT('',(50.125,-64.175,5.01));
#4889 = VECTOR('',#4890,1.);
#4890 = DIRECTION('',(1.,0.,0.));
#4891 = ORIENTED_EDGE('',*,*,#4892,.F.);
#4892 = EDGE_CURVE('',#4893,#4883,#4895,.T.);
#4893 = VERTEX_POINT('',#4894);
#4894 = CARTESIAN_POINT('',(50.125,-50.125,5.01));
#4895 = LINE('',#4896,#4897);
#4896 = CARTESIAN_POINT('',(50.125,-50.125,5.01));
#4897 = VECTOR('',#4898,1.);
#4898 = DIRECTION('',(0.,-1.,0.));
#4899 = ORIENTED_EDGE('',*,*,#4900,.F.);
#4900 = EDGE_CURVE('',#4901,#4893,#4903,.T.);
#4901 = VERTEX_POINT('',#4902);
#4902 = CARTESIAN_POINT('',(64.175,-50.125,5.01));
#4903 = LINE('',#4904,#4905);
#4904 = CARTESIAN_POINT('',(64.175,-50.125,5.01));
#4905 = VECTOR('',#4906,1.);
#4906 = DIRECTION('',(-1.,0.,0.));
#4907 = ORIENTED_EDGE('',*,*,#4908,.F.);
#4908 = EDGE_CURVE('',#4885,#4901,#4909,.T.);
#4909 = LINE('',#4910,#4911);
#4910 = CARTESIAN_POINT('',(64.175,-64.175,5.01));
#4911 = VECTOR('',#4912,1.);
#4912 = DIRECTION('',(0.,1.,0.));
#4913 = FACE_BOUND('',#4914,.F.);
#4914 = EDGE_LOOP('',(#4915,#4925,#4933,#4941));
#4915 = ORIENTED_EDGE('',*,*,#4916,.F.);
#4916 = EDGE_CURVE('',#4917,#4919,#4921,.T.);
#4917 = VERTEX_POINT('',#4918);
#4918 = CARTESIAN_POINT('',(31.075,-45.125,5.01));
#4919 = VERTEX_POINT('',#4920);
#4920 = CARTESIAN_POINT('',(45.125,-45.125,5.01));
#4921 = LINE('',#4922,#4923);
#4922 = CARTESIAN_POINT('',(31.075,-45.125,5.01));
#4923 = VECTOR('',#4924,1.);
#4924 = DIRECTION('',(1.,0.,0.));
#4925 = ORIENTED_EDGE('',*,*,#4926,.F.);
#4926 = EDGE_CURVE('',#4927,#4917,#4929,.T.);
#4927 = VERTEX_POINT('',#4928);
#4928 = CARTESIAN_POINT('',(31.075,-31.075,5.01));
#4929 = LINE('',#4930,#4931);
#4930 = CARTESIAN_POINT('',(31.075,-31.075,5.01));
#4931 = VECTOR('',#4932,1.);
#4932 = DIRECTION('',(0.,-1.,0.));
#4933 = ORIENTED_EDGE('',*,*,#4934,.F.);
#4934 = EDGE_CURVE('',#4935,#4927,#4937,.T.);
#4935 = VERTEX_POINT('',#4936);
#4936 = CARTESIAN_POINT('',(45.125,-31.075,5.01));
#4937 = LINE('',#4938,#4939);
#4938 = CARTESIAN_POINT('',(45.125,-31.075,5.01));
#4939 = VECTOR('',#4940,1.);
#4940 = DIRECTION('',(-1.,0.,0.));
#4941 = ORIENTED_EDGE('',*,*,#4942,.F.);
#4942 = EDGE_CURVE('',#4919,#4935,#4943,.T.);
#4943 = LINE('',#4944,#4945);
#4944 = CARTESIAN_POINT('',(45.125,-45.125,5.01));
#4945 = VECTOR('',#4946,1.);
#4946 = DIRECTION('',(0.,1.,0.));
#4947 = FACE_BOUND('',#4948,.F.);
#4948 = EDGE_LOOP('',(#4949));
#4949 = ORIENTED_EDGE('',*,*,#4950,.F.);
#4950 = EDGE_CURVE('',#4951,#4951,#4953,.T.);
#4951 = VERTEX_POINT('',#4952);
#4952 = CARTESIAN_POINT('',(30.9,-25.,5.01));
#4953 = CIRCLE('',#4954,3.4);
#4954 = AXIS2_PLACEMENT_3D('',#4955,#4956,#4957);
#4955 = CARTESIAN_POINT('',(27.5,-25.,5.01));
#4956 = DIRECTION('',(0.,0.,1.));
#4957 = DIRECTION('',(1.,0.,0.));
#4958 = FACE_BOUND('',#4959,.F.);
#4959 = EDGE_LOOP('',(#4960,#4970,#4978,#4986));
#4960 = ORIENTED_EDGE('',*,*,#4961,.F.);
#4961 = EDGE_CURVE('',#4962,#4964,#4966,.T.);
#4962 = VERTEX_POINT('',#4963);
#4963 = CARTESIAN_POINT('',(50.125,-45.125,5.01));
#4964 = VERTEX_POINT('',#4965);
#4965 = CARTESIAN_POINT('',(64.175,-45.125,5.01));
#4966 = LINE('',#4967,#4968);
#4967 = CARTESIAN_POINT('',(50.125,-45.125,5.01));
#4968 = VECTOR('',#4969,1.);
#4969 = DIRECTION('',(1.,0.,0.));
#4970 = ORIENTED_EDGE('',*,*,#4971,.F.);
#4971 = EDGE_CURVE('',#4972,#4962,#4974,.T.);
#4972 = VERTEX_POINT('',#4973);
#4973 = CARTESIAN_POINT('',(50.125,-31.075,5.01));
#4974 = LINE('',#4975,#4976);
#4975 = CARTESIAN_POINT('',(50.125,-31.075,5.01));
#4976 = VECTOR('',#4977,1.);
#4977 = DIRECTION('',(0.,-1.,0.));
#4978 = ORIENTED_EDGE('',*,*,#4979,.F.);
#4979 = EDGE_CURVE('',#4980,#4972,#4982,.T.);
#4980 = VERTEX_POINT('',#4981);
#4981 = CARTESIAN_POINT('',(64.175,-31.075,5.01));
#4982 = LINE('',#4983,#4984);
#4983 = CARTESIAN_POINT('',(64.175,-31.075,5.01));
#4984 = VECTOR('',#4985,1.);
#4985 = DIRECTION('',(-1.,0.,0.));
#4986 = ORIENTED_EDGE('',*,*,#4987,.F.);
#4987 = EDGE_CURVE('',#4964,#4980,#4988,.T.);
#4988 = LINE('',#4989,#4990);
#4989 = CARTESIAN_POINT('',(64.175,-45.125,5.01));
#4990 = VECTOR('',#4991,1.);
#4991 = DIRECTION('',(0.,1.,0.));
#4992 = FACE_BOUND('',#4993,.F.);
#4993 = EDGE_LOOP('',(#4994,#5004,#5012,#5020));
#4994 = ORIENTED_EDGE('',*,*,#4995,.F.);
#4995 = EDGE_CURVE('',#4996,#4998,#5000,.T.);
#4996 = VERTEX_POINT('',#4997);
#4997 = CARTESIAN_POINT('',(69.175,-64.175,5.01));
#4998 = VERTEX_POINT('',#4999);
#4999 = CARTESIAN_POINT('',(83.225,-64.175,5.01));
#5000 = LINE('',#5001,#5002);
#5001 = CARTESIAN_POINT('',(69.175,-64.175,5.01));
#5002 = VECTOR('',#5003,1.);
#5003 = DIRECTION('',(1.,0.,0.));
#5004 = ORIENTED_EDGE('',*,*,#5005,.F.);
#5005 = EDGE_CURVE('',#5006,#4996,#5008,.T.);
#5006 = VERTEX_POINT('',#5007);
#5007 = CARTESIAN_POINT('',(69.175,-50.125,5.01));
#5008 = LINE('',#5009,#5010);
#5009 = CARTESIAN_POINT('',(69.175,-50.125,5.01));
#5010 = VECTOR('',#5011,1.);
#5011 = DIRECTION('',(0.,-1.,0.));
#5012 = ORIENTED_EDGE('',*,*,#5013,.F.);
#5013 = EDGE_CURVE('',#5014,#5006,#5016,.T.);
#5014 = VERTEX_POINT('',#5015);
#5015 = CARTESIAN_POINT('',(83.225,-50.125,5.01));
#5016 = LINE('',#5017,#5018);
#5017 = CARTESIAN_POINT('',(83.225,-50.125,5.01));
#5018 = VECTOR('',#5019,1.);
#5019 = DIRECTION('',(-1.,0.,0.));
#5020 = ORIENTED_EDGE('',*,*,#5021,.F.);
#5021 = EDGE_CURVE('',#4998,#5014,#5022,.T.);
#5022 = LINE('',#5023,#5024);
#5023 = CARTESIAN_POINT('',(83.225,-64.175,5.01));
#5024 = VECTOR('',#5025,1.);
#5025 = DIRECTION('',(0.,1.,0.));
#5026 = FACE_BOUND('',#5027,.F.);
#5027 = EDGE_LOOP('',(#5028,#5038,#5046,#5054));
#5028 = ORIENTED_EDGE('',*,*,#5029,.F.);
#5029 = EDGE_CURVE('',#5030,#5032,#5034,.T.);
#5030 = VERTEX_POINT('',#5031);
#5031 = CARTESIAN_POINT('',(88.225,-64.175,5.01));
#5032 = VERTEX_POINT('',#5033);
#5033 = CARTESIAN_POINT('',(102.275,-64.175,5.01));
#5034 = LINE('',#5035,#5036);
#5035 = CARTESIAN_POINT('',(88.225,-64.175,5.01));
#5036 = VECTOR('',#5037,1.);
#5037 = DIRECTION('',(1.,0.,0.));
#5038 = ORIENTED_EDGE('',*,*,#5039,.F.);
#5039 = EDGE_CURVE('',#5040,#5030,#5042,.T.);
#5040 = VERTEX_POINT('',#5041);
#5041 = CARTESIAN_POINT('',(88.225,-50.125,5.01));
#5042 = LINE('',#5043,#5044);
#5043 = CARTESIAN_POINT('',(88.225,-50.125,5.01));
#5044 = VECTOR('',#5045,1.);
#5045 = DIRECTION('',(0.,-1.,0.));
#5046 = ORIENTED_EDGE('',*,*,#5047,.F.);
#5047 = EDGE_CURVE('',#5048,#5040,#5050,.T.);
#5048 = VERTEX_POINT('',#5049);
#5049 = CARTESIAN_POINT('',(102.275,-50.125,5.01));
#5050 = LINE('',#5051,#5052);
#5051 = CARTESIAN_POINT('',(102.275,-50.125,5.01));
#5052 = VECTOR('',#5053,1.);
#5053 = DIRECTION('',(-1.,0.,0.));
#5054 = ORIENTED_EDGE('',*,*,#5055,.F.);
#5055 = EDGE_CURVE('',#5032,#5048,#5056,.T.);
#5056 = LINE('',#5057,#5058);
#5057 = CARTESIAN_POINT('',(102.275,-64.175,5.01));
#5058 = VECTOR('',#5059,1.);
#5059 = DIRECTION('',(0.,1.,0.));
#5060 = FACE_BOUND('',#5061,.F.);
#5061 = EDGE_LOOP('',(#5062,#5072,#5080,#5088));
#5062 = ORIENTED_EDGE('',*,*,#5063,.F.);
#5063 = EDGE_CURVE('',#5064,#5066,#5068,.T.);
#5064 = VERTEX_POINT('',#5065);
#5065 = CARTESIAN_POINT('',(69.175,-45.125,5.01));
#5066 = VERTEX_POINT('',#5067);
#5067 = CARTESIAN_POINT('',(83.225,-45.125,5.01));
#5068 = LINE('',#5069,#5070);
#5069 = CARTESIAN_POINT('',(69.175,-45.125,5.01));
#5070 = VECTOR('',#5071,1.);
#5071 = DIRECTION('',(1.,0.,0.));
#5072 = ORIENTED_EDGE('',*,*,#5073,.F.);
#5073 = EDGE_CURVE('',#5074,#5064,#5076,.T.);
#5074 = VERTEX_POINT('',#5075);
#5075 = CARTESIAN_POINT('',(69.175,-31.075,5.01));
#5076 = LINE('',#5077,#5078);
#5077 = CARTESIAN_POINT('',(69.175,-31.075,5.01));
#5078 = VECTOR('',#5079,1.);
#5079 = DIRECTION('',(0.,-1.,0.));
#5080 = ORIENTED_EDGE('',*,*,#5081,.F.);
#5081 = EDGE_CURVE('',#5082,#5074,#5084,.T.);
#5082 = VERTEX_POINT('',#5083);
#5083 = CARTESIAN_POINT('',(83.225,-31.075,5.01));
#5084 = LINE('',#5085,#5086);
#5085 = CARTESIAN_POINT('',(83.225,-31.075,5.01));
#5086 = VECTOR('',#5087,1.);
#5087 = DIRECTION('',(-1.,0.,0.));
#5088 = ORIENTED_EDGE('',*,*,#5089,.F.);
#5089 = EDGE_CURVE('',#5066,#5082,#5090,.T.);
#5090 = LINE('',#5091,#5092);
#5091 = CARTESIAN_POINT('',(83.225,-45.125,5.01));
#5092 = VECTOR('',#5093,1.);
#5093 = DIRECTION('',(0.,1.,0.));
#5094 = FACE_BOUND('',#5095,.F.);
#5095 = EDGE_LOOP('',(#5096,#5106,#5114,#5122));
#5096 = ORIENTED_EDGE('',*,*,#5097,.F.);
#5097 = EDGE_CURVE('',#5098,#5100,#5102,.T.);
#5098 = VERTEX_POINT('',#5099);
#5099 = CARTESIAN_POINT('',(88.225,-45.125,5.01));
#5100 = VERTEX_POINT('',#5101);
#5101 = CARTESIAN_POINT('',(102.275,-45.125,5.01));
#5102 = LINE('',#5103,#5104);
#5103 = CARTESIAN_POINT('',(88.225,-45.125,5.01));
#5104 = VECTOR('',#5105,1.);
#5105 = DIRECTION('',(1.,0.,0.));
#5106 = ORIENTED_EDGE('',*,*,#5107,.F.);
#5107 = EDGE_CURVE('',#5108,#5098,#5110,.T.);
#5108 = VERTEX_POINT('',#5109);
#5109 = CARTESIAN_POINT('',(88.225,-31.075,5.01));
#5110 = LINE('',#5111,#5112);
#5111 = CARTESIAN_POINT('',(88.225,-31.075,5.01));
#5112 = VECTOR('',#5113,1.);
#5113 = DIRECTION('',(0.,-1.,0.));
#5114 = ORIENTED_EDGE('',*,*,#5115,.F.);
#5115 = EDGE_CURVE('',#5116,#5108,#5118,.T.);
#5116 = VERTEX_POINT('',#5117);
#5117 = CARTESIAN_POINT('',(102.275,-31.075,5.01));
#5118 = LINE('',#5119,#5120);
#5119 = CARTESIAN_POINT('',(102.275,-31.075,5.01));
#5120 = VECTOR('',#5121,1.);
#5121 = DIRECTION('',(-1.,0.,0.));
#5122 = ORIENTED_EDGE('',*,*,#5123,.F.);
#5123 = EDGE_CURVE('',#5100,#5116,#5124,.T.);
#5124 = LINE('',#5125,#5126);
#5125 = CARTESIAN_POINT('',(102.275,-45.125,5.01));
#5126 = VECTOR('',#5127,1.);
#5127 = DIRECTION('',(0.,1.,0.));
#5128 = PLANE('',#5129);
#5129 = AXIS2_PLACEMENT_3D('',#5130,#5131,#5132);
#5130 = CARTESIAN_POINT('',(98.793251988672,-62.50797700162,5.01));
#5131 = DIRECTION('',(0.,0.,1.));
#5132 = DIRECTION('',(1.,0.,0.));
#5133 = ADVANCED_FACE('',(#5134),#5145,.T.);
#5134 = FACE_BOUND('',#5135,.T.);
#5135 = EDGE_LOOP('',(#5136,#5137,#5138,#5139));
#5136 = ORIENTED_EDGE('',*,*,#4557,.F.);
#5137 = ORIENTED_EDGE('',*,*,#2953,.F.);
#5138 = ORIENTED_EDGE('',*,*,#4276,.T.);
#5139 = ORIENTED_EDGE('',*,*,#5140,.F.);
#5140 = EDGE_CURVE('',#4550,#4277,#5141,.T.);
#5141 = LINE('',#5142,#5143);
#5142 = CARTESIAN_POINT('',(106.,-16.,5.01));
#5143 = VECTOR('',#5144,1.);
#5144 = DIRECTION('',(0.,0.,1.));
#5145 = PLANE('',#5146);
#5146 = AXIS2_PLACEMENT_3D('',#5147,#5148,#5149);
#5147 = CARTESIAN_POINT('',(186.,-16.,5.01));
#5148 = DIRECTION('',(0.,-1.,0.));
#5149 = DIRECTION('',(-1.,0.,0.));
#5150 = ADVANCED_FACE('',(#5151),#5157,.F.);
#5151 = FACE_BOUND('',#5152,.F.);
#5152 = EDGE_LOOP('',(#5153,#5154,#5155,#5156));
#5153 = ORIENTED_EDGE('',*,*,#4494,.F.);
#5154 = ORIENTED_EDGE('',*,*,#4478,.T.);
#5155 = ORIENTED_EDGE('',*,*,#4445,.T.);
#5156 = ORIENTED_EDGE('',*,*,#3168,.T.);
#5157 = PLANE('',#5158);
#5158 = AXIS2_PLACEMENT_3D('',#5159,#5160,#5161);
#5159 = CARTESIAN_POINT('',(18.45,-15.112,5.01));
#5160 = DIRECTION('',(-1.,0.,0.));
#5161 = DIRECTION('',(0.,-1.,0.));
#5162 = ADVANCED_FACE('',(#5163),#5174,.F.);
#5163 = FACE_BOUND('',#5164,.F.);
#5164 = EDGE_LOOP('',(#5165,#5166,#5167,#5173));
#5165 = ORIENTED_EDGE('',*,*,#3209,.T.);
#5166 = ORIENTED_EDGE('',*,*,#3356,.F.);
#5167 = ORIENTED_EDGE('',*,*,#5168,.F.);
#5168 = EDGE_CURVE('',#3135,#3357,#5169,.T.);
#5169 = LINE('',#5170,#5171);
#5170 = CARTESIAN_POINT('',(18.45,-15.112,3.81));
#5171 = VECTOR('',#5172,1.);
#5172 = DIRECTION('',(0.,-1.,0.));
#5173 = ORIENTED_EDGE('',*,*,#3142,.F.);
#5174 = PLANE('',#5175);
#5175 = AXIS2_PLACEMENT_3D('',#5176,#5177,#5178);
#5176 = CARTESIAN_POINT('',(98.929500271087,-62.66730779271,3.81));
#5177 = DIRECTION('',(0.,0.,1.));
#5178 = DIRECTION('',(1.,0.,0.));
#5179 = ADVANCED_FACE('',(#5180),#5186,.F.);
#5180 = FACE_BOUND('',#5181,.F.);
#5181 = EDGE_LOOP('',(#5182,#5183,#5184,#5185));
#5182 = ORIENTED_EDGE('',*,*,#4502,.F.);
#5183 = ORIENTED_EDGE('',*,*,#3134,.F.);
#5184 = ORIENTED_EDGE('',*,*,#5168,.T.);
#5185 = ORIENTED_EDGE('',*,*,#3365,.T.);
#5186 = PLANE('',#5187);
#5187 = AXIS2_PLACEMENT_3D('',#5188,#5189,#5190);
#5188 = CARTESIAN_POINT('',(18.45,-15.112,5.01));
#5189 = DIRECTION('',(-1.,0.,0.));
#5190 = DIRECTION('',(0.,-1.,0.));
#5191 = ADVANCED_FACE('',(#5192,#5195),#5206,.F.);
#5192 = FACE_BOUND('',#5193,.F.);
#5193 = EDGE_LOOP('',(#5194));
#5194 = ORIENTED_EDGE('',*,*,#3117,.T.);
#5195 = FACE_BOUND('',#5196,.F.);
#5196 = EDGE_LOOP('',(#5197));
#5197 = ORIENTED_EDGE('',*,*,#5198,.F.);
#5198 = EDGE_CURVE('',#5199,#5199,#5201,.T.);
#5199 = VERTEX_POINT('',#5200);
#5200 = CARTESIAN_POINT('',(21.65,-28.,-1.195));
#5201 = CIRCLE('',#5202,2.3);
#5202 = AXIS2_PLACEMENT_3D('',#5203,#5204,#5205);
#5203 = CARTESIAN_POINT('',(19.35,-28.,-1.195));
#5204 = DIRECTION('',(0.,0.,1.));
#5205 = DIRECTION('',(1.,0.,0.));
#5206 = PLANE('',#5207);
#5207 = AXIS2_PLACEMENT_3D('',#5208,#5209,#5210);
#5208 = CARTESIAN_POINT('',(96.4125,-65.1825,-1.195));
#5209 = DIRECTION('',(0.,0.,1.));
#5210 = DIRECTION('',(1.,0.,0.));
#5211 = ADVANCED_FACE('',(#5212),#5218,.T.);
#5212 = FACE_BOUND('',#5213,.T.);
#5213 = EDGE_LOOP('',(#5214,#5215,#5216,#5217));
#5214 = ORIENTED_EDGE('',*,*,#3896,.T.);
#5215 = ORIENTED_EDGE('',*,*,#3273,.T.);
#5216 = ORIENTED_EDGE('',*,*,#3265,.F.);
#5217 = ORIENTED_EDGE('',*,*,#3888,.F.);
#5218 = PLANE('',#5219);
#5219 = AXIS2_PLACEMENT_3D('',#5220,#5221,#5222);
#5220 = CARTESIAN_POINT('',(168.2,-16.625909239,5.665359553177));
#5221 = DIRECTION('',(-1.,-0.,-0.));
#5222 = DIRECTION('',(0.,0.,-1.));
#5223 = ADVANCED_FACE('',(#5224),#5235,.T.);
#5224 = FACE_BOUND('',#5225,.T.);
#5225 = EDGE_LOOP('',(#5226,#5227,#5233,#5234));
#5226 = ORIENTED_EDGE('',*,*,#3249,.T.);
#5227 = ORIENTED_EDGE('',*,*,#5228,.T.);
#5228 = EDGE_CURVE('',#3242,#3438,#5229,.T.);
#5229 = LINE('',#5230,#5231);
#5230 = CARTESIAN_POINT('',(168.2,-21.5,2.));
#5231 = VECTOR('',#5232,1.);
#5232 = DIRECTION('',(1.,0.,0.));
#5233 = ORIENTED_EDGE('',*,*,#3437,.F.);
#5234 = ORIENTED_EDGE('',*,*,#4323,.F.);
#5235 = PLANE('',#5236);
#5236 = AXIS2_PLACEMENT_3D('',#5237,#5238,#5239);
#5237 = CARTESIAN_POINT('',(168.2,-21.5,9.));
#5238 = DIRECTION('',(0.,-1.,0.));
#5239 = DIRECTION('',(1.,0.,0.));
#5240 = ADVANCED_FACE('',(#5241),#5247,.F.);
#5241 = FACE_BOUND('',#5242,.F.);
#5242 = EDGE_LOOP('',(#5243,#5244,#5245,#5246));
#5243 = ORIENTED_EDGE('',*,*,#5228,.T.);
#5244 = ORIENTED_EDGE('',*,*,#3445,.T.);
#5245 = ORIENTED_EDGE('',*,*,#3388,.T.);
#5246 = ORIENTED_EDGE('',*,*,#3241,.T.);
#5247 = PLANE('',#5248);
#5248 = AXIS2_PLACEMENT_3D('',#5249,#5250,#5251);
#5249 = CARTESIAN_POINT('',(161.9,-17.506,2.));
#5250 = DIRECTION('',(0.,0.,1.));
#5251 = DIRECTION('',(1.,0.,0.));
#5252 = ADVANCED_FACE('',(#5253),#5282,.F.);
#5253 = FACE_BOUND('',#5254,.F.);
#5254 = EDGE_LOOP('',(#5255,#5256,#5257,#5258,#5259,#5267,#5275,#5281));
#5255 = ORIENTED_EDGE('',*,*,#3405,.T.);
#5256 = ORIENTED_EDGE('',*,*,#3500,.T.);
#5257 = ORIENTED_EDGE('',*,*,#3549,.T.);
#5258 = ORIENTED_EDGE('',*,*,#3639,.F.);
#5259 = ORIENTED_EDGE('',*,*,#5260,.F.);
#5260 = EDGE_CURVE('',#5261,#3640,#5263,.T.);
#5261 = VERTEX_POINT('',#5262);
#5262 = CARTESIAN_POINT('',(134.60345007397,-116.46,3.81));
#5263 = LINE('',#5264,#5265);
#5264 = CARTESIAN_POINT('',(134.60345007397,-116.46,3.81));
#5265 = VECTOR('',#5266,1.);
#5266 = DIRECTION('',(0.867196823034,0.497965531057,0.));
#5267 = ORIENTED_EDGE('',*,*,#5268,.F.);
#5268 = EDGE_CURVE('',#5269,#5261,#5271,.T.);
#5269 = VERTEX_POINT('',#5270);
#5270 = CARTESIAN_POINT('',(18.45,-116.46,3.81));
#5271 = LINE('',#5272,#5273);
#5272 = CARTESIAN_POINT('',(18.45,-116.46,3.81));
#5273 = VECTOR('',#5274,1.);
#5274 = DIRECTION('',(1.,0.,0.));
#5275 = ORIENTED_EDGE('',*,*,#5276,.F.);
#5276 = EDGE_CURVE('',#3332,#5269,#5277,.T.);
#5277 = LINE('',#5278,#5279);
#5278 = CARTESIAN_POINT('',(18.45,-15.112,3.81));
#5279 = VECTOR('',#5280,1.);
#5280 = DIRECTION('',(0.,-1.,0.));
#5281 = ORIENTED_EDGE('',*,*,#3339,.F.);
#5282 = PLANE('',#5283);
#5283 = AXIS2_PLACEMENT_3D('',#5284,#5285,#5286);
#5284 = CARTESIAN_POINT('',(98.929500271087,-62.66730779271,3.81));
#5285 = DIRECTION('',(0.,0.,1.));
#5286 = DIRECTION('',(1.,0.,0.));
#5287 = ADVANCED_FACE('',(#5288),#5299,.F.);
#5288 = FACE_BOUND('',#5289,.F.);
#5289 = EDGE_LOOP('',(#5290,#5291,#5292,#5293));
#5290 = ORIENTED_EDGE('',*,*,#4510,.F.);
#5291 = ORIENTED_EDGE('',*,*,#3331,.F.);
#5292 = ORIENTED_EDGE('',*,*,#5276,.T.);
#5293 = ORIENTED_EDGE('',*,*,#5294,.F.);
#5294 = EDGE_CURVE('',#4511,#5269,#5295,.T.);
#5295 = LINE('',#5296,#5297);
#5296 = CARTESIAN_POINT('',(18.45,-116.46,5.01));
#5297 = VECTOR('',#5298,1.);
#5298 = DIRECTION('',(-0.,-0.,-1.));
#5299 = PLANE('',#5300);
#5300 = AXIS2_PLACEMENT_3D('',#5301,#5302,#5303);
#5301 = CARTESIAN_POINT('',(18.45,-15.112,5.01));
#5302 = DIRECTION('',(-1.,0.,0.));
#5303 = DIRECTION('',(0.,-1.,0.));
#5304 = ADVANCED_FACE('',(#5305,#5308),#5319,.F.);
#5305 = FACE_BOUND('',#5306,.F.);
#5306 = EDGE_LOOP('',(#5307));
#5307 = ORIENTED_EDGE('',*,*,#3314,.T.);
#5308 = FACE_BOUND('',#5309,.F.);
#5309 = EDGE_LOOP('',(#5310));
#5310 = ORIENTED_EDGE('',*,*,#5311,.F.);
#5311 = EDGE_CURVE('',#5312,#5312,#5314,.T.);
#5312 = VERTEX_POINT('',#5313);
#5313 = CARTESIAN_POINT('',(21.65,-104.,-1.195));
#5314 = CIRCLE('',#5315,2.3);
#5315 = AXIS2_PLACEMENT_3D('',#5316,#5317,#5318);
#5316 = CARTESIAN_POINT('',(19.35,-104.,-1.195));
#5317 = DIRECTION('',(0.,0.,1.));
#5318 = DIRECTION('',(1.,0.,0.));
#5319 = PLANE('',#5320);
#5320 = AXIS2_PLACEMENT_3D('',#5321,#5322,#5323);
#5321 = CARTESIAN_POINT('',(96.4125,-65.1825,-1.195));
#5322 = DIRECTION('',(0.,0.,1.));
#5323 = DIRECTION('',(1.,0.,0.));
#5324 = ADVANCED_FACE('',(#5325),#5343,.T.);
#5325 = FACE_BOUND('',#5326,.T.);
#5326 = EDGE_LOOP('',(#5327,#5335,#5341,#5342));
#5327 = ORIENTED_EDGE('',*,*,#5328,.F.);
#5328 = EDGE_CURVE('',#5329,#3478,#5331,.T.);
#5329 = VERTEX_POINT('',#5330);
#5330 = CARTESIAN_POINT('',(186.,-16.,5.01));
#5331 = LINE('',#5332,#5333);
#5332 = CARTESIAN_POINT('',(186.,-16.,5.01));
#5333 = VECTOR('',#5334,1.);
#5334 = DIRECTION('',(-1.,0.,0.));
#5335 = ORIENTED_EDGE('',*,*,#5336,.T.);
#5336 = EDGE_CURVE('',#5329,#4309,#5337,.T.);
#5337 = LINE('',#5338,#5339);
#5338 = CARTESIAN_POINT('',(186.,-16.,5.01));
#5339 = VECTOR('',#5340,1.);
#5340 = DIRECTION('',(0.,0.,1.));
#5341 = ORIENTED_EDGE('',*,*,#4316,.T.);
#5342 = ORIENTED_EDGE('',*,*,#3485,.F.);
#5343 = PLANE('',#5344);
#5344 = AXIS2_PLACEMENT_3D('',#5345,#5346,#5347);
#5345 = CARTESIAN_POINT('',(186.,-16.,5.01));
#5346 = DIRECTION('',(0.,-1.,0.));
#5347 = DIRECTION('',(-1.,0.,0.));
#5348 = ADVANCED_FACE('',(#5349),#5374,.F.);
#5349 = FACE_BOUND('',#5350,.F.);
#5350 = EDGE_LOOP('',(#5351,#5359,#5365,#5366,#5367,#5373));
#5351 = ORIENTED_EDGE('',*,*,#5352,.T.);
#5352 = EDGE_CURVE('',#3759,#5353,#5355,.T.);
#5353 = VERTEX_POINT('',#5354);
#5354 = CARTESIAN_POINT('',(187.58,-15.112,5.01));
#5355 = LINE('',#5356,#5357);
#5356 = CARTESIAN_POINT('',(187.58,-86.03957511285,5.01));
#5357 = VECTOR('',#5358,1.);
#5358 = DIRECTION('',(0.,1.,0.));
#5359 = ORIENTED_EDGE('',*,*,#5360,.T.);
#5360 = EDGE_CURVE('',#5353,#3470,#5361,.T.);
#5361 = LINE('',#5362,#5363);
#5362 = CARTESIAN_POINT('',(187.58,-15.112,5.01));
#5363 = VECTOR('',#5364,1.);
#5364 = DIRECTION('',(-1.,0.,0.));
#5365 = ORIENTED_EDGE('',*,*,#3477,.F.);
#5366 = ORIENTED_EDGE('',*,*,#5328,.F.);
#5367 = ORIENTED_EDGE('',*,*,#5368,.F.);
#5368 = EDGE_CURVE('',#3750,#5329,#5369,.T.);
#5369 = LINE('',#5370,#5371);
#5370 = CARTESIAN_POINT('',(186.,-84.,5.01));
#5371 = VECTOR('',#5372,1.);
#5372 = DIRECTION('',(0.,1.,0.));
#5373 = ORIENTED_EDGE('',*,*,#3758,.F.);
#5374 = PLANE('',#5375);
#5375 = AXIS2_PLACEMENT_3D('',#5376,#5377,#5378);
#5376 = CARTESIAN_POINT('',(98.793251988672,-62.50797700162,5.01));
#5377 = DIRECTION('',(0.,0.,1.));
#5378 = DIRECTION('',(1.,0.,0.));
#5379 = ADVANCED_FACE('',(#5380),#5398,.F.);
#5380 = FACE_BOUND('',#5381,.F.);
#5381 = EDGE_LOOP('',(#5382,#5383,#5391,#5397));
#5382 = ORIENTED_EDGE('',*,*,#5360,.F.);
#5383 = ORIENTED_EDGE('',*,*,#5384,.T.);
#5384 = EDGE_CURVE('',#5353,#5385,#5387,.T.);
#5385 = VERTEX_POINT('',#5386);
#5386 = CARTESIAN_POINT('',(187.58,-15.112,3.81));
#5387 = LINE('',#5388,#5389);
#5388 = CARTESIAN_POINT('',(187.58,-15.112,5.01));
#5389 = VECTOR('',#5390,1.);
#5390 = DIRECTION('',(-0.,-0.,-1.));
#5391 = ORIENTED_EDGE('',*,*,#5392,.T.);
#5392 = EDGE_CURVE('',#5385,#3462,#5393,.T.);
#5393 = LINE('',#5394,#5395);
#5394 = CARTESIAN_POINT('',(187.58,-15.112,3.81));
#5395 = VECTOR('',#5396,1.);
#5396 = DIRECTION('',(-1.,0.,0.));
#5397 = ORIENTED_EDGE('',*,*,#3469,.F.);
#5398 = PLANE('',#5399);
#5399 = AXIS2_PLACEMENT_3D('',#5400,#5401,#5402);
#5400 = CARTESIAN_POINT('',(187.58,-15.112,5.01));
#5401 = DIRECTION('',(0.,1.,0.));
#5402 = DIRECTION('',(-1.,0.,0.));
#5403 = ADVANCED_FACE('',(#5404),#5417,.F.);
#5404 = FACE_BOUND('',#5405,.F.);
#5405 = EDGE_LOOP('',(#5406,#5407,#5408,#5409,#5415,#5416));
#5406 = ORIENTED_EDGE('',*,*,#3532,.T.);
#5407 = ORIENTED_EDGE('',*,*,#3461,.F.);
#5408 = ORIENTED_EDGE('',*,*,#5392,.F.);
#5409 = ORIENTED_EDGE('',*,*,#5410,.F.);
#5410 = EDGE_CURVE('',#3768,#5385,#5411,.T.);
#5411 = LINE('',#5412,#5413);
#5412 = CARTESIAN_POINT('',(187.58,-86.03957511285,3.81));
#5413 = VECTOR('',#5414,1.);
#5414 = DIRECTION('',(0.,1.,0.));
#5415 = ORIENTED_EDGE('',*,*,#3775,.F.);
#5416 = ORIENTED_EDGE('',*,*,#3580,.T.);
#5417 = PLANE('',#5418);
#5418 = AXIS2_PLACEMENT_3D('',#5419,#5420,#5421);
#5419 = CARTESIAN_POINT('',(98.929500271087,-62.66730779271,3.81));
#5420 = DIRECTION('',(0.,0.,1.));
#5421 = DIRECTION('',(1.,0.,0.));
#5422 = ADVANCED_FACE('',(#5423),#5444,.F.);
#5423 = FACE_BOUND('',#5424,.F.);
#5424 = EDGE_LOOP('',(#5425,#5426,#5427,#5428,#5429,#5437,#5443));
#5425 = ORIENTED_EDGE('',*,*,#3622,.F.);
#5426 = ORIENTED_EDGE('',*,*,#3793,.T.);
#5427 = ORIENTED_EDGE('',*,*,#3817,.T.);
#5428 = ORIENTED_EDGE('',*,*,#3723,.F.);
#5429 = ORIENTED_EDGE('',*,*,#5430,.F.);
#5430 = EDGE_CURVE('',#5431,#3724,#5433,.T.);
#5431 = VERTEX_POINT('',#5432);
#5432 = CARTESIAN_POINT('',(187.58,-86.03957511285,3.81));
#5433 = LINE('',#5434,#5435);
#5434 = CARTESIAN_POINT('',(187.58,-86.03957511285,3.81));
#5435 = VECTOR('',#5436,1.);
#5436 = DIRECTION('',(0.,1.,0.));
#5437 = ORIENTED_EDGE('',*,*,#5438,.F.);
#5438 = EDGE_CURVE('',#3598,#5431,#5439,.T.);
#5439 = LINE('',#5440,#5441);
#5440 = CARTESIAN_POINT('',(134.60345007397,-116.46,3.81));
#5441 = VECTOR('',#5442,1.);
#5442 = DIRECTION('',(0.867196823034,0.497965531057,0.));
#5443 = ORIENTED_EDGE('',*,*,#3595,.F.);
#5444 = PLANE('',#5445);
#5445 = AXIS2_PLACEMENT_3D('',#5446,#5447,#5448);
#5446 = CARTESIAN_POINT('',(98.929500271087,-62.66730779271,3.81));
#5447 = DIRECTION('',(0.,0.,1.));
#5448 = DIRECTION('',(1.,0.,0.));
#5449 = ADVANCED_FACE('',(#5450),#5468,.F.);
#5450 = FACE_BOUND('',#5451,.F.);
#5451 = EDGE_LOOP('',(#5452,#5460,#5461,#5462));
#5452 = ORIENTED_EDGE('',*,*,#5453,.F.);
#5453 = EDGE_CURVE('',#3675,#5454,#5456,.T.);
#5454 = VERTEX_POINT('',#5455);
#5455 = CARTESIAN_POINT('',(187.58,-86.03957511285,5.01));
#5456 = LINE('',#5457,#5458);
#5457 = CARTESIAN_POINT('',(134.60345007397,-116.46,5.01));
#5458 = VECTOR('',#5459,1.);
#5459 = DIRECTION('',(0.867196823034,0.497965531057,0.));
#5460 = ORIENTED_EDGE('',*,*,#3683,.F.);
#5461 = ORIENTED_EDGE('',*,*,#5438,.T.);
#5462 = ORIENTED_EDGE('',*,*,#5463,.F.);
#5463 = EDGE_CURVE('',#5454,#5431,#5464,.T.);
#5464 = LINE('',#5465,#5466);
#5465 = CARTESIAN_POINT('',(187.58,-86.03957511285,5.01));
#5466 = VECTOR('',#5467,1.);
#5467 = DIRECTION('',(-0.,-0.,-1.));
#5468 = PLANE('',#5469);
#5469 = AXIS2_PLACEMENT_3D('',#5470,#5471,#5472);
#5470 = CARTESIAN_POINT('',(134.60345007397,-116.46,5.01));
#5471 = DIRECTION('',(0.497965531057,-0.867196823034,0.));
#5472 = DIRECTION('',(0.867196823034,0.497965531057,0.));
#5473 = ADVANCED_FACE('',(#5474),#5499,.F.);
#5474 = FACE_BOUND('',#5475,.F.);
#5475 = EDGE_LOOP('',(#5476,#5482,#5483,#5491,#5497,#5498));
#5476 = ORIENTED_EDGE('',*,*,#5477,.T.);
#5477 = EDGE_CURVE('',#5454,#3733,#5478,.T.);
#5478 = LINE('',#5479,#5480);
#5479 = CARTESIAN_POINT('',(187.58,-86.03957511285,5.01));
#5480 = VECTOR('',#5481,1.);
#5481 = DIRECTION('',(0.,1.,0.));
#5482 = ORIENTED_EDGE('',*,*,#3740,.F.);
#5483 = ORIENTED_EDGE('',*,*,#5484,.F.);
#5484 = EDGE_CURVE('',#5485,#3741,#5487,.T.);
#5485 = VERTEX_POINT('',#5486);
#5486 = CARTESIAN_POINT('',(186.,-84.,5.01));
#5487 = LINE('',#5488,#5489);
#5488 = CARTESIAN_POINT('',(186.,-84.,5.01));
#5489 = VECTOR('',#5490,1.);
#5490 = DIRECTION('',(0.,1.,0.));
#5491 = ORIENTED_EDGE('',*,*,#5492,.F.);
#5492 = EDGE_CURVE('',#3666,#5485,#5493,.T.);
#5493 = LINE('',#5494,#5495);
#5494 = CARTESIAN_POINT('',(135.,-114.,5.01));
#5495 = VECTOR('',#5496,1.);
#5496 = DIRECTION('',(0.861934215158,0.507020126563,0.));
#5497 = ORIENTED_EDGE('',*,*,#3674,.F.);
#5498 = ORIENTED_EDGE('',*,*,#5453,.T.);
#5499 = PLANE('',#5500);
#5500 = AXIS2_PLACEMENT_3D('',#5501,#5502,#5503);
#5501 = CARTESIAN_POINT('',(98.793251988672,-62.50797700162,5.01));
#5502 = DIRECTION('',(0.,0.,1.));
#5503 = DIRECTION('',(1.,0.,0.));
#5504 = ADVANCED_FACE('',(#5505),#5514,.T.);
#5505 = FACE_BOUND('',#5506,.T.);
#5506 = EDGE_LOOP('',(#5507,#5513));
#5507 = ORIENTED_EDGE('',*,*,#5508,.T.);
#5508 = EDGE_CURVE('',#3657,#3666,#5509,.T.);
#5509 = LINE('',#5510,#5511);
#5510 = CARTESIAN_POINT('',(135.,-114.,5.01));
#5511 = VECTOR('',#5512,1.);
#5512 = DIRECTION('',(0.861934215158,0.507020126563,0.));
#5513 = ORIENTED_EDGE('',*,*,#3665,.T.);
#5514 = PLANE('',#5515);
#5515 = AXIS2_PLACEMENT_3D('',#5516,#5517,#5518);
#5516 = CARTESIAN_POINT('',(96.4125,-65.1825,5.01));
#5517 = DIRECTION('',(0.,0.,1.));
#5518 = DIRECTION('',(1.,0.,0.));
#5519 = ADVANCED_FACE('',(#5520),#5531,.F.);
#5520 = FACE_BOUND('',#5521,.F.);
#5521 = EDGE_LOOP('',(#5522,#5523,#5529,#5530));
#5522 = ORIENTED_EDGE('',*,*,#4526,.F.);
#5523 = ORIENTED_EDGE('',*,*,#5524,.T.);
#5524 = EDGE_CURVE('',#4519,#5261,#5525,.T.);
#5525 = LINE('',#5526,#5527);
#5526 = CARTESIAN_POINT('',(134.60345007397,-116.46,5.01));
#5527 = VECTOR('',#5528,1.);
#5528 = DIRECTION('',(-0.,-0.,-1.));
#5529 = ORIENTED_EDGE('',*,*,#5260,.T.);
#5530 = ORIENTED_EDGE('',*,*,#3648,.T.);
#5531 = PLANE('',#5532);
#5532 = AXIS2_PLACEMENT_3D('',#5533,#5534,#5535);
#5533 = CARTESIAN_POINT('',(134.60345007397,-116.46,5.01));
#5534 = DIRECTION('',(0.497965531057,-0.867196823034,0.));
#5535 = DIRECTION('',(0.867196823034,0.497965531057,0.));
#5536 = ADVANCED_FACE('',(#5537,#5540),#5551,.F.);
#5537 = FACE_BOUND('',#5538,.F.);
#5538 = EDGE_LOOP('',(#5539));
#5539 = ORIENTED_EDGE('',*,*,#3614,.T.);
#5540 = FACE_BOUND('',#5541,.F.);
#5541 = EDGE_LOOP('',(#5542));
#5542 = ORIENTED_EDGE('',*,*,#5543,.F.);
#5543 = EDGE_CURVE('',#5544,#5544,#5546,.T.);
#5544 = VERTEX_POINT('',#5545);
#5545 = CARTESIAN_POINT('',(162.57,-100.73,-1.195));
#5546 = CIRCLE('',#5547,2.3);
#5547 = AXIS2_PLACEMENT_3D('',#5548,#5549,#5550);
#5548 = CARTESIAN_POINT('',(160.27,-100.73,-1.195));
#5549 = DIRECTION('',(0.,0.,1.));
#5550 = DIRECTION('',(1.,0.,0.));
#5551 = PLANE('',#5552);
#5552 = AXIS2_PLACEMENT_3D('',#5553,#5554,#5555);
#5553 = CARTESIAN_POINT('',(96.4125,-65.1825,-1.195));
#5554 = DIRECTION('',(0.,0.,1.));
#5555 = DIRECTION('',(1.,0.,0.));
#5556 = ADVANCED_FACE('',(#5557),#5563,.F.);
#5557 = FACE_BOUND('',#5558,.F.);
#5558 = EDGE_LOOP('',(#5559,#5560,#5561,#5562));
#5559 = ORIENTED_EDGE('',*,*,#5352,.F.);
#5560 = ORIENTED_EDGE('',*,*,#3767,.F.);
#5561 = ORIENTED_EDGE('',*,*,#5410,.T.);
#5562 = ORIENTED_EDGE('',*,*,#5384,.F.);
#5563 = PLANE('',#5564);
#5564 = AXIS2_PLACEMENT_3D('',#5565,#5566,#5567);
#5565 = CARTESIAN_POINT('',(187.58,-86.03957511285,5.01));
#5566 = DIRECTION('',(1.,0.,0.));
#5567 = DIRECTION('',(0.,1.,0.));
#5568 = ADVANCED_FACE('',(#5569),#5578,.T.);
#5569 = FACE_BOUND('',#5570,.T.);
#5570 = EDGE_LOOP('',(#5571,#5577));
#5571 = ORIENTED_EDGE('',*,*,#5572,.T.);
#5572 = EDGE_CURVE('',#3741,#3750,#5573,.T.);
#5573 = LINE('',#5574,#5575);
#5574 = CARTESIAN_POINT('',(186.,-84.,5.01));
#5575 = VECTOR('',#5576,1.);
#5576 = DIRECTION('',(0.,1.,0.));
#5577 = ORIENTED_EDGE('',*,*,#3749,.T.);
#5578 = PLANE('',#5579);
#5579 = AXIS2_PLACEMENT_3D('',#5580,#5581,#5582);
#5580 = CARTESIAN_POINT('',(96.4125,-65.1825,5.01));
#5581 = DIRECTION('',(0.,0.,1.));
#5582 = DIRECTION('',(1.,0.,0.));
#5583 = ADVANCED_FACE('',(#5584),#5590,.F.);
#5584 = FACE_BOUND('',#5585,.F.);
#5585 = EDGE_LOOP('',(#5586,#5587,#5588,#5589));
#5586 = ORIENTED_EDGE('',*,*,#5477,.F.);
#5587 = ORIENTED_EDGE('',*,*,#5463,.T.);
#5588 = ORIENTED_EDGE('',*,*,#5430,.T.);
#5589 = ORIENTED_EDGE('',*,*,#3732,.T.);
#5590 = PLANE('',#5591);
#5591 = AXIS2_PLACEMENT_3D('',#5592,#5593,#5594);
#5592 = CARTESIAN_POINT('',(187.58,-86.03957511285,5.01));
#5593 = DIRECTION('',(1.,0.,0.));
#5594 = DIRECTION('',(0.,1.,0.));
#5595 = ADVANCED_FACE('',(#5596,#5599),#5610,.F.);
#5596 = FACE_BOUND('',#5597,.F.);
#5597 = EDGE_LOOP('',(#5598));
#5598 = ORIENTED_EDGE('',*,*,#3706,.T.);
#5599 = FACE_BOUND('',#5600,.F.);
#5600 = EDGE_LOOP('',(#5601));
#5601 = ORIENTED_EDGE('',*,*,#5602,.F.);
#5602 = EDGE_CURVE('',#5603,#5603,#5605,.T.);
#5603 = VERTEX_POINT('',#5604);
#5604 = CARTESIAN_POINT('',(188.98,-28.,-1.195));
#5605 = CIRCLE('',#5606,2.3);
#5606 = AXIS2_PLACEMENT_3D('',#5607,#5608,#5609);
#5607 = CARTESIAN_POINT('',(186.68,-28.,-1.195));
#5608 = DIRECTION('',(0.,0.,1.));
#5609 = DIRECTION('',(1.,0.,0.));
#5610 = PLANE('',#5611);
#5611 = AXIS2_PLACEMENT_3D('',#5612,#5613,#5614);
#5612 = CARTESIAN_POINT('',(96.4125,-65.1825,-1.195));
#5613 = DIRECTION('',(0.,0.,1.));
#5614 = DIRECTION('',(1.,0.,0.));
#5615 = ADVANCED_FACE('',(#5616,#5636,#5670,#5704,#5738,#5772,#5806,
    #5840,#5874,#5908,#5942,#5976,#6010,#6044,#6078,#6112,#6146),#6180,
  .T.);
#5616 = FACE_BOUND('',#5617,.T.);
#5617 = EDGE_LOOP('',(#5618,#5625,#5626,#5627,#5628,#5635));
#5618 = ORIENTED_EDGE('',*,*,#5619,.F.);
#5619 = EDGE_CURVE('',#3954,#4009,#5620,.T.);
#5620 = CIRCLE('',#5621,3.4);
#5621 = AXIS2_PLACEMENT_3D('',#5622,#5623,#5624);
#5622 = CARTESIAN_POINT('',(27.5,-107.5,6.51));
#5623 = DIRECTION('',(0.,0.,1.));
#5624 = DIRECTION('',(1.,0.,0.));
#5625 = ORIENTED_EDGE('',*,*,#3961,.T.);
#5626 = ORIENTED_EDGE('',*,*,#4040,.T.);
#5627 = ORIENTED_EDGE('',*,*,#4065,.T.);
#5628 = ORIENTED_EDGE('',*,*,#5629,.F.);
#5629 = EDGE_CURVE('',#4001,#4066,#5630,.T.);
#5630 = CIRCLE('',#5631,3.4);
#5631 = AXIS2_PLACEMENT_3D('',#5632,#5633,#5634);
#5632 = CARTESIAN_POINT('',(27.5,-25.,6.51));
#5633 = DIRECTION('',(0.,0.,1.));
#5634 = DIRECTION('',(1.,0.,0.));
#5635 = ORIENTED_EDGE('',*,*,#4008,.T.);
#5636 = FACE_BOUND('',#5637,.T.);
#5637 = EDGE_LOOP('',(#5638,#5648,#5656,#5664));
#5638 = ORIENTED_EDGE('',*,*,#5639,.F.);
#5639 = EDGE_CURVE('',#5640,#5642,#5644,.T.);
#5640 = VERTEX_POINT('',#5641);
#5641 = CARTESIAN_POINT('',(31.075,-102.275,6.51));
#5642 = VERTEX_POINT('',#5643);
#5643 = CARTESIAN_POINT('',(45.125,-102.275,6.51));
#5644 = LINE('',#5645,#5646);
#5645 = CARTESIAN_POINT('',(31.075,-102.275,6.51));
#5646 = VECTOR('',#5647,1.);
#5647 = DIRECTION('',(1.,0.,0.));
#5648 = ORIENTED_EDGE('',*,*,#5649,.F.);
#5649 = EDGE_CURVE('',#5650,#5640,#5652,.T.);
#5650 = VERTEX_POINT('',#5651);
#5651 = CARTESIAN_POINT('',(31.075,-88.225,6.51));
#5652 = LINE('',#5653,#5654);
#5653 = CARTESIAN_POINT('',(31.075,-88.225,6.51));
#5654 = VECTOR('',#5655,1.);
#5655 = DIRECTION('',(0.,-1.,0.));
#5656 = ORIENTED_EDGE('',*,*,#5657,.F.);
#5657 = EDGE_CURVE('',#5658,#5650,#5660,.T.);
#5658 = VERTEX_POINT('',#5659);
#5659 = CARTESIAN_POINT('',(45.125,-88.225,6.51));
#5660 = LINE('',#5661,#5662);
#5661 = CARTESIAN_POINT('',(45.125,-88.225,6.51));
#5662 = VECTOR('',#5663,1.);
#5663 = DIRECTION('',(-1.,0.,0.));
#5664 = ORIENTED_EDGE('',*,*,#5665,.F.);
#5665 = EDGE_CURVE('',#5642,#5658,#5666,.T.);
#5666 = LINE('',#5667,#5668);
#5667 = CARTESIAN_POINT('',(45.125,-102.275,6.51));
#5668 = VECTOR('',#5669,1.);
#5669 = DIRECTION('',(0.,1.,0.));
#5670 = FACE_BOUND('',#5671,.T.);
#5671 = EDGE_LOOP('',(#5672,#5682,#5690,#5698));
#5672 = ORIENTED_EDGE('',*,*,#5673,.F.);
#5673 = EDGE_CURVE('',#5674,#5676,#5678,.T.);
#5674 = VERTEX_POINT('',#5675);
#5675 = CARTESIAN_POINT('',(50.125,-102.275,6.51));
#5676 = VERTEX_POINT('',#5677);
#5677 = CARTESIAN_POINT('',(64.175,-102.275,6.51));
#5678 = LINE('',#5679,#5680);
#5679 = CARTESIAN_POINT('',(50.125,-102.275,6.51));
#5680 = VECTOR('',#5681,1.);
#5681 = DIRECTION('',(1.,0.,0.));
#5682 = ORIENTED_EDGE('',*,*,#5683,.F.);
#5683 = EDGE_CURVE('',#5684,#5674,#5686,.T.);
#5684 = VERTEX_POINT('',#5685);
#5685 = CARTESIAN_POINT('',(50.125,-88.225,6.51));
#5686 = LINE('',#5687,#5688);
#5687 = CARTESIAN_POINT('',(50.125,-88.225,6.51));
#5688 = VECTOR('',#5689,1.);
#5689 = DIRECTION('',(0.,-1.,0.));
#5690 = ORIENTED_EDGE('',*,*,#5691,.F.);
#5691 = EDGE_CURVE('',#5692,#5684,#5694,.T.);
#5692 = VERTEX_POINT('',#5693);
#5693 = CARTESIAN_POINT('',(64.175,-88.225,6.51));
#5694 = LINE('',#5695,#5696);
#5695 = CARTESIAN_POINT('',(64.175,-88.225,6.51));
#5696 = VECTOR('',#5697,1.);
#5697 = DIRECTION('',(-1.,0.,0.));
#5698 = ORIENTED_EDGE('',*,*,#5699,.F.);
#5699 = EDGE_CURVE('',#5676,#5692,#5700,.T.);
#5700 = LINE('',#5701,#5702);
#5701 = CARTESIAN_POINT('',(64.175,-102.275,6.51));
#5702 = VECTOR('',#5703,1.);
#5703 = DIRECTION('',(0.,1.,0.));
#5704 = FACE_BOUND('',#5705,.T.);
#5705 = EDGE_LOOP('',(#5706,#5716,#5724,#5732));
#5706 = ORIENTED_EDGE('',*,*,#5707,.F.);
#5707 = EDGE_CURVE('',#5708,#5710,#5712,.T.);
#5708 = VERTEX_POINT('',#5709);
#5709 = CARTESIAN_POINT('',(31.075,-83.225,6.51));
#5710 = VERTEX_POINT('',#5711);
#5711 = CARTESIAN_POINT('',(45.125,-83.225,6.51));
#5712 = LINE('',#5713,#5714);
#5713 = CARTESIAN_POINT('',(31.075,-83.225,6.51));
#5714 = VECTOR('',#5715,1.);
#5715 = DIRECTION('',(1.,0.,0.));
#5716 = ORIENTED_EDGE('',*,*,#5717,.F.);
#5717 = EDGE_CURVE('',#5718,#5708,#5720,.T.);
#5718 = VERTEX_POINT('',#5719);
#5719 = CARTESIAN_POINT('',(31.075,-69.175,6.51));
#5720 = LINE('',#5721,#5722);
#5721 = CARTESIAN_POINT('',(31.075,-69.175,6.51));
#5722 = VECTOR('',#5723,1.);
#5723 = DIRECTION('',(0.,-1.,0.));
#5724 = ORIENTED_EDGE('',*,*,#5725,.F.);
#5725 = EDGE_CURVE('',#5726,#5718,#5728,.T.);
#5726 = VERTEX_POINT('',#5727);
#5727 = CARTESIAN_POINT('',(45.125,-69.175,6.51));
#5728 = LINE('',#5729,#5730);
#5729 = CARTESIAN_POINT('',(45.125,-69.175,6.51));
#5730 = VECTOR('',#5731,1.);
#5731 = DIRECTION('',(-1.,0.,0.));
#5732 = ORIENTED_EDGE('',*,*,#5733,.F.);
#5733 = EDGE_CURVE('',#5710,#5726,#5734,.T.);
#5734 = LINE('',#5735,#5736);
#5735 = CARTESIAN_POINT('',(45.125,-83.225,6.51));
#5736 = VECTOR('',#5737,1.);
#5737 = DIRECTION('',(0.,1.,0.));
#5738 = FACE_BOUND('',#5739,.T.);
#5739 = EDGE_LOOP('',(#5740,#5750,#5758,#5766));
#5740 = ORIENTED_EDGE('',*,*,#5741,.F.);
#5741 = EDGE_CURVE('',#5742,#5744,#5746,.T.);
#5742 = VERTEX_POINT('',#5743);
#5743 = CARTESIAN_POINT('',(50.125,-83.225,6.51));
#5744 = VERTEX_POINT('',#5745);
#5745 = CARTESIAN_POINT('',(64.175,-83.225,6.51));
#5746 = LINE('',#5747,#5748);
#5747 = CARTESIAN_POINT('',(50.125,-83.225,6.51));
#5748 = VECTOR('',#5749,1.);
#5749 = DIRECTION('',(1.,0.,0.));
#5750 = ORIENTED_EDGE('',*,*,#5751,.F.);
#5751 = EDGE_CURVE('',#5752,#5742,#5754,.T.);
#5752 = VERTEX_POINT('',#5753);
#5753 = CARTESIAN_POINT('',(50.125,-69.175,6.51));
#5754 = LINE('',#5755,#5756);
#5755 = CARTESIAN_POINT('',(50.125,-69.175,6.51));
#5756 = VECTOR('',#5757,1.);
#5757 = DIRECTION('',(0.,-1.,0.));
#5758 = ORIENTED_EDGE('',*,*,#5759,.F.);
#5759 = EDGE_CURVE('',#5760,#5752,#5762,.T.);
#5760 = VERTEX_POINT('',#5761);
#5761 = CARTESIAN_POINT('',(64.175,-69.175,6.51));
#5762 = LINE('',#5763,#5764);
#5763 = CARTESIAN_POINT('',(64.175,-69.175,6.51));
#5764 = VECTOR('',#5765,1.);
#5765 = DIRECTION('',(-1.,0.,0.));
#5766 = ORIENTED_EDGE('',*,*,#5767,.F.);
#5767 = EDGE_CURVE('',#5744,#5760,#5768,.T.);
#5768 = LINE('',#5769,#5770);
#5769 = CARTESIAN_POINT('',(64.175,-83.225,6.51));
#5770 = VECTOR('',#5771,1.);
#5771 = DIRECTION('',(0.,1.,0.));
#5772 = FACE_BOUND('',#5773,.T.);
#5773 = EDGE_LOOP('',(#5774,#5784,#5792,#5800));
#5774 = ORIENTED_EDGE('',*,*,#5775,.F.);
#5775 = EDGE_CURVE('',#5776,#5778,#5780,.T.);
#5776 = VERTEX_POINT('',#5777);
#5777 = CARTESIAN_POINT('',(69.175,-102.275,6.51));
#5778 = VERTEX_POINT('',#5779);
#5779 = CARTESIAN_POINT('',(83.225,-102.275,6.51));
#5780 = LINE('',#5781,#5782);
#5781 = CARTESIAN_POINT('',(69.175,-102.275,6.51));
#5782 = VECTOR('',#5783,1.);
#5783 = DIRECTION('',(1.,0.,0.));
#5784 = ORIENTED_EDGE('',*,*,#5785,.F.);
#5785 = EDGE_CURVE('',#5786,#5776,#5788,.T.);
#5786 = VERTEX_POINT('',#5787);
#5787 = CARTESIAN_POINT('',(69.175,-88.225,6.51));
#5788 = LINE('',#5789,#5790);
#5789 = CARTESIAN_POINT('',(69.175,-88.225,6.51));
#5790 = VECTOR('',#5791,1.);
#5791 = DIRECTION('',(0.,-1.,0.));
#5792 = ORIENTED_EDGE('',*,*,#5793,.F.);
#5793 = EDGE_CURVE('',#5794,#5786,#5796,.T.);
#5794 = VERTEX_POINT('',#5795);
#5795 = CARTESIAN_POINT('',(83.225,-88.225,6.51));
#5796 = LINE('',#5797,#5798);
#5797 = CARTESIAN_POINT('',(83.225,-88.225,6.51));
#5798 = VECTOR('',#5799,1.);
#5799 = DIRECTION('',(-1.,0.,0.));
#5800 = ORIENTED_EDGE('',*,*,#5801,.F.);
#5801 = EDGE_CURVE('',#5778,#5794,#5802,.T.);
#5802 = LINE('',#5803,#5804);
#5803 = CARTESIAN_POINT('',(83.225,-102.275,6.51));
#5804 = VECTOR('',#5805,1.);
#5805 = DIRECTION('',(0.,1.,0.));
#5806 = FACE_BOUND('',#5807,.T.);
#5807 = EDGE_LOOP('',(#5808,#5818,#5826,#5834));
#5808 = ORIENTED_EDGE('',*,*,#5809,.F.);
#5809 = EDGE_CURVE('',#5810,#5812,#5814,.T.);
#5810 = VERTEX_POINT('',#5811);
#5811 = CARTESIAN_POINT('',(88.225,-102.275,6.51));
#5812 = VERTEX_POINT('',#5813);
#5813 = CARTESIAN_POINT('',(102.275,-102.275,6.51));
#5814 = LINE('',#5815,#5816);
#5815 = CARTESIAN_POINT('',(88.225,-102.275,6.51));
#5816 = VECTOR('',#5817,1.);
#5817 = DIRECTION('',(1.,0.,0.));
#5818 = ORIENTED_EDGE('',*,*,#5819,.F.);
#5819 = EDGE_CURVE('',#5820,#5810,#5822,.T.);
#5820 = VERTEX_POINT('',#5821);
#5821 = CARTESIAN_POINT('',(88.225,-88.225,6.51));
#5822 = LINE('',#5823,#5824);
#5823 = CARTESIAN_POINT('',(88.225,-88.225,6.51));
#5824 = VECTOR('',#5825,1.);
#5825 = DIRECTION('',(0.,-1.,0.));
#5826 = ORIENTED_EDGE('',*,*,#5827,.F.);
#5827 = EDGE_CURVE('',#5828,#5820,#5830,.T.);
#5828 = VERTEX_POINT('',#5829);
#5829 = CARTESIAN_POINT('',(102.275,-88.225,6.51));
#5830 = LINE('',#5831,#5832);
#5831 = CARTESIAN_POINT('',(102.275,-88.225,6.51));
#5832 = VECTOR('',#5833,1.);
#5833 = DIRECTION('',(-1.,0.,0.));
#5834 = ORIENTED_EDGE('',*,*,#5835,.F.);
#5835 = EDGE_CURVE('',#5812,#5828,#5836,.T.);
#5836 = LINE('',#5837,#5838);
#5837 = CARTESIAN_POINT('',(102.275,-102.275,6.51));
#5838 = VECTOR('',#5839,1.);
#5839 = DIRECTION('',(0.,1.,0.));
#5840 = FACE_BOUND('',#5841,.T.);
#5841 = EDGE_LOOP('',(#5842,#5852,#5860,#5868));
#5842 = ORIENTED_EDGE('',*,*,#5843,.F.);
#5843 = EDGE_CURVE('',#5844,#5846,#5848,.T.);
#5844 = VERTEX_POINT('',#5845);
#5845 = CARTESIAN_POINT('',(69.175,-83.225,6.51));
#5846 = VERTEX_POINT('',#5847);
#5847 = CARTESIAN_POINT('',(83.225,-83.225,6.51));
#5848 = LINE('',#5849,#5850);
#5849 = CARTESIAN_POINT('',(69.175,-83.225,6.51));
#5850 = VECTOR('',#5851,1.);
#5851 = DIRECTION('',(1.,0.,0.));
#5852 = ORIENTED_EDGE('',*,*,#5853,.F.);
#5853 = EDGE_CURVE('',#5854,#5844,#5856,.T.);
#5854 = VERTEX_POINT('',#5855);
#5855 = CARTESIAN_POINT('',(69.175,-69.175,6.51));
#5856 = LINE('',#5857,#5858);
#5857 = CARTESIAN_POINT('',(69.175,-69.175,6.51));
#5858 = VECTOR('',#5859,1.);
#5859 = DIRECTION('',(0.,-1.,0.));
#5860 = ORIENTED_EDGE('',*,*,#5861,.F.);
#5861 = EDGE_CURVE('',#5862,#5854,#5864,.T.);
#5862 = VERTEX_POINT('',#5863);
#5863 = CARTESIAN_POINT('',(83.225,-69.175,6.51));
#5864 = LINE('',#5865,#5866);
#5865 = CARTESIAN_POINT('',(83.225,-69.175,6.51));
#5866 = VECTOR('',#5867,1.);
#5867 = DIRECTION('',(-1.,0.,0.));
#5868 = ORIENTED_EDGE('',*,*,#5869,.F.);
#5869 = EDGE_CURVE('',#5846,#5862,#5870,.T.);
#5870 = LINE('',#5871,#5872);
#5871 = CARTESIAN_POINT('',(83.225,-83.225,6.51));
#5872 = VECTOR('',#5873,1.);
#5873 = DIRECTION('',(0.,1.,0.));
#5874 = FACE_BOUND('',#5875,.T.);
#5875 = EDGE_LOOP('',(#5876,#5886,#5894,#5902));
#5876 = ORIENTED_EDGE('',*,*,#5877,.F.);
#5877 = EDGE_CURVE('',#5878,#5880,#5882,.T.);
#5878 = VERTEX_POINT('',#5879);
#5879 = CARTESIAN_POINT('',(88.225,-83.225,6.51));
#5880 = VERTEX_POINT('',#5881);
#5881 = CARTESIAN_POINT('',(102.275,-83.225,6.51));
#5882 = LINE('',#5883,#5884);
#5883 = CARTESIAN_POINT('',(88.225,-83.225,6.51));
#5884 = VECTOR('',#5885,1.);
#5885 = DIRECTION('',(1.,0.,0.));
#5886 = ORIENTED_EDGE('',*,*,#5887,.F.);
#5887 = EDGE_CURVE('',#5888,#5878,#5890,.T.);
#5888 = VERTEX_POINT('',#5889);
#5889 = CARTESIAN_POINT('',(88.225,-69.175,6.51));
#5890 = LINE('',#5891,#5892);
#5891 = CARTESIAN_POINT('',(88.225,-69.175,6.51));
#5892 = VECTOR('',#5893,1.);
#5893 = DIRECTION('',(0.,-1.,0.));
#5894 = ORIENTED_EDGE('',*,*,#5895,.F.);
#5895 = EDGE_CURVE('',#5896,#5888,#5898,.T.);
#5896 = VERTEX_POINT('',#5897);
#5897 = CARTESIAN_POINT('',(102.275,-69.175,6.51));
#5898 = LINE('',#5899,#5900);
#5899 = CARTESIAN_POINT('',(102.275,-69.175,6.51));
#5900 = VECTOR('',#5901,1.);
#5901 = DIRECTION('',(-1.,0.,0.));
#5902 = ORIENTED_EDGE('',*,*,#5903,.F.);
#5903 = EDGE_CURVE('',#5880,#5896,#5904,.T.);
#5904 = LINE('',#5905,#5906);
#5905 = CARTESIAN_POINT('',(102.275,-83.225,6.51));
#5906 = VECTOR('',#5907,1.);
#5907 = DIRECTION('',(0.,1.,0.));
#5908 = FACE_BOUND('',#5909,.T.);
#5909 = EDGE_LOOP('',(#5910,#5920,#5928,#5936));
#5910 = ORIENTED_EDGE('',*,*,#5911,.F.);
#5911 = EDGE_CURVE('',#5912,#5914,#5916,.T.);
#5912 = VERTEX_POINT('',#5913);
#5913 = CARTESIAN_POINT('',(31.075,-64.175,6.51));
#5914 = VERTEX_POINT('',#5915);
#5915 = CARTESIAN_POINT('',(45.125,-64.175,6.51));
#5916 = LINE('',#5917,#5918);
#5917 = CARTESIAN_POINT('',(31.075,-64.175,6.51));
#5918 = VECTOR('',#5919,1.);
#5919 = DIRECTION('',(1.,0.,0.));
#5920 = ORIENTED_EDGE('',*,*,#5921,.F.);
#5921 = EDGE_CURVE('',#5922,#5912,#5924,.T.);
#5922 = VERTEX_POINT('',#5923);
#5923 = CARTESIAN_POINT('',(31.075,-50.125,6.51));
#5924 = LINE('',#5925,#5926);
#5925 = CARTESIAN_POINT('',(31.075,-50.125,6.51));
#5926 = VECTOR('',#5927,1.);
#5927 = DIRECTION('',(0.,-1.,0.));
#5928 = ORIENTED_EDGE('',*,*,#5929,.F.);
#5929 = EDGE_CURVE('',#5930,#5922,#5932,.T.);
#5930 = VERTEX_POINT('',#5931);
#5931 = CARTESIAN_POINT('',(45.125,-50.125,6.51));
#5932 = LINE('',#5933,#5934);
#5933 = CARTESIAN_POINT('',(45.125,-50.125,6.51));
#5934 = VECTOR('',#5935,1.);
#5935 = DIRECTION('',(-1.,0.,0.));
#5936 = ORIENTED_EDGE('',*,*,#5937,.F.);
#5937 = EDGE_CURVE('',#5914,#5930,#5938,.T.);
#5938 = LINE('',#5939,#5940);
#5939 = CARTESIAN_POINT('',(45.125,-64.175,6.51));
#5940 = VECTOR('',#5941,1.);
#5941 = DIRECTION('',(0.,1.,0.));
#5942 = FACE_BOUND('',#5943,.T.);
#5943 = EDGE_LOOP('',(#5944,#5954,#5962,#5970));
#5944 = ORIENTED_EDGE('',*,*,#5945,.F.);
#5945 = EDGE_CURVE('',#5946,#5948,#5950,.T.);
#5946 = VERTEX_POINT('',#5947);
#5947 = CARTESIAN_POINT('',(50.125,-64.175,6.51));
#5948 = VERTEX_POINT('',#5949);
#5949 = CARTESIAN_POINT('',(64.175,-64.175,6.51));
#5950 = LINE('',#5951,#5952);
#5951 = CARTESIAN_POINT('',(50.125,-64.175,6.51));
#5952 = VECTOR('',#5953,1.);
#5953 = DIRECTION('',(1.,0.,0.));
#5954 = ORIENTED_EDGE('',*,*,#5955,.F.);
#5955 = EDGE_CURVE('',#5956,#5946,#5958,.T.);
#5956 = VERTEX_POINT('',#5957);
#5957 = CARTESIAN_POINT('',(50.125,-50.125,6.51));
#5958 = LINE('',#5959,#5960);
#5959 = CARTESIAN_POINT('',(50.125,-50.125,6.51));
#5960 = VECTOR('',#5961,1.);
#5961 = DIRECTION('',(0.,-1.,0.));
#5962 = ORIENTED_EDGE('',*,*,#5963,.F.);
#5963 = EDGE_CURVE('',#5964,#5956,#5966,.T.);
#5964 = VERTEX_POINT('',#5965);
#5965 = CARTESIAN_POINT('',(64.175,-50.125,6.51));
#5966 = LINE('',#5967,#5968);
#5967 = CARTESIAN_POINT('',(64.175,-50.125,6.51));
#5968 = VECTOR('',#5969,1.);
#5969 = DIRECTION('',(-1.,0.,0.));
#5970 = ORIENTED_EDGE('',*,*,#5971,.F.);
#5971 = EDGE_CURVE('',#5948,#5964,#5972,.T.);
#5972 = LINE('',#5973,#5974);
#5973 = CARTESIAN_POINT('',(64.175,-64.175,6.51));
#5974 = VECTOR('',#5975,1.);
#5975 = DIRECTION('',(0.,1.,0.));
#5976 = FACE_BOUND('',#5977,.T.);
#5977 = EDGE_LOOP('',(#5978,#5988,#5996,#6004));
#5978 = ORIENTED_EDGE('',*,*,#5979,.F.);
#5979 = EDGE_CURVE('',#5980,#5982,#5984,.T.);
#5980 = VERTEX_POINT('',#5981);
#5981 = CARTESIAN_POINT('',(31.075,-45.125,6.51));
#5982 = VERTEX_POINT('',#5983);
#5983 = CARTESIAN_POINT('',(45.125,-45.125,6.51));
#5984 = LINE('',#5985,#5986);
#5985 = CARTESIAN_POINT('',(31.075,-45.125,6.51));
#5986 = VECTOR('',#5987,1.);
#5987 = DIRECTION('',(1.,0.,0.));
#5988 = ORIENTED_EDGE('',*,*,#5989,.F.);
#5989 = EDGE_CURVE('',#5990,#5980,#5992,.T.);
#5990 = VERTEX_POINT('',#5991);
#5991 = CARTESIAN_POINT('',(31.075,-31.075,6.51));
#5992 = LINE('',#5993,#5994);
#5993 = CARTESIAN_POINT('',(31.075,-31.075,6.51));
#5994 = VECTOR('',#5995,1.);
#5995 = DIRECTION('',(0.,-1.,0.));
#5996 = ORIENTED_EDGE('',*,*,#5997,.F.);
#5997 = EDGE_CURVE('',#5998,#5990,#6000,.T.);
#5998 = VERTEX_POINT('',#5999);
#5999 = CARTESIAN_POINT('',(45.125,-31.075,6.51));
#6000 = LINE('',#6001,#6002);
#6001 = CARTESIAN_POINT('',(45.125,-31.075,6.51));
#6002 = VECTOR('',#6003,1.);
#6003 = DIRECTION('',(-1.,0.,0.));
#6004 = ORIENTED_EDGE('',*,*,#6005,.F.);
#6005 = EDGE_CURVE('',#5982,#5998,#6006,.T.);
#6006 = LINE('',#6007,#6008);
#6007 = CARTESIAN_POINT('',(45.125,-45.125,6.51));
#6008 = VECTOR('',#6009,1.);
#6009 = DIRECTION('',(0.,1.,0.));
#6010 = FACE_BOUND('',#6011,.T.);
#6011 = EDGE_LOOP('',(#6012,#6022,#6030,#6038));
#6012 = ORIENTED_EDGE('',*,*,#6013,.F.);
#6013 = EDGE_CURVE('',#6014,#6016,#6018,.T.);
#6014 = VERTEX_POINT('',#6015);
#6015 = CARTESIAN_POINT('',(50.125,-45.125,6.51));
#6016 = VERTEX_POINT('',#6017);
#6017 = CARTESIAN_POINT('',(64.175,-45.125,6.51));
#6018 = LINE('',#6019,#6020);
#6019 = CARTESIAN_POINT('',(50.125,-45.125,6.51));
#6020 = VECTOR('',#6021,1.);
#6021 = DIRECTION('',(1.,0.,0.));
#6022 = ORIENTED_EDGE('',*,*,#6023,.F.);
#6023 = EDGE_CURVE('',#6024,#6014,#6026,.T.);
#6024 = VERTEX_POINT('',#6025);
#6025 = CARTESIAN_POINT('',(50.125,-31.075,6.51));
#6026 = LINE('',#6027,#6028);
#6027 = CARTESIAN_POINT('',(50.125,-31.075,6.51));
#6028 = VECTOR('',#6029,1.);
#6029 = DIRECTION('',(0.,-1.,0.));
#6030 = ORIENTED_EDGE('',*,*,#6031,.F.);
#6031 = EDGE_CURVE('',#6032,#6024,#6034,.T.);
#6032 = VERTEX_POINT('',#6033);
#6033 = CARTESIAN_POINT('',(64.175,-31.075,6.51));
#6034 = LINE('',#6035,#6036);
#6035 = CARTESIAN_POINT('',(64.175,-31.075,6.51));
#6036 = VECTOR('',#6037,1.);
#6037 = DIRECTION('',(-1.,0.,0.));
#6038 = ORIENTED_EDGE('',*,*,#6039,.F.);
#6039 = EDGE_CURVE('',#6016,#6032,#6040,.T.);
#6040 = LINE('',#6041,#6042);
#6041 = CARTESIAN_POINT('',(64.175,-45.125,6.51));
#6042 = VECTOR('',#6043,1.);
#6043 = DIRECTION('',(0.,1.,0.));
#6044 = FACE_BOUND('',#6045,.T.);
#6045 = EDGE_LOOP('',(#6046,#6056,#6064,#6072));
#6046 = ORIENTED_EDGE('',*,*,#6047,.F.);
#6047 = EDGE_CURVE('',#6048,#6050,#6052,.T.);
#6048 = VERTEX_POINT('',#6049);
#6049 = CARTESIAN_POINT('',(69.175,-64.175,6.51));
#6050 = VERTEX_POINT('',#6051);
#6051 = CARTESIAN_POINT('',(83.225,-64.175,6.51));
#6052 = LINE('',#6053,#6054);
#6053 = CARTESIAN_POINT('',(69.175,-64.175,6.51));
#6054 = VECTOR('',#6055,1.);
#6055 = DIRECTION('',(1.,0.,0.));
#6056 = ORIENTED_EDGE('',*,*,#6057,.F.);
#6057 = EDGE_CURVE('',#6058,#6048,#6060,.T.);
#6058 = VERTEX_POINT('',#6059);
#6059 = CARTESIAN_POINT('',(69.175,-50.125,6.51));
#6060 = LINE('',#6061,#6062);
#6061 = CARTESIAN_POINT('',(69.175,-50.125,6.51));
#6062 = VECTOR('',#6063,1.);
#6063 = DIRECTION('',(0.,-1.,0.));
#6064 = ORIENTED_EDGE('',*,*,#6065,.F.);
#6065 = EDGE_CURVE('',#6066,#6058,#6068,.T.);
#6066 = VERTEX_POINT('',#6067);
#6067 = CARTESIAN_POINT('',(83.225,-50.125,6.51));
#6068 = LINE('',#6069,#6070);
#6069 = CARTESIAN_POINT('',(83.225,-50.125,6.51));
#6070 = VECTOR('',#6071,1.);
#6071 = DIRECTION('',(-1.,0.,0.));
#6072 = ORIENTED_EDGE('',*,*,#6073,.F.);
#6073 = EDGE_CURVE('',#6050,#6066,#6074,.T.);
#6074 = LINE('',#6075,#6076);
#6075 = CARTESIAN_POINT('',(83.225,-64.175,6.51));
#6076 = VECTOR('',#6077,1.);
#6077 = DIRECTION('',(0.,1.,0.));
#6078 = FACE_BOUND('',#6079,.T.);
#6079 = EDGE_LOOP('',(#6080,#6090,#6098,#6106));
#6080 = ORIENTED_EDGE('',*,*,#6081,.F.);
#6081 = EDGE_CURVE('',#6082,#6084,#6086,.T.);
#6082 = VERTEX_POINT('',#6083);
#6083 = CARTESIAN_POINT('',(88.225,-64.175,6.51));
#6084 = VERTEX_POINT('',#6085);
#6085 = CARTESIAN_POINT('',(102.275,-64.175,6.51));
#6086 = LINE('',#6087,#6088);
#6087 = CARTESIAN_POINT('',(88.225,-64.175,6.51));
#6088 = VECTOR('',#6089,1.);
#6089 = DIRECTION('',(1.,0.,0.));
#6090 = ORIENTED_EDGE('',*,*,#6091,.F.);
#6091 = EDGE_CURVE('',#6092,#6082,#6094,.T.);
#6092 = VERTEX_POINT('',#6093);
#6093 = CARTESIAN_POINT('',(88.225,-50.125,6.51));
#6094 = LINE('',#6095,#6096);
#6095 = CARTESIAN_POINT('',(88.225,-50.125,6.51));
#6096 = VECTOR('',#6097,1.);
#6097 = DIRECTION('',(0.,-1.,0.));
#6098 = ORIENTED_EDGE('',*,*,#6099,.F.);
#6099 = EDGE_CURVE('',#6100,#6092,#6102,.T.);
#6100 = VERTEX_POINT('',#6101);
#6101 = CARTESIAN_POINT('',(102.275,-50.125,6.51));
#6102 = LINE('',#6103,#6104);
#6103 = CARTESIAN_POINT('',(102.275,-50.125,6.51));
#6104 = VECTOR('',#6105,1.);
#6105 = DIRECTION('',(-1.,0.,0.));
#6106 = ORIENTED_EDGE('',*,*,#6107,.F.);
#6107 = EDGE_CURVE('',#6084,#6100,#6108,.T.);
#6108 = LINE('',#6109,#6110);
#6109 = CARTESIAN_POINT('',(102.275,-64.175,6.51));
#6110 = VECTOR('',#6111,1.);
#6111 = DIRECTION('',(0.,1.,0.));
#6112 = FACE_BOUND('',#6113,.T.);
#6113 = EDGE_LOOP('',(#6114,#6124,#6132,#6140));
#6114 = ORIENTED_EDGE('',*,*,#6115,.F.);
#6115 = EDGE_CURVE('',#6116,#6118,#6120,.T.);
#6116 = VERTEX_POINT('',#6117);
#6117 = CARTESIAN_POINT('',(69.175,-45.125,6.51));
#6118 = VERTEX_POINT('',#6119);
#6119 = CARTESIAN_POINT('',(83.225,-45.125,6.51));
#6120 = LINE('',#6121,#6122);
#6121 = CARTESIAN_POINT('',(69.175,-45.125,6.51));
#6122 = VECTOR('',#6123,1.);
#6123 = DIRECTION('',(1.,0.,0.));
#6124 = ORIENTED_EDGE('',*,*,#6125,.F.);
#6125 = EDGE_CURVE('',#6126,#6116,#6128,.T.);
#6126 = VERTEX_POINT('',#6127);
#6127 = CARTESIAN_POINT('',(69.175,-31.075,6.51));
#6128 = LINE('',#6129,#6130);
#6129 = CARTESIAN_POINT('',(69.175,-31.075,6.51));
#6130 = VECTOR('',#6131,1.);
#6131 = DIRECTION('',(0.,-1.,0.));
#6132 = ORIENTED_EDGE('',*,*,#6133,.F.);
#6133 = EDGE_CURVE('',#6134,#6126,#6136,.T.);
#6134 = VERTEX_POINT('',#6135);
#6135 = CARTESIAN_POINT('',(83.225,-31.075,6.51));
#6136 = LINE('',#6137,#6138);
#6137 = CARTESIAN_POINT('',(83.225,-31.075,6.51));
#6138 = VECTOR('',#6139,1.);
#6139 = DIRECTION('',(-1.,0.,0.));
#6140 = ORIENTED_EDGE('',*,*,#6141,.F.);
#6141 = EDGE_CURVE('',#6118,#6134,#6142,.T.);
#6142 = LINE('',#6143,#6144);
#6143 = CARTESIAN_POINT('',(83.225,-45.125,6.51));
#6144 = VECTOR('',#6145,1.);
#6145 = DIRECTION('',(0.,1.,0.));
#6146 = FACE_BOUND('',#6147,.T.);
#6147 = EDGE_LOOP('',(#6148,#6158,#6166,#6174));
#6148 = ORIENTED_EDGE('',*,*,#6149,.F.);
#6149 = EDGE_CURVE('',#6150,#6152,#6154,.T.);
#6150 = VERTEX_POINT('',#6151);
#6151 = CARTESIAN_POINT('',(88.225,-45.125,6.51));
#6152 = VERTEX_POINT('',#6153);
#6153 = CARTESIAN_POINT('',(102.275,-45.125,6.51));
#6154 = LINE('',#6155,#6156);
#6155 = CARTESIAN_POINT('',(88.225,-45.125,6.51));
#6156 = VECTOR('',#6157,1.);
#6157 = DIRECTION('',(1.,0.,0.));
#6158 = ORIENTED_EDGE('',*,*,#6159,.F.);
#6159 = EDGE_CURVE('',#6160,#6150,#6162,.T.);
#6160 = VERTEX_POINT('',#6161);
#6161 = CARTESIAN_POINT('',(88.225,-31.075,6.51));
#6162 = LINE('',#6163,#6164);
#6163 = CARTESIAN_POINT('',(88.225,-31.075,6.51));
#6164 = VECTOR('',#6165,1.);
#6165 = DIRECTION('',(0.,-1.,0.));
#6166 = ORIENTED_EDGE('',*,*,#6167,.F.);
#6167 = EDGE_CURVE('',#6168,#6160,#6170,.T.);
#6168 = VERTEX_POINT('',#6169);
#6169 = CARTESIAN_POINT('',(102.275,-31.075,6.51));
#6170 = LINE('',#6171,#6172);
#6171 = CARTESIAN_POINT('',(102.275,-31.075,6.51));
#6172 = VECTOR('',#6173,1.);
#6173 = DIRECTION('',(-1.,0.,0.));
#6174 = ORIENTED_EDGE('',*,*,#6175,.F.);
#6175 = EDGE_CURVE('',#6152,#6168,#6176,.T.);
#6176 = LINE('',#6177,#6178);
#6177 = CARTESIAN_POINT('',(102.275,-45.125,6.51));
#6178 = VECTOR('',#6179,1.);
#6179 = DIRECTION('',(0.,1.,0.));
#6180 = PLANE('',#6181);
#6181 = AXIS2_PLACEMENT_3D('',#6182,#6183,#6184);
#6182 = CARTESIAN_POINT('',(66.675,-66.675,6.51));
#6183 = DIRECTION('',(0.,0.,1.));
#6184 = DIRECTION('',(1.,0.,0.));
#6185 = ADVANCED_FACE('',(#6186),#6204,.T.);
#6186 = FACE_BOUND('',#6187,.T.);
#6187 = EDGE_LOOP('',(#6188,#6189,#6190,#6198));
#6188 = ORIENTED_EDGE('',*,*,#3945,.F.);
#6189 = ORIENTED_EDGE('',*,*,#3953,.F.);
#6190 = ORIENTED_EDGE('',*,*,#6191,.F.);
#6191 = EDGE_CURVE('',#6192,#3954,#6194,.T.);
#6192 = VERTEX_POINT('',#6193);
#6193 = CARTESIAN_POINT('',(27.5,-105.85,6.51));
#6194 = LINE('',#6195,#6196);
#6195 = CARTESIAN_POINT('',(48.573896649619,-105.85,6.51));
#6196 = VECTOR('',#6197,1.);
#6197 = DIRECTION('',(1.,0.,0.));
#6198 = ORIENTED_EDGE('',*,*,#6199,.F.);
#6199 = EDGE_CURVE('',#3938,#6192,#6200,.T.);
#6200 = LINE('',#6201,#6202);
#6201 = CARTESIAN_POINT('',(27.5,-105.85,9.));
#6202 = VECTOR('',#6203,1.);
#6203 = DIRECTION('',(-0.,-0.,-1.));
#6204 = PLANE('',#6205);
#6205 = AXIS2_PLACEMENT_3D('',#6206,#6207,#6208);
#6206 = CARTESIAN_POINT('',(30.472793299239,-105.85,9.));
#6207 = DIRECTION('',(0.,1.,0.));
#6208 = DIRECTION('',(-1.,0.,0.));
#6209 = ADVANCED_FACE('',(#6210),#6221,.T.);
#6210 = FACE_BOUND('',#6211,.T.);
#6211 = EDGE_LOOP('',(#6212,#6213,#6214,#6220));
#6212 = ORIENTED_EDGE('',*,*,#4024,.F.);
#6213 = ORIENTED_EDGE('',*,*,#6199,.T.);
#6214 = ORIENTED_EDGE('',*,*,#6215,.F.);
#6215 = EDGE_CURVE('',#4009,#6192,#6216,.T.);
#6216 = LINE('',#6217,#6218);
#6217 = CARTESIAN_POINT('',(27.5,-86.2625,6.51));
#6218 = VECTOR('',#6219,1.);
#6219 = DIRECTION('',(0.,-1.,0.));
#6220 = ORIENTED_EDGE('',*,*,#4016,.T.);
#6221 = PLANE('',#6222);
#6222 = AXIS2_PLACEMENT_3D('',#6223,#6224,#6225);
#6223 = CARTESIAN_POINT('',(27.5,-105.85,9.));
#6224 = DIRECTION('',(1.,0.,0.));
#6225 = DIRECTION('',(0.,1.,0.));
#6226 = ADVANCED_FACE('',(#6227),#6245,.T.);
#6227 = FACE_BOUND('',#6228,.T.);
#6228 = EDGE_LOOP('',(#6229,#6230,#6231,#6239));
#6229 = ORIENTED_EDGE('',*,*,#3992,.F.);
#6230 = ORIENTED_EDGE('',*,*,#4000,.F.);
#6231 = ORIENTED_EDGE('',*,*,#6232,.F.);
#6232 = EDGE_CURVE('',#6233,#4001,#6235,.T.);
#6233 = VERTEX_POINT('',#6234);
#6234 = CARTESIAN_POINT('',(27.5,-27.5,6.51));
#6235 = LINE('',#6236,#6237);
#6236 = CARTESIAN_POINT('',(27.5,-47.5375,6.51));
#6237 = VECTOR('',#6238,1.);
#6238 = DIRECTION('',(0.,-1.,0.));
#6239 = ORIENTED_EDGE('',*,*,#6240,.F.);
#6240 = EDGE_CURVE('',#3985,#6233,#6241,.T.);
#6241 = LINE('',#6242,#6243);
#6242 = CARTESIAN_POINT('',(27.5,-27.5,9.));
#6243 = VECTOR('',#6244,1.);
#6244 = DIRECTION('',(-0.,-0.,-1.));
#6245 = PLANE('',#6246);
#6246 = AXIS2_PLACEMENT_3D('',#6247,#6248,#6249);
#6247 = CARTESIAN_POINT('',(27.5,-28.4,9.));
#6248 = DIRECTION('',(1.,0.,0.));
#6249 = DIRECTION('',(0.,1.,0.));
#6250 = ADVANCED_FACE('',(#6251),#6262,.T.);
#6251 = FACE_BOUND('',#6252,.T.);
#6252 = EDGE_LOOP('',(#6253,#6254,#6255,#6261));
#6253 = ORIENTED_EDGE('',*,*,#4081,.F.);
#6254 = ORIENTED_EDGE('',*,*,#6240,.T.);
#6255 = ORIENTED_EDGE('',*,*,#6256,.F.);
#6256 = EDGE_CURVE('',#4066,#6233,#6257,.T.);
#6257 = LINE('',#6258,#6259);
#6258 = CARTESIAN_POINT('',(47.0875,-27.5,6.51));
#6259 = VECTOR('',#6260,1.);
#6260 = DIRECTION('',(-1.,0.,0.));
#6261 = ORIENTED_EDGE('',*,*,#4073,.T.);
#6262 = PLANE('',#6263);
#6263 = AXIS2_PLACEMENT_3D('',#6264,#6265,#6266);
#6264 = CARTESIAN_POINT('',(27.5,-27.5,9.));
#6265 = DIRECTION('',(0.,-1.,0.));
#6266 = DIRECTION('',(1.,0.,0.));
#6267 = ADVANCED_FACE('',(#6268,#6302),#6308,.F.);
#6268 = FACE_BOUND('',#6269,.F.);
#6269 = EDGE_LOOP('',(#6270,#6280,#6288,#6296));
#6270 = ORIENTED_EDGE('',*,*,#6271,.T.);
#6271 = EDGE_CURVE('',#6272,#6274,#6276,.T.);
#6272 = VERTEX_POINT('',#6273);
#6273 = CARTESIAN_POINT('',(113.2,-40.695,7.));
#6274 = VERTEX_POINT('',#6275);
#6275 = CARTESIAN_POINT('',(140.,-40.695,7.));
#6276 = LINE('',#6277,#6278);
#6277 = CARTESIAN_POINT('',(113.2,-40.695,7.));
#6278 = VECTOR('',#6279,1.);
#6279 = DIRECTION('',(1.,0.,0.));
#6280 = ORIENTED_EDGE('',*,*,#6281,.T.);
#6281 = EDGE_CURVE('',#6274,#6282,#6284,.T.);
#6282 = VERTEX_POINT('',#6283);
#6283 = CARTESIAN_POINT('',(140.,-28.395,7.));
#6284 = LINE('',#6285,#6286);
#6285 = CARTESIAN_POINT('',(140.,-40.695,7.));
#6286 = VECTOR('',#6287,1.);
#6287 = DIRECTION('',(0.,1.,0.));
#6288 = ORIENTED_EDGE('',*,*,#6289,.T.);
#6289 = EDGE_CURVE('',#6282,#6290,#6292,.T.);
#6290 = VERTEX_POINT('',#6291);
#6291 = CARTESIAN_POINT('',(113.2,-28.395,7.));
#6292 = LINE('',#6293,#6294);
#6293 = CARTESIAN_POINT('',(140.,-28.395,7.));
#6294 = VECTOR('',#6295,1.);
#6295 = DIRECTION('',(-1.,0.,0.));
#6296 = ORIENTED_EDGE('',*,*,#6297,.T.);
#6297 = EDGE_CURVE('',#6290,#6272,#6298,.T.);
#6298 = LINE('',#6299,#6300);
#6299 = CARTESIAN_POINT('',(113.2,-28.395,7.));
#6300 = VECTOR('',#6301,1.);
#6301 = DIRECTION('',(0.,-1.,0.));
#6302 = FACE_BOUND('',#6303,.T.);
#6303 = EDGE_LOOP('',(#6304,#6305,#6306,#6307));
#6304 = ORIENTED_EDGE('',*,*,#4155,.T.);
#6305 = ORIENTED_EDGE('',*,*,#4211,.T.);
#6306 = ORIENTED_EDGE('',*,*,#4228,.T.);
#6307 = ORIENTED_EDGE('',*,*,#4187,.T.);
#6308 = PLANE('',#6309);
#6309 = AXIS2_PLACEMENT_3D('',#6310,#6311,#6312);
#6310 = CARTESIAN_POINT('',(126.6,-34.545,7.));
#6311 = DIRECTION('',(0.,0.,1.));
#6312 = DIRECTION('',(1.,0.,0.));
#6313 = ADVANCED_FACE('',(#6314),#6327,.T.);
#6314 = FACE_BOUND('',#6315,.T.);
#6315 = EDGE_LOOP('',(#6316,#6322,#6323,#6324,#6325,#6326));
#6316 = ORIENTED_EDGE('',*,*,#6317,.T.);
#6317 = EDGE_CURVE('',#5485,#4301,#6318,.T.);
#6318 = LINE('',#6319,#6320);
#6319 = CARTESIAN_POINT('',(186.,-84.,5.01));
#6320 = VECTOR('',#6321,1.);
#6321 = DIRECTION('',(0.,0.,1.));
#6322 = ORIENTED_EDGE('',*,*,#4308,.T.);
#6323 = ORIENTED_EDGE('',*,*,#5336,.F.);
#6324 = ORIENTED_EDGE('',*,*,#5368,.F.);
#6325 = ORIENTED_EDGE('',*,*,#5572,.F.);
#6326 = ORIENTED_EDGE('',*,*,#5484,.F.);
#6327 = PLANE('',#6328);
#6328 = AXIS2_PLACEMENT_3D('',#6329,#6330,#6331);
#6329 = CARTESIAN_POINT('',(186.,-84.,5.01));
#6330 = DIRECTION('',(-1.,0.,0.));
#6331 = DIRECTION('',(0.,1.,0.));
#6332 = ADVANCED_FACE('',(#6333),#6346,.T.);
#6333 = FACE_BOUND('',#6334,.T.);
#6334 = EDGE_LOOP('',(#6335,#6341,#6342,#6343,#6344,#6345));
#6335 = ORIENTED_EDGE('',*,*,#6336,.T.);
#6336 = EDGE_CURVE('',#4534,#4293,#6337,.T.);
#6337 = LINE('',#6338,#6339);
#6338 = CARTESIAN_POINT('',(135.,-114.,5.01));
#6339 = VECTOR('',#6340,1.);
#6340 = DIRECTION('',(0.,0.,1.));
#6341 = ORIENTED_EDGE('',*,*,#4300,.T.);
#6342 = ORIENTED_EDGE('',*,*,#6317,.F.);
#6343 = ORIENTED_EDGE('',*,*,#5492,.F.);
#6344 = ORIENTED_EDGE('',*,*,#5508,.F.);
#6345 = ORIENTED_EDGE('',*,*,#4533,.F.);
#6346 = PLANE('',#6347);
#6347 = AXIS2_PLACEMENT_3D('',#6348,#6349,#6350);
#6348 = CARTESIAN_POINT('',(135.,-114.,5.01));
#6349 = DIRECTION('',(-0.507020126563,0.861934215158,0.));
#6350 = DIRECTION('',(0.861934215158,0.507020126563,0.));
#6351 = ADVANCED_FACE('',(#6352),#6363,.T.);
#6352 = FACE_BOUND('',#6353,.T.);
#6353 = EDGE_LOOP('',(#6354,#6360,#6361,#6362));
#6354 = ORIENTED_EDGE('',*,*,#6355,.T.);
#6355 = EDGE_CURVE('',#4542,#4285,#6356,.T.);
#6356 = LINE('',#6357,#6358);
#6357 = CARTESIAN_POINT('',(106.,-114.,5.01));
#6358 = VECTOR('',#6359,1.);
#6359 = DIRECTION('',(0.,0.,1.));
#6360 = ORIENTED_EDGE('',*,*,#4292,.T.);
#6361 = ORIENTED_EDGE('',*,*,#6336,.F.);
#6362 = ORIENTED_EDGE('',*,*,#4541,.F.);
#6363 = PLANE('',#6364);
#6364 = AXIS2_PLACEMENT_3D('',#6365,#6366,#6367);
#6365 = CARTESIAN_POINT('',(106.,-114.,5.01));
#6366 = DIRECTION('',(0.,1.,0.));
#6367 = DIRECTION('',(1.,0.,0.));
#6368 = ADVANCED_FACE('',(#6369),#6375,.T.);
#6369 = FACE_BOUND('',#6370,.T.);
#6370 = EDGE_LOOP('',(#6371,#6372,#6373,#6374));
#6371 = ORIENTED_EDGE('',*,*,#5140,.T.);
#6372 = ORIENTED_EDGE('',*,*,#4284,.T.);
#6373 = ORIENTED_EDGE('',*,*,#6355,.F.);
#6374 = ORIENTED_EDGE('',*,*,#4549,.F.);
#6375 = PLANE('',#6376);
#6376 = AXIS2_PLACEMENT_3D('',#6377,#6378,#6379);
#6377 = CARTESIAN_POINT('',(106.,-16.,5.01));
#6378 = DIRECTION('',(1.,0.,0.));
#6379 = DIRECTION('',(0.,-1.,0.));
#6380 = ADVANCED_FACE('',(#6381),#6406,.T.);
#6381 = FACE_BOUND('',#6382,.T.);
#6382 = EDGE_LOOP('',(#6383,#6391,#6399,#6405));
#6383 = ORIENTED_EDGE('',*,*,#6384,.T.);
#6384 = EDGE_CURVE('',#4337,#6385,#6387,.T.);
#6385 = VERTEX_POINT('',#6386);
#6386 = CARTESIAN_POINT('',(129.,-110.7,1.61));
#6387 = LINE('',#6388,#6389);
#6388 = CARTESIAN_POINT('',(129.,-110.7,9.));
#6389 = VECTOR('',#6390,1.);
#6390 = DIRECTION('',(-0.,-0.,-1.));
#6391 = ORIENTED_EDGE('',*,*,#6392,.T.);
#6392 = EDGE_CURVE('',#6385,#6393,#6395,.T.);
#6393 = VERTEX_POINT('',#6394);
#6394 = CARTESIAN_POINT('',(134.,-110.7,1.61));
#6395 = LINE('',#6396,#6397);
#6396 = CARTESIAN_POINT('',(129.,-110.7,1.61));
#6397 = VECTOR('',#6398,1.);
#6398 = DIRECTION('',(1.,0.,0.));
#6399 = ORIENTED_EDGE('',*,*,#6400,.F.);
#6400 = EDGE_CURVE('',#4339,#6393,#6401,.T.);
#6401 = LINE('',#6402,#6403);
#6402 = CARTESIAN_POINT('',(134.,-110.7,9.));
#6403 = VECTOR('',#6404,1.);
#6404 = DIRECTION('',(-0.,-0.,-1.));
#6405 = ORIENTED_EDGE('',*,*,#4336,.F.);
#6406 = PLANE('',#6407);
#6407 = AXIS2_PLACEMENT_3D('',#6408,#6409,#6410);
#6408 = CARTESIAN_POINT('',(129.,-110.7,9.));
#6409 = DIRECTION('',(0.,-1.,0.));
#6410 = DIRECTION('',(1.,0.,0.));
#6411 = ADVANCED_FACE('',(#6412),#6430,.T.);
#6412 = FACE_BOUND('',#6413,.T.);
#6413 = EDGE_LOOP('',(#6414,#6422,#6428,#6429));
#6414 = ORIENTED_EDGE('',*,*,#6415,.T.);
#6415 = EDGE_CURVE('',#4347,#6416,#6418,.T.);
#6416 = VERTEX_POINT('',#6417);
#6417 = CARTESIAN_POINT('',(129.,-107.7,1.61));
#6418 = LINE('',#6419,#6420);
#6419 = CARTESIAN_POINT('',(129.,-107.7,9.));
#6420 = VECTOR('',#6421,1.);
#6421 = DIRECTION('',(-0.,-0.,-1.));
#6422 = ORIENTED_EDGE('',*,*,#6423,.T.);
#6423 = EDGE_CURVE('',#6416,#6385,#6424,.T.);
#6424 = LINE('',#6425,#6426);
#6425 = CARTESIAN_POINT('',(129.,-107.7,1.61));
#6426 = VECTOR('',#6427,1.);
#6427 = DIRECTION('',(0.,-1.,0.));
#6428 = ORIENTED_EDGE('',*,*,#6384,.F.);
#6429 = ORIENTED_EDGE('',*,*,#4346,.F.);
#6430 = PLANE('',#6431);
#6431 = AXIS2_PLACEMENT_3D('',#6432,#6433,#6434);
#6432 = CARTESIAN_POINT('',(129.,-107.7,9.));
#6433 = DIRECTION('',(-1.,0.,0.));
#6434 = DIRECTION('',(0.,-1.,0.));
#6435 = ADVANCED_FACE('',(#6436),#6454,.T.);
#6436 = FACE_BOUND('',#6437,.T.);
#6437 = EDGE_LOOP('',(#6438,#6439,#6447,#6453));
#6438 = ORIENTED_EDGE('',*,*,#6400,.T.);
#6439 = ORIENTED_EDGE('',*,*,#6440,.T.);
#6440 = EDGE_CURVE('',#6393,#6441,#6443,.T.);
#6441 = VERTEX_POINT('',#6442);
#6442 = CARTESIAN_POINT('',(134.,-107.7,1.61));
#6443 = LINE('',#6444,#6445);
#6444 = CARTESIAN_POINT('',(134.,-110.7,1.61));
#6445 = VECTOR('',#6446,1.);
#6446 = DIRECTION('',(0.,1.,0.));
#6447 = ORIENTED_EDGE('',*,*,#6448,.F.);
#6448 = EDGE_CURVE('',#4355,#6441,#6449,.T.);
#6449 = LINE('',#6450,#6451);
#6450 = CARTESIAN_POINT('',(134.,-107.7,9.));
#6451 = VECTOR('',#6452,1.);
#6452 = DIRECTION('',(-0.,-0.,-1.));
#6453 = ORIENTED_EDGE('',*,*,#4362,.F.);
#6454 = PLANE('',#6455);
#6455 = AXIS2_PLACEMENT_3D('',#6456,#6457,#6458);
#6456 = CARTESIAN_POINT('',(134.,-110.7,9.));
#6457 = DIRECTION('',(1.,0.,0.));
#6458 = DIRECTION('',(0.,1.,0.));
#6459 = ADVANCED_FACE('',(#6460),#6471,.T.);
#6460 = FACE_BOUND('',#6461,.T.);
#6461 = EDGE_LOOP('',(#6462,#6463,#6469,#6470));
#6462 = ORIENTED_EDGE('',*,*,#6448,.T.);
#6463 = ORIENTED_EDGE('',*,*,#6464,.T.);
#6464 = EDGE_CURVE('',#6441,#6416,#6465,.T.);
#6465 = LINE('',#6466,#6467);
#6466 = CARTESIAN_POINT('',(134.,-107.7,1.61));
#6467 = VECTOR('',#6468,1.);
#6468 = DIRECTION('',(-1.,0.,0.));
#6469 = ORIENTED_EDGE('',*,*,#6415,.F.);
#6470 = ORIENTED_EDGE('',*,*,#4354,.F.);
#6471 = PLANE('',#6472);
#6472 = AXIS2_PLACEMENT_3D('',#6473,#6474,#6475);
#6473 = CARTESIAN_POINT('',(134.,-107.7,9.));
#6474 = DIRECTION('',(0.,1.,0.));
#6475 = DIRECTION('',(-1.,0.,0.));
#6476 = ADVANCED_FACE('',(#6477),#6493,.T.);
#6477 = FACE_BOUND('',#6478,.T.);
#6478 = EDGE_LOOP('',(#6479,#6485,#6486,#6492));
#6479 = ORIENTED_EDGE('',*,*,#6480,.T.);
#6480 = EDGE_CURVE('',#4380,#6272,#6481,.T.);
#6481 = LINE('',#6482,#6483);
#6482 = CARTESIAN_POINT('',(113.2,-40.695,9.));
#6483 = VECTOR('',#6484,1.);
#6484 = DIRECTION('',(-0.,-0.,-1.));
#6485 = ORIENTED_EDGE('',*,*,#6271,.T.);
#6486 = ORIENTED_EDGE('',*,*,#6487,.F.);
#6487 = EDGE_CURVE('',#4382,#6274,#6488,.T.);
#6488 = LINE('',#6489,#6490);
#6489 = CARTESIAN_POINT('',(140.,-40.695,9.));
#6490 = VECTOR('',#6491,1.);
#6491 = DIRECTION('',(-0.,-0.,-1.));
#6492 = ORIENTED_EDGE('',*,*,#4379,.F.);
#6493 = PLANE('',#6494);
#6494 = AXIS2_PLACEMENT_3D('',#6495,#6496,#6497);
#6495 = CARTESIAN_POINT('',(113.2,-40.695,9.));
#6496 = DIRECTION('',(0.,-1.,0.));
#6497 = DIRECTION('',(1.,0.,0.));
#6498 = ADVANCED_FACE('',(#6499),#6510,.T.);
#6499 = FACE_BOUND('',#6500,.T.);
#6500 = EDGE_LOOP('',(#6501,#6507,#6508,#6509));
#6501 = ORIENTED_EDGE('',*,*,#6502,.T.);
#6502 = EDGE_CURVE('',#4390,#6290,#6503,.T.);
#6503 = LINE('',#6504,#6505);
#6504 = CARTESIAN_POINT('',(113.2,-28.395,9.));
#6505 = VECTOR('',#6506,1.);
#6506 = DIRECTION('',(-0.,-0.,-1.));
#6507 = ORIENTED_EDGE('',*,*,#6297,.T.);
#6508 = ORIENTED_EDGE('',*,*,#6480,.F.);
#6509 = ORIENTED_EDGE('',*,*,#4389,.F.);
#6510 = PLANE('',#6511);
#6511 = AXIS2_PLACEMENT_3D('',#6512,#6513,#6514);
#6512 = CARTESIAN_POINT('',(113.2,-28.395,9.));
#6513 = DIRECTION('',(-1.,0.,0.));
#6514 = DIRECTION('',(0.,-1.,0.));
#6515 = ADVANCED_FACE('',(#6516),#6527,.T.);
#6516 = FACE_BOUND('',#6517,.T.);
#6517 = EDGE_LOOP('',(#6518,#6519,#6520,#6526));
#6518 = ORIENTED_EDGE('',*,*,#6487,.T.);
#6519 = ORIENTED_EDGE('',*,*,#6281,.T.);
#6520 = ORIENTED_EDGE('',*,*,#6521,.F.);
#6521 = EDGE_CURVE('',#4398,#6282,#6522,.T.);
#6522 = LINE('',#6523,#6524);
#6523 = CARTESIAN_POINT('',(140.,-28.395,9.));
#6524 = VECTOR('',#6525,1.);
#6525 = DIRECTION('',(-0.,-0.,-1.));
#6526 = ORIENTED_EDGE('',*,*,#4405,.F.);
#6527 = PLANE('',#6528);
#6528 = AXIS2_PLACEMENT_3D('',#6529,#6530,#6531);
#6529 = CARTESIAN_POINT('',(140.,-40.695,9.));
#6530 = DIRECTION('',(1.,0.,0.));
#6531 = DIRECTION('',(0.,1.,0.));
#6532 = ADVANCED_FACE('',(#6533),#6539,.T.);
#6533 = FACE_BOUND('',#6534,.T.);
#6534 = EDGE_LOOP('',(#6535,#6536,#6537,#6538));
#6535 = ORIENTED_EDGE('',*,*,#6521,.T.);
#6536 = ORIENTED_EDGE('',*,*,#6289,.T.);
#6537 = ORIENTED_EDGE('',*,*,#6502,.F.);
#6538 = ORIENTED_EDGE('',*,*,#4397,.F.);
#6539 = PLANE('',#6540);
#6540 = AXIS2_PLACEMENT_3D('',#6541,#6542,#6543);
#6541 = CARTESIAN_POINT('',(140.,-28.395,9.));
#6542 = DIRECTION('',(0.,1.,0.));
#6543 = DIRECTION('',(-1.,0.,0.));
#6544 = ADVANCED_FACE('',(#6545),#6564,.T.);
#6545 = FACE_BOUND('',#6546,.T.);
#6546 = EDGE_LOOP('',(#6547,#6555,#6562,#6563));
#6547 = ORIENTED_EDGE('',*,*,#6548,.T.);
#6548 = EDGE_CURVE('',#4414,#6549,#6551,.T.);
#6549 = VERTEX_POINT('',#6550);
#6550 = CARTESIAN_POINT('',(181.65,-25.,1.61));
#6551 = LINE('',#6552,#6553);
#6552 = CARTESIAN_POINT('',(181.65,-25.,9.));
#6553 = VECTOR('',#6554,1.);
#6554 = DIRECTION('',(-0.,-0.,-1.));
#6555 = ORIENTED_EDGE('',*,*,#6556,.T.);
#6556 = EDGE_CURVE('',#6549,#6549,#6557,.T.);
#6557 = CIRCLE('',#6558,3.4);
#6558 = AXIS2_PLACEMENT_3D('',#6559,#6560,#6561);
#6559 = CARTESIAN_POINT('',(178.25,-25.,1.61));
#6560 = DIRECTION('',(0.,0.,1.));
#6561 = DIRECTION('',(1.,0.,0.));
#6562 = ORIENTED_EDGE('',*,*,#6548,.F.);
#6563 = ORIENTED_EDGE('',*,*,#4413,.F.);
#6564 = CYLINDRICAL_SURFACE('',#6565,3.4);
#6565 = AXIS2_PLACEMENT_3D('',#6566,#6567,#6568);
#6566 = CARTESIAN_POINT('',(178.25,-25.,9.));
#6567 = DIRECTION('',(0.,0.,1.));
#6568 = DIRECTION('',(1.,0.,0.));
#6569 = ADVANCED_FACE('',(#6570),#6576,.F.);
#6570 = FACE_BOUND('',#6571,.F.);
#6571 = EDGE_LOOP('',(#6572,#6573,#6574,#6575));
#6572 = ORIENTED_EDGE('',*,*,#5294,.T.);
#6573 = ORIENTED_EDGE('',*,*,#5268,.T.);
#6574 = ORIENTED_EDGE('',*,*,#5524,.F.);
#6575 = ORIENTED_EDGE('',*,*,#4518,.F.);
#6576 = PLANE('',#6577);
#6577 = AXIS2_PLACEMENT_3D('',#6578,#6579,#6580);
#6578 = CARTESIAN_POINT('',(18.45,-116.46,5.01));
#6579 = DIRECTION('',(0.,-1.,0.));
#6580 = DIRECTION('',(1.,0.,0.));
#6581 = ADVANCED_FACE('',(#6582),#6601,.T.);
#6582 = FACE_BOUND('',#6583,.T.);
#6583 = EDGE_LOOP('',(#6584,#6585,#6593,#6600));
#6584 = ORIENTED_EDGE('',*,*,#4565,.F.);
#6585 = ORIENTED_EDGE('',*,*,#6586,.T.);
#6586 = EDGE_CURVE('',#4566,#6587,#6589,.T.);
#6587 = VERTEX_POINT('',#6588);
#6588 = CARTESIAN_POINT('',(30.9,-107.5,1.61));
#6589 = LINE('',#6590,#6591);
#6590 = CARTESIAN_POINT('',(30.9,-107.5,9.));
#6591 = VECTOR('',#6592,1.);
#6592 = DIRECTION('',(-0.,-0.,-1.));
#6593 = ORIENTED_EDGE('',*,*,#6594,.T.);
#6594 = EDGE_CURVE('',#6587,#6587,#6595,.T.);
#6595 = CIRCLE('',#6596,3.4);
#6596 = AXIS2_PLACEMENT_3D('',#6597,#6598,#6599);
#6597 = CARTESIAN_POINT('',(27.5,-107.5,1.61));
#6598 = DIRECTION('',(0.,0.,1.));
#6599 = DIRECTION('',(1.,0.,0.));
#6600 = ORIENTED_EDGE('',*,*,#6586,.F.);
#6601 = CYLINDRICAL_SURFACE('',#6602,3.4);
#6602 = AXIS2_PLACEMENT_3D('',#6603,#6604,#6605);
#6603 = CARTESIAN_POINT('',(27.5,-107.5,9.));
#6604 = DIRECTION('',(0.,0.,1.));
#6605 = DIRECTION('',(1.,0.,0.));
#6606 = ADVANCED_FACE('',(#6607),#6623,.F.);
#6607 = FACE_BOUND('',#6608,.F.);
#6608 = EDGE_LOOP('',(#6609,#6615,#6616,#6622));
#6609 = ORIENTED_EDGE('',*,*,#6610,.T.);
#6610 = EDGE_CURVE('',#5640,#4577,#6611,.T.);
#6611 = LINE('',#6612,#6613);
#6612 = CARTESIAN_POINT('',(31.075,-102.275,6.51));
#6613 = VECTOR('',#6614,1.);
#6614 = DIRECTION('',(-0.,-0.,-1.));
#6615 = ORIENTED_EDGE('',*,*,#4576,.T.);
#6616 = ORIENTED_EDGE('',*,*,#6617,.F.);
#6617 = EDGE_CURVE('',#5642,#4579,#6618,.T.);
#6618 = LINE('',#6619,#6620);
#6619 = CARTESIAN_POINT('',(45.125,-102.275,6.51));
#6620 = VECTOR('',#6621,1.);
#6621 = DIRECTION('',(-0.,-0.,-1.));
#6622 = ORIENTED_EDGE('',*,*,#5639,.F.);
#6623 = PLANE('',#6624);
#6624 = AXIS2_PLACEMENT_3D('',#6625,#6626,#6627);
#6625 = CARTESIAN_POINT('',(31.075,-102.275,6.51));
#6626 = DIRECTION('',(0.,-1.,0.));
#6627 = DIRECTION('',(1.,0.,0.));
#6628 = ADVANCED_FACE('',(#6629),#6640,.F.);
#6629 = FACE_BOUND('',#6630,.F.);
#6630 = EDGE_LOOP('',(#6631,#6637,#6638,#6639));
#6631 = ORIENTED_EDGE('',*,*,#6632,.T.);
#6632 = EDGE_CURVE('',#5650,#4587,#6633,.T.);
#6633 = LINE('',#6634,#6635);
#6634 = CARTESIAN_POINT('',(31.075,-88.225,6.51));
#6635 = VECTOR('',#6636,1.);
#6636 = DIRECTION('',(-0.,-0.,-1.));
#6637 = ORIENTED_EDGE('',*,*,#4586,.T.);
#6638 = ORIENTED_EDGE('',*,*,#6610,.F.);
#6639 = ORIENTED_EDGE('',*,*,#5649,.F.);
#6640 = PLANE('',#6641);
#6641 = AXIS2_PLACEMENT_3D('',#6642,#6643,#6644);
#6642 = CARTESIAN_POINT('',(31.075,-88.225,6.51));
#6643 = DIRECTION('',(-1.,0.,0.));
#6644 = DIRECTION('',(0.,-1.,0.));
#6645 = ADVANCED_FACE('',(#6646),#6657,.F.);
#6646 = FACE_BOUND('',#6647,.F.);
#6647 = EDGE_LOOP('',(#6648,#6649,#6650,#6656));
#6648 = ORIENTED_EDGE('',*,*,#6617,.T.);
#6649 = ORIENTED_EDGE('',*,*,#4602,.T.);
#6650 = ORIENTED_EDGE('',*,*,#6651,.F.);
#6651 = EDGE_CURVE('',#5658,#4595,#6652,.T.);
#6652 = LINE('',#6653,#6654);
#6653 = CARTESIAN_POINT('',(45.125,-88.225,6.51));
#6654 = VECTOR('',#6655,1.);
#6655 = DIRECTION('',(-0.,-0.,-1.));
#6656 = ORIENTED_EDGE('',*,*,#5665,.F.);
#6657 = PLANE('',#6658);
#6658 = AXIS2_PLACEMENT_3D('',#6659,#6660,#6661);
#6659 = CARTESIAN_POINT('',(45.125,-102.275,6.51));
#6660 = DIRECTION('',(1.,0.,0.));
#6661 = DIRECTION('',(0.,1.,0.));
#6662 = ADVANCED_FACE('',(#6663),#6669,.F.);
#6663 = FACE_BOUND('',#6664,.F.);
#6664 = EDGE_LOOP('',(#6665,#6666,#6667,#6668));
#6665 = ORIENTED_EDGE('',*,*,#6651,.T.);
#6666 = ORIENTED_EDGE('',*,*,#4594,.T.);
#6667 = ORIENTED_EDGE('',*,*,#6632,.F.);
#6668 = ORIENTED_EDGE('',*,*,#5657,.F.);
#6669 = PLANE('',#6670);
#6670 = AXIS2_PLACEMENT_3D('',#6671,#6672,#6673);
#6671 = CARTESIAN_POINT('',(45.125,-88.225,6.51));
#6672 = DIRECTION('',(0.,1.,0.));
#6673 = DIRECTION('',(-1.,0.,0.));
#6674 = ADVANCED_FACE('',(#6675),#6691,.F.);
#6675 = FACE_BOUND('',#6676,.F.);
#6676 = EDGE_LOOP('',(#6677,#6683,#6684,#6690));
#6677 = ORIENTED_EDGE('',*,*,#6678,.T.);
#6678 = EDGE_CURVE('',#5674,#4611,#6679,.T.);
#6679 = LINE('',#6680,#6681);
#6680 = CARTESIAN_POINT('',(50.125,-102.275,6.51));
#6681 = VECTOR('',#6682,1.);
#6682 = DIRECTION('',(-0.,-0.,-1.));
#6683 = ORIENTED_EDGE('',*,*,#4610,.T.);
#6684 = ORIENTED_EDGE('',*,*,#6685,.F.);
#6685 = EDGE_CURVE('',#5676,#4613,#6686,.T.);
#6686 = LINE('',#6687,#6688);
#6687 = CARTESIAN_POINT('',(64.175,-102.275,6.51));
#6688 = VECTOR('',#6689,1.);
#6689 = DIRECTION('',(-0.,-0.,-1.));
#6690 = ORIENTED_EDGE('',*,*,#5673,.F.);
#6691 = PLANE('',#6692);
#6692 = AXIS2_PLACEMENT_3D('',#6693,#6694,#6695);
#6693 = CARTESIAN_POINT('',(50.125,-102.275,6.51));
#6694 = DIRECTION('',(0.,-1.,0.));
#6695 = DIRECTION('',(1.,0.,0.));
#6696 = ADVANCED_FACE('',(#6697),#6708,.F.);
#6697 = FACE_BOUND('',#6698,.F.);
#6698 = EDGE_LOOP('',(#6699,#6705,#6706,#6707));
#6699 = ORIENTED_EDGE('',*,*,#6700,.T.);
#6700 = EDGE_CURVE('',#5684,#4621,#6701,.T.);
#6701 = LINE('',#6702,#6703);
#6702 = CARTESIAN_POINT('',(50.125,-88.225,6.51));
#6703 = VECTOR('',#6704,1.);
#6704 = DIRECTION('',(-0.,-0.,-1.));
#6705 = ORIENTED_EDGE('',*,*,#4620,.T.);
#6706 = ORIENTED_EDGE('',*,*,#6678,.F.);
#6707 = ORIENTED_EDGE('',*,*,#5683,.F.);
#6708 = PLANE('',#6709);
#6709 = AXIS2_PLACEMENT_3D('',#6710,#6711,#6712);
#6710 = CARTESIAN_POINT('',(50.125,-88.225,6.51));
#6711 = DIRECTION('',(-1.,0.,0.));
#6712 = DIRECTION('',(0.,-1.,0.));
#6713 = ADVANCED_FACE('',(#6714),#6725,.F.);
#6714 = FACE_BOUND('',#6715,.F.);
#6715 = EDGE_LOOP('',(#6716,#6717,#6718,#6724));
#6716 = ORIENTED_EDGE('',*,*,#6685,.T.);
#6717 = ORIENTED_EDGE('',*,*,#4636,.T.);
#6718 = ORIENTED_EDGE('',*,*,#6719,.F.);
#6719 = EDGE_CURVE('',#5692,#4629,#6720,.T.);
#6720 = LINE('',#6721,#6722);
#6721 = CARTESIAN_POINT('',(64.175,-88.225,6.51));
#6722 = VECTOR('',#6723,1.);
#6723 = DIRECTION('',(-0.,-0.,-1.));
#6724 = ORIENTED_EDGE('',*,*,#5699,.F.);
#6725 = PLANE('',#6726);
#6726 = AXIS2_PLACEMENT_3D('',#6727,#6728,#6729);
#6727 = CARTESIAN_POINT('',(64.175,-102.275,6.51));
#6728 = DIRECTION('',(1.,0.,0.));
#6729 = DIRECTION('',(0.,1.,0.));
#6730 = ADVANCED_FACE('',(#6731),#6737,.F.);
#6731 = FACE_BOUND('',#6732,.F.);
#6732 = EDGE_LOOP('',(#6733,#6734,#6735,#6736));
#6733 = ORIENTED_EDGE('',*,*,#6719,.T.);
#6734 = ORIENTED_EDGE('',*,*,#4628,.T.);
#6735 = ORIENTED_EDGE('',*,*,#6700,.F.);
#6736 = ORIENTED_EDGE('',*,*,#5691,.F.);
#6737 = PLANE('',#6738);
#6738 = AXIS2_PLACEMENT_3D('',#6739,#6740,#6741);
#6739 = CARTESIAN_POINT('',(64.175,-88.225,6.51));
#6740 = DIRECTION('',(0.,1.,0.));
#6741 = DIRECTION('',(-1.,0.,0.));
#6742 = ADVANCED_FACE('',(#6743),#6759,.F.);
#6743 = FACE_BOUND('',#6744,.F.);
#6744 = EDGE_LOOP('',(#6745,#6751,#6752,#6758));
#6745 = ORIENTED_EDGE('',*,*,#6746,.T.);
#6746 = EDGE_CURVE('',#5708,#4645,#6747,.T.);
#6747 = LINE('',#6748,#6749);
#6748 = CARTESIAN_POINT('',(31.075,-83.225,6.51));
#6749 = VECTOR('',#6750,1.);
#6750 = DIRECTION('',(-0.,-0.,-1.));
#6751 = ORIENTED_EDGE('',*,*,#4644,.T.);
#6752 = ORIENTED_EDGE('',*,*,#6753,.F.);
#6753 = EDGE_CURVE('',#5710,#4647,#6754,.T.);
#6754 = LINE('',#6755,#6756);
#6755 = CARTESIAN_POINT('',(45.125,-83.225,6.51));
#6756 = VECTOR('',#6757,1.);
#6757 = DIRECTION('',(-0.,-0.,-1.));
#6758 = ORIENTED_EDGE('',*,*,#5707,.F.);
#6759 = PLANE('',#6760);
#6760 = AXIS2_PLACEMENT_3D('',#6761,#6762,#6763);
#6761 = CARTESIAN_POINT('',(31.075,-83.225,6.51));
#6762 = DIRECTION('',(0.,-1.,0.));
#6763 = DIRECTION('',(1.,0.,0.));
#6764 = ADVANCED_FACE('',(#6765),#6776,.F.);
#6765 = FACE_BOUND('',#6766,.F.);
#6766 = EDGE_LOOP('',(#6767,#6773,#6774,#6775));
#6767 = ORIENTED_EDGE('',*,*,#6768,.T.);
#6768 = EDGE_CURVE('',#5718,#4655,#6769,.T.);
#6769 = LINE('',#6770,#6771);
#6770 = CARTESIAN_POINT('',(31.075,-69.175,6.51));
#6771 = VECTOR('',#6772,1.);
#6772 = DIRECTION('',(-0.,-0.,-1.));
#6773 = ORIENTED_EDGE('',*,*,#4654,.T.);
#6774 = ORIENTED_EDGE('',*,*,#6746,.F.);
#6775 = ORIENTED_EDGE('',*,*,#5717,.F.);
#6776 = PLANE('',#6777);
#6777 = AXIS2_PLACEMENT_3D('',#6778,#6779,#6780);
#6778 = CARTESIAN_POINT('',(31.075,-69.175,6.51));
#6779 = DIRECTION('',(-1.,0.,0.));
#6780 = DIRECTION('',(0.,-1.,0.));
#6781 = ADVANCED_FACE('',(#6782),#6793,.F.);
#6782 = FACE_BOUND('',#6783,.F.);
#6783 = EDGE_LOOP('',(#6784,#6785,#6786,#6792));
#6784 = ORIENTED_EDGE('',*,*,#6753,.T.);
#6785 = ORIENTED_EDGE('',*,*,#4670,.T.);
#6786 = ORIENTED_EDGE('',*,*,#6787,.F.);
#6787 = EDGE_CURVE('',#5726,#4663,#6788,.T.);
#6788 = LINE('',#6789,#6790);
#6789 = CARTESIAN_POINT('',(45.125,-69.175,6.51));
#6790 = VECTOR('',#6791,1.);
#6791 = DIRECTION('',(-0.,-0.,-1.));
#6792 = ORIENTED_EDGE('',*,*,#5733,.F.);
#6793 = PLANE('',#6794);
#6794 = AXIS2_PLACEMENT_3D('',#6795,#6796,#6797);
#6795 = CARTESIAN_POINT('',(45.125,-83.225,6.51));
#6796 = DIRECTION('',(1.,0.,0.));
#6797 = DIRECTION('',(0.,1.,0.));
#6798 = ADVANCED_FACE('',(#6799),#6805,.F.);
#6799 = FACE_BOUND('',#6800,.F.);
#6800 = EDGE_LOOP('',(#6801,#6802,#6803,#6804));
#6801 = ORIENTED_EDGE('',*,*,#6787,.T.);
#6802 = ORIENTED_EDGE('',*,*,#4662,.T.);
#6803 = ORIENTED_EDGE('',*,*,#6768,.F.);
#6804 = ORIENTED_EDGE('',*,*,#5725,.F.);
#6805 = PLANE('',#6806);
#6806 = AXIS2_PLACEMENT_3D('',#6807,#6808,#6809);
#6807 = CARTESIAN_POINT('',(45.125,-69.175,6.51));
#6808 = DIRECTION('',(0.,1.,0.));
#6809 = DIRECTION('',(-1.,0.,0.));
#6810 = ADVANCED_FACE('',(#6811),#6827,.F.);
#6811 = FACE_BOUND('',#6812,.F.);
#6812 = EDGE_LOOP('',(#6813,#6819,#6820,#6826));
#6813 = ORIENTED_EDGE('',*,*,#6814,.T.);
#6814 = EDGE_CURVE('',#5742,#4679,#6815,.T.);
#6815 = LINE('',#6816,#6817);
#6816 = CARTESIAN_POINT('',(50.125,-83.225,6.51));
#6817 = VECTOR('',#6818,1.);
#6818 = DIRECTION('',(-0.,-0.,-1.));
#6819 = ORIENTED_EDGE('',*,*,#4678,.T.);
#6820 = ORIENTED_EDGE('',*,*,#6821,.F.);
#6821 = EDGE_CURVE('',#5744,#4681,#6822,.T.);
#6822 = LINE('',#6823,#6824);
#6823 = CARTESIAN_POINT('',(64.175,-83.225,6.51));
#6824 = VECTOR('',#6825,1.);
#6825 = DIRECTION('',(-0.,-0.,-1.));
#6826 = ORIENTED_EDGE('',*,*,#5741,.F.);
#6827 = PLANE('',#6828);
#6828 = AXIS2_PLACEMENT_3D('',#6829,#6830,#6831);
#6829 = CARTESIAN_POINT('',(50.125,-83.225,6.51));
#6830 = DIRECTION('',(0.,-1.,0.));
#6831 = DIRECTION('',(1.,0.,0.));
#6832 = ADVANCED_FACE('',(#6833),#6844,.F.);
#6833 = FACE_BOUND('',#6834,.F.);
#6834 = EDGE_LOOP('',(#6835,#6841,#6842,#6843));
#6835 = ORIENTED_EDGE('',*,*,#6836,.T.);
#6836 = EDGE_CURVE('',#5752,#4689,#6837,.T.);
#6837 = LINE('',#6838,#6839);
#6838 = CARTESIAN_POINT('',(50.125,-69.175,6.51));
#6839 = VECTOR('',#6840,1.);
#6840 = DIRECTION('',(-0.,-0.,-1.));
#6841 = ORIENTED_EDGE('',*,*,#4688,.T.);
#6842 = ORIENTED_EDGE('',*,*,#6814,.F.);
#6843 = ORIENTED_EDGE('',*,*,#5751,.F.);
#6844 = PLANE('',#6845);
#6845 = AXIS2_PLACEMENT_3D('',#6846,#6847,#6848);
#6846 = CARTESIAN_POINT('',(50.125,-69.175,6.51));
#6847 = DIRECTION('',(-1.,0.,0.));
#6848 = DIRECTION('',(0.,-1.,0.));
#6849 = ADVANCED_FACE('',(#6850),#6861,.F.);
#6850 = FACE_BOUND('',#6851,.F.);
#6851 = EDGE_LOOP('',(#6852,#6853,#6854,#6860));
#6852 = ORIENTED_EDGE('',*,*,#6821,.T.);
#6853 = ORIENTED_EDGE('',*,*,#4704,.T.);
#6854 = ORIENTED_EDGE('',*,*,#6855,.F.);
#6855 = EDGE_CURVE('',#5760,#4697,#6856,.T.);
#6856 = LINE('',#6857,#6858);
#6857 = CARTESIAN_POINT('',(64.175,-69.175,6.51));
#6858 = VECTOR('',#6859,1.);
#6859 = DIRECTION('',(-0.,-0.,-1.));
#6860 = ORIENTED_EDGE('',*,*,#5767,.F.);
#6861 = PLANE('',#6862);
#6862 = AXIS2_PLACEMENT_3D('',#6863,#6864,#6865);
#6863 = CARTESIAN_POINT('',(64.175,-83.225,6.51));
#6864 = DIRECTION('',(1.,0.,0.));
#6865 = DIRECTION('',(0.,1.,0.));
#6866 = ADVANCED_FACE('',(#6867),#6873,.F.);
#6867 = FACE_BOUND('',#6868,.F.);
#6868 = EDGE_LOOP('',(#6869,#6870,#6871,#6872));
#6869 = ORIENTED_EDGE('',*,*,#6855,.T.);
#6870 = ORIENTED_EDGE('',*,*,#4696,.T.);
#6871 = ORIENTED_EDGE('',*,*,#6836,.F.);
#6872 = ORIENTED_EDGE('',*,*,#5759,.F.);
#6873 = PLANE('',#6874);
#6874 = AXIS2_PLACEMENT_3D('',#6875,#6876,#6877);
#6875 = CARTESIAN_POINT('',(64.175,-69.175,6.51));
#6876 = DIRECTION('',(0.,1.,0.));
#6877 = DIRECTION('',(-1.,0.,0.));
#6878 = ADVANCED_FACE('',(#6879),#6895,.F.);
#6879 = FACE_BOUND('',#6880,.F.);
#6880 = EDGE_LOOP('',(#6881,#6887,#6888,#6894));
#6881 = ORIENTED_EDGE('',*,*,#6882,.T.);
#6882 = EDGE_CURVE('',#5776,#4713,#6883,.T.);
#6883 = LINE('',#6884,#6885);
#6884 = CARTESIAN_POINT('',(69.175,-102.275,6.51));
#6885 = VECTOR('',#6886,1.);
#6886 = DIRECTION('',(-0.,-0.,-1.));
#6887 = ORIENTED_EDGE('',*,*,#4712,.T.);
#6888 = ORIENTED_EDGE('',*,*,#6889,.F.);
#6889 = EDGE_CURVE('',#5778,#4715,#6890,.T.);
#6890 = LINE('',#6891,#6892);
#6891 = CARTESIAN_POINT('',(83.225,-102.275,6.51));
#6892 = VECTOR('',#6893,1.);
#6893 = DIRECTION('',(-0.,-0.,-1.));
#6894 = ORIENTED_EDGE('',*,*,#5775,.F.);
#6895 = PLANE('',#6896);
#6896 = AXIS2_PLACEMENT_3D('',#6897,#6898,#6899);
#6897 = CARTESIAN_POINT('',(69.175,-102.275,6.51));
#6898 = DIRECTION('',(0.,-1.,0.));
#6899 = DIRECTION('',(1.,0.,0.));
#6900 = ADVANCED_FACE('',(#6901),#6912,.F.);
#6901 = FACE_BOUND('',#6902,.F.);
#6902 = EDGE_LOOP('',(#6903,#6909,#6910,#6911));
#6903 = ORIENTED_EDGE('',*,*,#6904,.T.);
#6904 = EDGE_CURVE('',#5786,#4723,#6905,.T.);
#6905 = LINE('',#6906,#6907);
#6906 = CARTESIAN_POINT('',(69.175,-88.225,6.51));
#6907 = VECTOR('',#6908,1.);
#6908 = DIRECTION('',(-0.,-0.,-1.));
#6909 = ORIENTED_EDGE('',*,*,#4722,.T.);
#6910 = ORIENTED_EDGE('',*,*,#6882,.F.);
#6911 = ORIENTED_EDGE('',*,*,#5785,.F.);
#6912 = PLANE('',#6913);
#6913 = AXIS2_PLACEMENT_3D('',#6914,#6915,#6916);
#6914 = CARTESIAN_POINT('',(69.175,-88.225,6.51));
#6915 = DIRECTION('',(-1.,0.,0.));
#6916 = DIRECTION('',(0.,-1.,0.));
#6917 = ADVANCED_FACE('',(#6918),#6929,.F.);
#6918 = FACE_BOUND('',#6919,.F.);
#6919 = EDGE_LOOP('',(#6920,#6921,#6922,#6928));
#6920 = ORIENTED_EDGE('',*,*,#6889,.T.);
#6921 = ORIENTED_EDGE('',*,*,#4738,.T.);
#6922 = ORIENTED_EDGE('',*,*,#6923,.F.);
#6923 = EDGE_CURVE('',#5794,#4731,#6924,.T.);
#6924 = LINE('',#6925,#6926);
#6925 = CARTESIAN_POINT('',(83.225,-88.225,6.51));
#6926 = VECTOR('',#6927,1.);
#6927 = DIRECTION('',(-0.,-0.,-1.));
#6928 = ORIENTED_EDGE('',*,*,#5801,.F.);
#6929 = PLANE('',#6930);
#6930 = AXIS2_PLACEMENT_3D('',#6931,#6932,#6933);
#6931 = CARTESIAN_POINT('',(83.225,-102.275,6.51));
#6932 = DIRECTION('',(1.,0.,0.));
#6933 = DIRECTION('',(0.,1.,0.));
#6934 = ADVANCED_FACE('',(#6935),#6941,.F.);
#6935 = FACE_BOUND('',#6936,.F.);
#6936 = EDGE_LOOP('',(#6937,#6938,#6939,#6940));
#6937 = ORIENTED_EDGE('',*,*,#6923,.T.);
#6938 = ORIENTED_EDGE('',*,*,#4730,.T.);
#6939 = ORIENTED_EDGE('',*,*,#6904,.F.);
#6940 = ORIENTED_EDGE('',*,*,#5793,.F.);
#6941 = PLANE('',#6942);
#6942 = AXIS2_PLACEMENT_3D('',#6943,#6944,#6945);
#6943 = CARTESIAN_POINT('',(83.225,-88.225,6.51));
#6944 = DIRECTION('',(0.,1.,0.));
#6945 = DIRECTION('',(-1.,0.,0.));
#6946 = ADVANCED_FACE('',(#6947),#6963,.F.);
#6947 = FACE_BOUND('',#6948,.F.);
#6948 = EDGE_LOOP('',(#6949,#6955,#6956,#6962));
#6949 = ORIENTED_EDGE('',*,*,#6950,.T.);
#6950 = EDGE_CURVE('',#5810,#4747,#6951,.T.);
#6951 = LINE('',#6952,#6953);
#6952 = CARTESIAN_POINT('',(88.225,-102.275,6.51));
#6953 = VECTOR('',#6954,1.);
#6954 = DIRECTION('',(-0.,-0.,-1.));
#6955 = ORIENTED_EDGE('',*,*,#4746,.T.);
#6956 = ORIENTED_EDGE('',*,*,#6957,.F.);
#6957 = EDGE_CURVE('',#5812,#4749,#6958,.T.);
#6958 = LINE('',#6959,#6960);
#6959 = CARTESIAN_POINT('',(102.275,-102.275,6.51));
#6960 = VECTOR('',#6961,1.);
#6961 = DIRECTION('',(-0.,-0.,-1.));
#6962 = ORIENTED_EDGE('',*,*,#5809,.F.);
#6963 = PLANE('',#6964);
#6964 = AXIS2_PLACEMENT_3D('',#6965,#6966,#6967);
#6965 = CARTESIAN_POINT('',(88.225,-102.275,6.51));
#6966 = DIRECTION('',(0.,-1.,0.));
#6967 = DIRECTION('',(1.,0.,0.));
#6968 = ADVANCED_FACE('',(#6969),#6980,.F.);
#6969 = FACE_BOUND('',#6970,.F.);
#6970 = EDGE_LOOP('',(#6971,#6977,#6978,#6979));
#6971 = ORIENTED_EDGE('',*,*,#6972,.T.);
#6972 = EDGE_CURVE('',#5820,#4757,#6973,.T.);
#6973 = LINE('',#6974,#6975);
#6974 = CARTESIAN_POINT('',(88.225,-88.225,6.51));
#6975 = VECTOR('',#6976,1.);
#6976 = DIRECTION('',(-0.,-0.,-1.));
#6977 = ORIENTED_EDGE('',*,*,#4756,.T.);
#6978 = ORIENTED_EDGE('',*,*,#6950,.F.);
#6979 = ORIENTED_EDGE('',*,*,#5819,.F.);
#6980 = PLANE('',#6981);
#6981 = AXIS2_PLACEMENT_3D('',#6982,#6983,#6984);
#6982 = CARTESIAN_POINT('',(88.225,-88.225,6.51));
#6983 = DIRECTION('',(-1.,0.,0.));
#6984 = DIRECTION('',(0.,-1.,0.));
#6985 = ADVANCED_FACE('',(#6986),#6997,.F.);
#6986 = FACE_BOUND('',#6987,.F.);
#6987 = EDGE_LOOP('',(#6988,#6989,#6990,#6996));
#6988 = ORIENTED_EDGE('',*,*,#6957,.T.);
#6989 = ORIENTED_EDGE('',*,*,#4772,.T.);
#6990 = ORIENTED_EDGE('',*,*,#6991,.F.);
#6991 = EDGE_CURVE('',#5828,#4765,#6992,.T.);
#6992 = LINE('',#6993,#6994);
#6993 = CARTESIAN_POINT('',(102.275,-88.225,6.51));
#6994 = VECTOR('',#6995,1.);
#6995 = DIRECTION('',(-0.,-0.,-1.));
#6996 = ORIENTED_EDGE('',*,*,#5835,.F.);
#6997 = PLANE('',#6998);
#6998 = AXIS2_PLACEMENT_3D('',#6999,#7000,#7001);
#6999 = CARTESIAN_POINT('',(102.275,-102.275,6.51));
#7000 = DIRECTION('',(1.,0.,0.));
#7001 = DIRECTION('',(0.,1.,0.));
#7002 = ADVANCED_FACE('',(#7003),#7009,.F.);
#7003 = FACE_BOUND('',#7004,.F.);
#7004 = EDGE_LOOP('',(#7005,#7006,#7007,#7008));
#7005 = ORIENTED_EDGE('',*,*,#6991,.T.);
#7006 = ORIENTED_EDGE('',*,*,#4764,.T.);
#7007 = ORIENTED_EDGE('',*,*,#6972,.F.);
#7008 = ORIENTED_EDGE('',*,*,#5827,.F.);
#7009 = PLANE('',#7010);
#7010 = AXIS2_PLACEMENT_3D('',#7011,#7012,#7013);
#7011 = CARTESIAN_POINT('',(102.275,-88.225,6.51));
#7012 = DIRECTION('',(0.,1.,0.));
#7013 = DIRECTION('',(-1.,0.,0.));
#7014 = ADVANCED_FACE('',(#7015),#7031,.F.);
#7015 = FACE_BOUND('',#7016,.F.);
#7016 = EDGE_LOOP('',(#7017,#7023,#7024,#7030));
#7017 = ORIENTED_EDGE('',*,*,#7018,.T.);
#7018 = EDGE_CURVE('',#5844,#4781,#7019,.T.);
#7019 = LINE('',#7020,#7021);
#7020 = CARTESIAN_POINT('',(69.175,-83.225,6.51));
#7021 = VECTOR('',#7022,1.);
#7022 = DIRECTION('',(-0.,-0.,-1.));
#7023 = ORIENTED_EDGE('',*,*,#4780,.T.);
#7024 = ORIENTED_EDGE('',*,*,#7025,.F.);
#7025 = EDGE_CURVE('',#5846,#4783,#7026,.T.);
#7026 = LINE('',#7027,#7028);
#7027 = CARTESIAN_POINT('',(83.225,-83.225,6.51));
#7028 = VECTOR('',#7029,1.);
#7029 = DIRECTION('',(-0.,-0.,-1.));
#7030 = ORIENTED_EDGE('',*,*,#5843,.F.);
#7031 = PLANE('',#7032);
#7032 = AXIS2_PLACEMENT_3D('',#7033,#7034,#7035);
#7033 = CARTESIAN_POINT('',(69.175,-83.225,6.51));
#7034 = DIRECTION('',(0.,-1.,0.));
#7035 = DIRECTION('',(1.,0.,0.));
#7036 = ADVANCED_FACE('',(#7037),#7048,.F.);
#7037 = FACE_BOUND('',#7038,.F.);
#7038 = EDGE_LOOP('',(#7039,#7045,#7046,#7047));
#7039 = ORIENTED_EDGE('',*,*,#7040,.T.);
#7040 = EDGE_CURVE('',#5854,#4791,#7041,.T.);
#7041 = LINE('',#7042,#7043);
#7042 = CARTESIAN_POINT('',(69.175,-69.175,6.51));
#7043 = VECTOR('',#7044,1.);
#7044 = DIRECTION('',(-0.,-0.,-1.));
#7045 = ORIENTED_EDGE('',*,*,#4790,.T.);
#7046 = ORIENTED_EDGE('',*,*,#7018,.F.);
#7047 = ORIENTED_EDGE('',*,*,#5853,.F.);
#7048 = PLANE('',#7049);
#7049 = AXIS2_PLACEMENT_3D('',#7050,#7051,#7052);
#7050 = CARTESIAN_POINT('',(69.175,-69.175,6.51));
#7051 = DIRECTION('',(-1.,0.,0.));
#7052 = DIRECTION('',(0.,-1.,0.));
#7053 = ADVANCED_FACE('',(#7054),#7065,.F.);
#7054 = FACE_BOUND('',#7055,.F.);
#7055 = EDGE_LOOP('',(#7056,#7057,#7058,#7064));
#7056 = ORIENTED_EDGE('',*,*,#7025,.T.);
#7057 = ORIENTED_EDGE('',*,*,#4806,.T.);
#7058 = ORIENTED_EDGE('',*,*,#7059,.F.);
#7059 = EDGE_CURVE('',#5862,#4799,#7060,.T.);
#7060 = LINE('',#7061,#7062);
#7061 = CARTESIAN_POINT('',(83.225,-69.175,6.51));
#7062 = VECTOR('',#7063,1.);
#7063 = DIRECTION('',(-0.,-0.,-1.));
#7064 = ORIENTED_EDGE('',*,*,#5869,.F.);
#7065 = PLANE('',#7066);
#7066 = AXIS2_PLACEMENT_3D('',#7067,#7068,#7069);
#7067 = CARTESIAN_POINT('',(83.225,-83.225,6.51));
#7068 = DIRECTION('',(1.,0.,0.));
#7069 = DIRECTION('',(0.,1.,0.));
#7070 = ADVANCED_FACE('',(#7071),#7077,.F.);
#7071 = FACE_BOUND('',#7072,.F.);
#7072 = EDGE_LOOP('',(#7073,#7074,#7075,#7076));
#7073 = ORIENTED_EDGE('',*,*,#7059,.T.);
#7074 = ORIENTED_EDGE('',*,*,#4798,.T.);
#7075 = ORIENTED_EDGE('',*,*,#7040,.F.);
#7076 = ORIENTED_EDGE('',*,*,#5861,.F.);
#7077 = PLANE('',#7078);
#7078 = AXIS2_PLACEMENT_3D('',#7079,#7080,#7081);
#7079 = CARTESIAN_POINT('',(83.225,-69.175,6.51));
#7080 = DIRECTION('',(0.,1.,0.));
#7081 = DIRECTION('',(-1.,0.,0.));
#7082 = ADVANCED_FACE('',(#7083),#7099,.F.);
#7083 = FACE_BOUND('',#7084,.F.);
#7084 = EDGE_LOOP('',(#7085,#7091,#7092,#7098));
#7085 = ORIENTED_EDGE('',*,*,#7086,.T.);
#7086 = EDGE_CURVE('',#5878,#4815,#7087,.T.);
#7087 = LINE('',#7088,#7089);
#7088 = CARTESIAN_POINT('',(88.225,-83.225,6.51));
#7089 = VECTOR('',#7090,1.);
#7090 = DIRECTION('',(-0.,-0.,-1.));
#7091 = ORIENTED_EDGE('',*,*,#4814,.T.);
#7092 = ORIENTED_EDGE('',*,*,#7093,.F.);
#7093 = EDGE_CURVE('',#5880,#4817,#7094,.T.);
#7094 = LINE('',#7095,#7096);
#7095 = CARTESIAN_POINT('',(102.275,-83.225,6.51));
#7096 = VECTOR('',#7097,1.);
#7097 = DIRECTION('',(-0.,-0.,-1.));
#7098 = ORIENTED_EDGE('',*,*,#5877,.F.);
#7099 = PLANE('',#7100);
#7100 = AXIS2_PLACEMENT_3D('',#7101,#7102,#7103);
#7101 = CARTESIAN_POINT('',(88.225,-83.225,6.51));
#7102 = DIRECTION('',(0.,-1.,0.));
#7103 = DIRECTION('',(1.,0.,0.));
#7104 = ADVANCED_FACE('',(#7105),#7116,.F.);
#7105 = FACE_BOUND('',#7106,.F.);
#7106 = EDGE_LOOP('',(#7107,#7113,#7114,#7115));
#7107 = ORIENTED_EDGE('',*,*,#7108,.T.);
#7108 = EDGE_CURVE('',#5888,#4825,#7109,.T.);
#7109 = LINE('',#7110,#7111);
#7110 = CARTESIAN_POINT('',(88.225,-69.175,6.51));
#7111 = VECTOR('',#7112,1.);
#7112 = DIRECTION('',(-0.,-0.,-1.));
#7113 = ORIENTED_EDGE('',*,*,#4824,.T.);
#7114 = ORIENTED_EDGE('',*,*,#7086,.F.);
#7115 = ORIENTED_EDGE('',*,*,#5887,.F.);
#7116 = PLANE('',#7117);
#7117 = AXIS2_PLACEMENT_3D('',#7118,#7119,#7120);
#7118 = CARTESIAN_POINT('',(88.225,-69.175,6.51));
#7119 = DIRECTION('',(-1.,0.,0.));
#7120 = DIRECTION('',(0.,-1.,0.));
#7121 = ADVANCED_FACE('',(#7122),#7133,.F.);
#7122 = FACE_BOUND('',#7123,.F.);
#7123 = EDGE_LOOP('',(#7124,#7125,#7126,#7132));
#7124 = ORIENTED_EDGE('',*,*,#7093,.T.);
#7125 = ORIENTED_EDGE('',*,*,#4840,.T.);
#7126 = ORIENTED_EDGE('',*,*,#7127,.F.);
#7127 = EDGE_CURVE('',#5896,#4833,#7128,.T.);
#7128 = LINE('',#7129,#7130);
#7129 = CARTESIAN_POINT('',(102.275,-69.175,6.51));
#7130 = VECTOR('',#7131,1.);
#7131 = DIRECTION('',(-0.,-0.,-1.));
#7132 = ORIENTED_EDGE('',*,*,#5903,.F.);
#7133 = PLANE('',#7134);
#7134 = AXIS2_PLACEMENT_3D('',#7135,#7136,#7137);
#7135 = CARTESIAN_POINT('',(102.275,-83.225,6.51));
#7136 = DIRECTION('',(1.,0.,0.));
#7137 = DIRECTION('',(0.,1.,0.));
#7138 = ADVANCED_FACE('',(#7139),#7145,.F.);
#7139 = FACE_BOUND('',#7140,.F.);
#7140 = EDGE_LOOP('',(#7141,#7142,#7143,#7144));
#7141 = ORIENTED_EDGE('',*,*,#7127,.T.);
#7142 = ORIENTED_EDGE('',*,*,#4832,.T.);
#7143 = ORIENTED_EDGE('',*,*,#7108,.F.);
#7144 = ORIENTED_EDGE('',*,*,#5895,.F.);
#7145 = PLANE('',#7146);
#7146 = AXIS2_PLACEMENT_3D('',#7147,#7148,#7149);
#7147 = CARTESIAN_POINT('',(102.275,-69.175,6.51));
#7148 = DIRECTION('',(0.,1.,0.));
#7149 = DIRECTION('',(-1.,0.,0.));
#7150 = ADVANCED_FACE('',(#7151),#7167,.F.);
#7151 = FACE_BOUND('',#7152,.F.);
#7152 = EDGE_LOOP('',(#7153,#7159,#7160,#7166));
#7153 = ORIENTED_EDGE('',*,*,#7154,.T.);
#7154 = EDGE_CURVE('',#5912,#4849,#7155,.T.);
#7155 = LINE('',#7156,#7157);
#7156 = CARTESIAN_POINT('',(31.075,-64.175,6.51));
#7157 = VECTOR('',#7158,1.);
#7158 = DIRECTION('',(-0.,-0.,-1.));
#7159 = ORIENTED_EDGE('',*,*,#4848,.T.);
#7160 = ORIENTED_EDGE('',*,*,#7161,.F.);
#7161 = EDGE_CURVE('',#5914,#4851,#7162,.T.);
#7162 = LINE('',#7163,#7164);
#7163 = CARTESIAN_POINT('',(45.125,-64.175,6.51));
#7164 = VECTOR('',#7165,1.);
#7165 = DIRECTION('',(-0.,-0.,-1.));
#7166 = ORIENTED_EDGE('',*,*,#5911,.F.);
#7167 = PLANE('',#7168);
#7168 = AXIS2_PLACEMENT_3D('',#7169,#7170,#7171);
#7169 = CARTESIAN_POINT('',(31.075,-64.175,6.51));
#7170 = DIRECTION('',(0.,-1.,0.));
#7171 = DIRECTION('',(1.,0.,0.));
#7172 = ADVANCED_FACE('',(#7173),#7184,.F.);
#7173 = FACE_BOUND('',#7174,.F.);
#7174 = EDGE_LOOP('',(#7175,#7181,#7182,#7183));
#7175 = ORIENTED_EDGE('',*,*,#7176,.T.);
#7176 = EDGE_CURVE('',#5922,#4859,#7177,.T.);
#7177 = LINE('',#7178,#7179);
#7178 = CARTESIAN_POINT('',(31.075,-50.125,6.51));
#7179 = VECTOR('',#7180,1.);
#7180 = DIRECTION('',(-0.,-0.,-1.));
#7181 = ORIENTED_EDGE('',*,*,#4858,.T.);
#7182 = ORIENTED_EDGE('',*,*,#7154,.F.);
#7183 = ORIENTED_EDGE('',*,*,#5921,.F.);
#7184 = PLANE('',#7185);
#7185 = AXIS2_PLACEMENT_3D('',#7186,#7187,#7188);
#7186 = CARTESIAN_POINT('',(31.075,-50.125,6.51));
#7187 = DIRECTION('',(-1.,0.,0.));
#7188 = DIRECTION('',(0.,-1.,0.));
#7189 = ADVANCED_FACE('',(#7190),#7201,.F.);
#7190 = FACE_BOUND('',#7191,.F.);
#7191 = EDGE_LOOP('',(#7192,#7193,#7194,#7200));
#7192 = ORIENTED_EDGE('',*,*,#7161,.T.);
#7193 = ORIENTED_EDGE('',*,*,#4874,.T.);
#7194 = ORIENTED_EDGE('',*,*,#7195,.F.);
#7195 = EDGE_CURVE('',#5930,#4867,#7196,.T.);
#7196 = LINE('',#7197,#7198);
#7197 = CARTESIAN_POINT('',(45.125,-50.125,6.51));
#7198 = VECTOR('',#7199,1.);
#7199 = DIRECTION('',(-0.,-0.,-1.));
#7200 = ORIENTED_EDGE('',*,*,#5937,.F.);
#7201 = PLANE('',#7202);
#7202 = AXIS2_PLACEMENT_3D('',#7203,#7204,#7205);
#7203 = CARTESIAN_POINT('',(45.125,-64.175,6.51));
#7204 = DIRECTION('',(1.,0.,0.));
#7205 = DIRECTION('',(0.,1.,0.));
#7206 = ADVANCED_FACE('',(#7207),#7213,.F.);
#7207 = FACE_BOUND('',#7208,.F.);
#7208 = EDGE_LOOP('',(#7209,#7210,#7211,#7212));
#7209 = ORIENTED_EDGE('',*,*,#7195,.T.);
#7210 = ORIENTED_EDGE('',*,*,#4866,.T.);
#7211 = ORIENTED_EDGE('',*,*,#7176,.F.);
#7212 = ORIENTED_EDGE('',*,*,#5929,.F.);
#7213 = PLANE('',#7214);
#7214 = AXIS2_PLACEMENT_3D('',#7215,#7216,#7217);
#7215 = CARTESIAN_POINT('',(45.125,-50.125,6.51));
#7216 = DIRECTION('',(0.,1.,0.));
#7217 = DIRECTION('',(-1.,0.,0.));
#7218 = ADVANCED_FACE('',(#7219),#7235,.F.);
#7219 = FACE_BOUND('',#7220,.F.);
#7220 = EDGE_LOOP('',(#7221,#7227,#7228,#7234));
#7221 = ORIENTED_EDGE('',*,*,#7222,.T.);
#7222 = EDGE_CURVE('',#5946,#4883,#7223,.T.);
#7223 = LINE('',#7224,#7225);
#7224 = CARTESIAN_POINT('',(50.125,-64.175,6.51));
#7225 = VECTOR('',#7226,1.);
#7226 = DIRECTION('',(-0.,-0.,-1.));
#7227 = ORIENTED_EDGE('',*,*,#4882,.T.);
#7228 = ORIENTED_EDGE('',*,*,#7229,.F.);
#7229 = EDGE_CURVE('',#5948,#4885,#7230,.T.);
#7230 = LINE('',#7231,#7232);
#7231 = CARTESIAN_POINT('',(64.175,-64.175,6.51));
#7232 = VECTOR('',#7233,1.);
#7233 = DIRECTION('',(-0.,-0.,-1.));
#7234 = ORIENTED_EDGE('',*,*,#5945,.F.);
#7235 = PLANE('',#7236);
#7236 = AXIS2_PLACEMENT_3D('',#7237,#7238,#7239);
#7237 = CARTESIAN_POINT('',(50.125,-64.175,6.51));
#7238 = DIRECTION('',(0.,-1.,0.));
#7239 = DIRECTION('',(1.,0.,0.));
#7240 = ADVANCED_FACE('',(#7241),#7252,.F.);
#7241 = FACE_BOUND('',#7242,.F.);
#7242 = EDGE_LOOP('',(#7243,#7249,#7250,#7251));
#7243 = ORIENTED_EDGE('',*,*,#7244,.T.);
#7244 = EDGE_CURVE('',#5956,#4893,#7245,.T.);
#7245 = LINE('',#7246,#7247);
#7246 = CARTESIAN_POINT('',(50.125,-50.125,6.51));
#7247 = VECTOR('',#7248,1.);
#7248 = DIRECTION('',(-0.,-0.,-1.));
#7249 = ORIENTED_EDGE('',*,*,#4892,.T.);
#7250 = ORIENTED_EDGE('',*,*,#7222,.F.);
#7251 = ORIENTED_EDGE('',*,*,#5955,.F.);
#7252 = PLANE('',#7253);
#7253 = AXIS2_PLACEMENT_3D('',#7254,#7255,#7256);
#7254 = CARTESIAN_POINT('',(50.125,-50.125,6.51));
#7255 = DIRECTION('',(-1.,0.,0.));
#7256 = DIRECTION('',(0.,-1.,0.));
#7257 = ADVANCED_FACE('',(#7258),#7269,.F.);
#7258 = FACE_BOUND('',#7259,.F.);
#7259 = EDGE_LOOP('',(#7260,#7261,#7262,#7268));
#7260 = ORIENTED_EDGE('',*,*,#7229,.T.);
#7261 = ORIENTED_EDGE('',*,*,#4908,.T.);
#7262 = ORIENTED_EDGE('',*,*,#7263,.F.);
#7263 = EDGE_CURVE('',#5964,#4901,#7264,.T.);
#7264 = LINE('',#7265,#7266);
#7265 = CARTESIAN_POINT('',(64.175,-50.125,6.51));
#7266 = VECTOR('',#7267,1.);
#7267 = DIRECTION('',(-0.,-0.,-1.));
#7268 = ORIENTED_EDGE('',*,*,#5971,.F.);
#7269 = PLANE('',#7270);
#7270 = AXIS2_PLACEMENT_3D('',#7271,#7272,#7273);
#7271 = CARTESIAN_POINT('',(64.175,-64.175,6.51));
#7272 = DIRECTION('',(1.,0.,0.));
#7273 = DIRECTION('',(0.,1.,0.));
#7274 = ADVANCED_FACE('',(#7275),#7281,.F.);
#7275 = FACE_BOUND('',#7276,.F.);
#7276 = EDGE_LOOP('',(#7277,#7278,#7279,#7280));
#7277 = ORIENTED_EDGE('',*,*,#7263,.T.);
#7278 = ORIENTED_EDGE('',*,*,#4900,.T.);
#7279 = ORIENTED_EDGE('',*,*,#7244,.F.);
#7280 = ORIENTED_EDGE('',*,*,#5963,.F.);
#7281 = PLANE('',#7282);
#7282 = AXIS2_PLACEMENT_3D('',#7283,#7284,#7285);
#7283 = CARTESIAN_POINT('',(64.175,-50.125,6.51));
#7284 = DIRECTION('',(0.,1.,0.));
#7285 = DIRECTION('',(-1.,0.,0.));
#7286 = ADVANCED_FACE('',(#7287),#7303,.F.);
#7287 = FACE_BOUND('',#7288,.F.);
#7288 = EDGE_LOOP('',(#7289,#7295,#7296,#7302));
#7289 = ORIENTED_EDGE('',*,*,#7290,.T.);
#7290 = EDGE_CURVE('',#5980,#4917,#7291,.T.);
#7291 = LINE('',#7292,#7293);
#7292 = CARTESIAN_POINT('',(31.075,-45.125,6.51));
#7293 = VECTOR('',#7294,1.);
#7294 = DIRECTION('',(-0.,-0.,-1.));
#7295 = ORIENTED_EDGE('',*,*,#4916,.T.);
#7296 = ORIENTED_EDGE('',*,*,#7297,.F.);
#7297 = EDGE_CURVE('',#5982,#4919,#7298,.T.);
#7298 = LINE('',#7299,#7300);
#7299 = CARTESIAN_POINT('',(45.125,-45.125,6.51));
#7300 = VECTOR('',#7301,1.);
#7301 = DIRECTION('',(-0.,-0.,-1.));
#7302 = ORIENTED_EDGE('',*,*,#5979,.F.);
#7303 = PLANE('',#7304);
#7304 = AXIS2_PLACEMENT_3D('',#7305,#7306,#7307);
#7305 = CARTESIAN_POINT('',(31.075,-45.125,6.51));
#7306 = DIRECTION('',(0.,-1.,0.));
#7307 = DIRECTION('',(1.,0.,0.));
#7308 = ADVANCED_FACE('',(#7309),#7320,.F.);
#7309 = FACE_BOUND('',#7310,.F.);
#7310 = EDGE_LOOP('',(#7311,#7317,#7318,#7319));
#7311 = ORIENTED_EDGE('',*,*,#7312,.T.);
#7312 = EDGE_CURVE('',#5990,#4927,#7313,.T.);
#7313 = LINE('',#7314,#7315);
#7314 = CARTESIAN_POINT('',(31.075,-31.075,6.51));
#7315 = VECTOR('',#7316,1.);
#7316 = DIRECTION('',(-0.,-0.,-1.));
#7317 = ORIENTED_EDGE('',*,*,#4926,.T.);
#7318 = ORIENTED_EDGE('',*,*,#7290,.F.);
#7319 = ORIENTED_EDGE('',*,*,#5989,.F.);
#7320 = PLANE('',#7321);
#7321 = AXIS2_PLACEMENT_3D('',#7322,#7323,#7324);
#7322 = CARTESIAN_POINT('',(31.075,-31.075,6.51));
#7323 = DIRECTION('',(-1.,0.,0.));
#7324 = DIRECTION('',(0.,-1.,0.));
#7325 = ADVANCED_FACE('',(#7326),#7337,.F.);
#7326 = FACE_BOUND('',#7327,.F.);
#7327 = EDGE_LOOP('',(#7328,#7329,#7330,#7336));
#7328 = ORIENTED_EDGE('',*,*,#7297,.T.);
#7329 = ORIENTED_EDGE('',*,*,#4942,.T.);
#7330 = ORIENTED_EDGE('',*,*,#7331,.F.);
#7331 = EDGE_CURVE('',#5998,#4935,#7332,.T.);
#7332 = LINE('',#7333,#7334);
#7333 = CARTESIAN_POINT('',(45.125,-31.075,6.51));
#7334 = VECTOR('',#7335,1.);
#7335 = DIRECTION('',(-0.,-0.,-1.));
#7336 = ORIENTED_EDGE('',*,*,#6005,.F.);
#7337 = PLANE('',#7338);
#7338 = AXIS2_PLACEMENT_3D('',#7339,#7340,#7341);
#7339 = CARTESIAN_POINT('',(45.125,-45.125,6.51));
#7340 = DIRECTION('',(1.,0.,0.));
#7341 = DIRECTION('',(0.,1.,0.));
#7342 = ADVANCED_FACE('',(#7343),#7349,.F.);
#7343 = FACE_BOUND('',#7344,.F.);
#7344 = EDGE_LOOP('',(#7345,#7346,#7347,#7348));
#7345 = ORIENTED_EDGE('',*,*,#7331,.T.);
#7346 = ORIENTED_EDGE('',*,*,#4934,.T.);
#7347 = ORIENTED_EDGE('',*,*,#7312,.F.);
#7348 = ORIENTED_EDGE('',*,*,#5997,.F.);
#7349 = PLANE('',#7350);
#7350 = AXIS2_PLACEMENT_3D('',#7351,#7352,#7353);
#7351 = CARTESIAN_POINT('',(45.125,-31.075,6.51));
#7352 = DIRECTION('',(0.,1.,0.));
#7353 = DIRECTION('',(-1.,0.,0.));
#7354 = ADVANCED_FACE('',(#7355),#7374,.T.);
#7355 = FACE_BOUND('',#7356,.T.);
#7356 = EDGE_LOOP('',(#7357,#7358,#7366,#7373));
#7357 = ORIENTED_EDGE('',*,*,#4950,.F.);
#7358 = ORIENTED_EDGE('',*,*,#7359,.T.);
#7359 = EDGE_CURVE('',#4951,#7360,#7362,.T.);
#7360 = VERTEX_POINT('',#7361);
#7361 = CARTESIAN_POINT('',(30.9,-25.,1.61));
#7362 = LINE('',#7363,#7364);
#7363 = CARTESIAN_POINT('',(30.9,-25.,9.));
#7364 = VECTOR('',#7365,1.);
#7365 = DIRECTION('',(-0.,-0.,-1.));
#7366 = ORIENTED_EDGE('',*,*,#7367,.T.);
#7367 = EDGE_CURVE('',#7360,#7360,#7368,.T.);
#7368 = CIRCLE('',#7369,3.4);
#7369 = AXIS2_PLACEMENT_3D('',#7370,#7371,#7372);
#7370 = CARTESIAN_POINT('',(27.5,-25.,1.61));
#7371 = DIRECTION('',(0.,0.,1.));
#7372 = DIRECTION('',(1.,0.,0.));
#7373 = ORIENTED_EDGE('',*,*,#7359,.F.);
#7374 = CYLINDRICAL_SURFACE('',#7375,3.4);
#7375 = AXIS2_PLACEMENT_3D('',#7376,#7377,#7378);
#7376 = CARTESIAN_POINT('',(27.5,-25.,9.));
#7377 = DIRECTION('',(0.,0.,1.));
#7378 = DIRECTION('',(1.,0.,0.));
#7379 = ADVANCED_FACE('',(#7380),#7396,.F.);
#7380 = FACE_BOUND('',#7381,.F.);
#7381 = EDGE_LOOP('',(#7382,#7388,#7389,#7395));
#7382 = ORIENTED_EDGE('',*,*,#7383,.T.);
#7383 = EDGE_CURVE('',#6014,#4962,#7384,.T.);
#7384 = LINE('',#7385,#7386);
#7385 = CARTESIAN_POINT('',(50.125,-45.125,6.51));
#7386 = VECTOR('',#7387,1.);
#7387 = DIRECTION('',(-0.,-0.,-1.));
#7388 = ORIENTED_EDGE('',*,*,#4961,.T.);
#7389 = ORIENTED_EDGE('',*,*,#7390,.F.);
#7390 = EDGE_CURVE('',#6016,#4964,#7391,.T.);
#7391 = LINE('',#7392,#7393);
#7392 = CARTESIAN_POINT('',(64.175,-45.125,6.51));
#7393 = VECTOR('',#7394,1.);
#7394 = DIRECTION('',(-0.,-0.,-1.));
#7395 = ORIENTED_EDGE('',*,*,#6013,.F.);
#7396 = PLANE('',#7397);
#7397 = AXIS2_PLACEMENT_3D('',#7398,#7399,#7400);
#7398 = CARTESIAN_POINT('',(50.125,-45.125,6.51));
#7399 = DIRECTION('',(0.,-1.,0.));
#7400 = DIRECTION('',(1.,0.,0.));
#7401 = ADVANCED_FACE('',(#7402),#7413,.F.);
#7402 = FACE_BOUND('',#7403,.F.);
#7403 = EDGE_LOOP('',(#7404,#7410,#7411,#7412));
#7404 = ORIENTED_EDGE('',*,*,#7405,.T.);
#7405 = EDGE_CURVE('',#6024,#4972,#7406,.T.);
#7406 = LINE('',#7407,#7408);
#7407 = CARTESIAN_POINT('',(50.125,-31.075,6.51));
#7408 = VECTOR('',#7409,1.);
#7409 = DIRECTION('',(-0.,-0.,-1.));
#7410 = ORIENTED_EDGE('',*,*,#4971,.T.);
#7411 = ORIENTED_EDGE('',*,*,#7383,.F.);
#7412 = ORIENTED_EDGE('',*,*,#6023,.F.);
#7413 = PLANE('',#7414);
#7414 = AXIS2_PLACEMENT_3D('',#7415,#7416,#7417);
#7415 = CARTESIAN_POINT('',(50.125,-31.075,6.51));
#7416 = DIRECTION('',(-1.,0.,0.));
#7417 = DIRECTION('',(0.,-1.,0.));
#7418 = ADVANCED_FACE('',(#7419),#7430,.F.);
#7419 = FACE_BOUND('',#7420,.F.);
#7420 = EDGE_LOOP('',(#7421,#7422,#7423,#7429));
#7421 = ORIENTED_EDGE('',*,*,#7390,.T.);
#7422 = ORIENTED_EDGE('',*,*,#4987,.T.);
#7423 = ORIENTED_EDGE('',*,*,#7424,.F.);
#7424 = EDGE_CURVE('',#6032,#4980,#7425,.T.);
#7425 = LINE('',#7426,#7427);
#7426 = CARTESIAN_POINT('',(64.175,-31.075,6.51));
#7427 = VECTOR('',#7428,1.);
#7428 = DIRECTION('',(-0.,-0.,-1.));
#7429 = ORIENTED_EDGE('',*,*,#6039,.F.);
#7430 = PLANE('',#7431);
#7431 = AXIS2_PLACEMENT_3D('',#7432,#7433,#7434);
#7432 = CARTESIAN_POINT('',(64.175,-45.125,6.51));
#7433 = DIRECTION('',(1.,0.,0.));
#7434 = DIRECTION('',(0.,1.,0.));
#7435 = ADVANCED_FACE('',(#7436),#7442,.F.);
#7436 = FACE_BOUND('',#7437,.F.);
#7437 = EDGE_LOOP('',(#7438,#7439,#7440,#7441));
#7438 = ORIENTED_EDGE('',*,*,#7424,.T.);
#7439 = ORIENTED_EDGE('',*,*,#4979,.T.);
#7440 = ORIENTED_EDGE('',*,*,#7405,.F.);
#7441 = ORIENTED_EDGE('',*,*,#6031,.F.);
#7442 = PLANE('',#7443);
#7443 = AXIS2_PLACEMENT_3D('',#7444,#7445,#7446);
#7444 = CARTESIAN_POINT('',(64.175,-31.075,6.51));
#7445 = DIRECTION('',(0.,1.,0.));
#7446 = DIRECTION('',(-1.,0.,0.));
#7447 = ADVANCED_FACE('',(#7448),#7464,.F.);
#7448 = FACE_BOUND('',#7449,.F.);
#7449 = EDGE_LOOP('',(#7450,#7456,#7457,#7463));
#7450 = ORIENTED_EDGE('',*,*,#7451,.T.);
#7451 = EDGE_CURVE('',#6048,#4996,#7452,.T.);
#7452 = LINE('',#7453,#7454);
#7453 = CARTESIAN_POINT('',(69.175,-64.175,6.51));
#7454 = VECTOR('',#7455,1.);
#7455 = DIRECTION('',(-0.,-0.,-1.));
#7456 = ORIENTED_EDGE('',*,*,#4995,.T.);
#7457 = ORIENTED_EDGE('',*,*,#7458,.F.);
#7458 = EDGE_CURVE('',#6050,#4998,#7459,.T.);
#7459 = LINE('',#7460,#7461);
#7460 = CARTESIAN_POINT('',(83.225,-64.175,6.51));
#7461 = VECTOR('',#7462,1.);
#7462 = DIRECTION('',(-0.,-0.,-1.));
#7463 = ORIENTED_EDGE('',*,*,#6047,.F.);
#7464 = PLANE('',#7465);
#7465 = AXIS2_PLACEMENT_3D('',#7466,#7467,#7468);
#7466 = CARTESIAN_POINT('',(69.175,-64.175,6.51));
#7467 = DIRECTION('',(0.,-1.,0.));
#7468 = DIRECTION('',(1.,0.,0.));
#7469 = ADVANCED_FACE('',(#7470),#7481,.F.);
#7470 = FACE_BOUND('',#7471,.F.);
#7471 = EDGE_LOOP('',(#7472,#7478,#7479,#7480));
#7472 = ORIENTED_EDGE('',*,*,#7473,.T.);
#7473 = EDGE_CURVE('',#6058,#5006,#7474,.T.);
#7474 = LINE('',#7475,#7476);
#7475 = CARTESIAN_POINT('',(69.175,-50.125,6.51));
#7476 = VECTOR('',#7477,1.);
#7477 = DIRECTION('',(-0.,-0.,-1.));
#7478 = ORIENTED_EDGE('',*,*,#5005,.T.);
#7479 = ORIENTED_EDGE('',*,*,#7451,.F.);
#7480 = ORIENTED_EDGE('',*,*,#6057,.F.);
#7481 = PLANE('',#7482);
#7482 = AXIS2_PLACEMENT_3D('',#7483,#7484,#7485);
#7483 = CARTESIAN_POINT('',(69.175,-50.125,6.51));
#7484 = DIRECTION('',(-1.,0.,0.));
#7485 = DIRECTION('',(0.,-1.,0.));
#7486 = ADVANCED_FACE('',(#7487),#7498,.F.);
#7487 = FACE_BOUND('',#7488,.F.);
#7488 = EDGE_LOOP('',(#7489,#7490,#7491,#7497));
#7489 = ORIENTED_EDGE('',*,*,#7458,.T.);
#7490 = ORIENTED_EDGE('',*,*,#5021,.T.);
#7491 = ORIENTED_EDGE('',*,*,#7492,.F.);
#7492 = EDGE_CURVE('',#6066,#5014,#7493,.T.);
#7493 = LINE('',#7494,#7495);
#7494 = CARTESIAN_POINT('',(83.225,-50.125,6.51));
#7495 = VECTOR('',#7496,1.);
#7496 = DIRECTION('',(-0.,-0.,-1.));
#7497 = ORIENTED_EDGE('',*,*,#6073,.F.);
#7498 = PLANE('',#7499);
#7499 = AXIS2_PLACEMENT_3D('',#7500,#7501,#7502);
#7500 = CARTESIAN_POINT('',(83.225,-64.175,6.51));
#7501 = DIRECTION('',(1.,0.,0.));
#7502 = DIRECTION('',(0.,1.,0.));
#7503 = ADVANCED_FACE('',(#7504),#7510,.F.);
#7504 = FACE_BOUND('',#7505,.F.);
#7505 = EDGE_LOOP('',(#7506,#7507,#7508,#7509));
#7506 = ORIENTED_EDGE('',*,*,#7492,.T.);
#7507 = ORIENTED_EDGE('',*,*,#5013,.T.);
#7508 = ORIENTED_EDGE('',*,*,#7473,.F.);
#7509 = ORIENTED_EDGE('',*,*,#6065,.F.);
#7510 = PLANE('',#7511);
#7511 = AXIS2_PLACEMENT_3D('',#7512,#7513,#7514);
#7512 = CARTESIAN_POINT('',(83.225,-50.125,6.51));
#7513 = DIRECTION('',(0.,1.,0.));
#7514 = DIRECTION('',(-1.,0.,0.));
#7515 = ADVANCED_FACE('',(#7516),#7532,.F.);
#7516 = FACE_BOUND('',#7517,.F.);
#7517 = EDGE_LOOP('',(#7518,#7524,#7525,#7531));
#7518 = ORIENTED_EDGE('',*,*,#7519,.T.);
#7519 = EDGE_CURVE('',#6082,#5030,#7520,.T.);
#7520 = LINE('',#7521,#7522);
#7521 = CARTESIAN_POINT('',(88.225,-64.175,6.51));
#7522 = VECTOR('',#7523,1.);
#7523 = DIRECTION('',(-0.,-0.,-1.));
#7524 = ORIENTED_EDGE('',*,*,#5029,.T.);
#7525 = ORIENTED_EDGE('',*,*,#7526,.F.);
#7526 = EDGE_CURVE('',#6084,#5032,#7527,.T.);
#7527 = LINE('',#7528,#7529);
#7528 = CARTESIAN_POINT('',(102.275,-64.175,6.51));
#7529 = VECTOR('',#7530,1.);
#7530 = DIRECTION('',(-0.,-0.,-1.));
#7531 = ORIENTED_EDGE('',*,*,#6081,.F.);
#7532 = PLANE('',#7533);
#7533 = AXIS2_PLACEMENT_3D('',#7534,#7535,#7536);
#7534 = CARTESIAN_POINT('',(88.225,-64.175,6.51));
#7535 = DIRECTION('',(0.,-1.,0.));
#7536 = DIRECTION('',(1.,0.,0.));
#7537 = ADVANCED_FACE('',(#7538),#7549,.F.);
#7538 = FACE_BOUND('',#7539,.F.);
#7539 = EDGE_LOOP('',(#7540,#7546,#7547,#7548));
#7540 = ORIENTED_EDGE('',*,*,#7541,.T.);
#7541 = EDGE_CURVE('',#6092,#5040,#7542,.T.);
#7542 = LINE('',#7543,#7544);
#7543 = CARTESIAN_POINT('',(88.225,-50.125,6.51));
#7544 = VECTOR('',#7545,1.);
#7545 = DIRECTION('',(-0.,-0.,-1.));
#7546 = ORIENTED_EDGE('',*,*,#5039,.T.);
#7547 = ORIENTED_EDGE('',*,*,#7519,.F.);
#7548 = ORIENTED_EDGE('',*,*,#6091,.F.);
#7549 = PLANE('',#7550);
#7550 = AXIS2_PLACEMENT_3D('',#7551,#7552,#7553);
#7551 = CARTESIAN_POINT('',(88.225,-50.125,6.51));
#7552 = DIRECTION('',(-1.,0.,0.));
#7553 = DIRECTION('',(0.,-1.,0.));
#7554 = ADVANCED_FACE('',(#7555),#7566,.F.);
#7555 = FACE_BOUND('',#7556,.F.);
#7556 = EDGE_LOOP('',(#7557,#7558,#7559,#7565));
#7557 = ORIENTED_EDGE('',*,*,#7526,.T.);
#7558 = ORIENTED_EDGE('',*,*,#5055,.T.);
#7559 = ORIENTED_EDGE('',*,*,#7560,.F.);
#7560 = EDGE_CURVE('',#6100,#5048,#7561,.T.);
#7561 = LINE('',#7562,#7563);
#7562 = CARTESIAN_POINT('',(102.275,-50.125,6.51));
#7563 = VECTOR('',#7564,1.);
#7564 = DIRECTION('',(-0.,-0.,-1.));
#7565 = ORIENTED_EDGE('',*,*,#6107,.F.);
#7566 = PLANE('',#7567);
#7567 = AXIS2_PLACEMENT_3D('',#7568,#7569,#7570);
#7568 = CARTESIAN_POINT('',(102.275,-64.175,6.51));
#7569 = DIRECTION('',(1.,0.,0.));
#7570 = DIRECTION('',(0.,1.,0.));
#7571 = ADVANCED_FACE('',(#7572),#7578,.F.);
#7572 = FACE_BOUND('',#7573,.F.);
#7573 = EDGE_LOOP('',(#7574,#7575,#7576,#7577));
#7574 = ORIENTED_EDGE('',*,*,#7560,.T.);
#7575 = ORIENTED_EDGE('',*,*,#5047,.T.);
#7576 = ORIENTED_EDGE('',*,*,#7541,.F.);
#7577 = ORIENTED_EDGE('',*,*,#6099,.F.);
#7578 = PLANE('',#7579);
#7579 = AXIS2_PLACEMENT_3D('',#7580,#7581,#7582);
#7580 = CARTESIAN_POINT('',(102.275,-50.125,6.51));
#7581 = DIRECTION('',(0.,1.,0.));
#7582 = DIRECTION('',(-1.,0.,0.));
#7583 = ADVANCED_FACE('',(#7584),#7600,.F.);
#7584 = FACE_BOUND('',#7585,.F.);
#7585 = EDGE_LOOP('',(#7586,#7592,#7593,#7599));
#7586 = ORIENTED_EDGE('',*,*,#7587,.T.);
#7587 = EDGE_CURVE('',#6116,#5064,#7588,.T.);
#7588 = LINE('',#7589,#7590);
#7589 = CARTESIAN_POINT('',(69.175,-45.125,6.51));
#7590 = VECTOR('',#7591,1.);
#7591 = DIRECTION('',(-0.,-0.,-1.));
#7592 = ORIENTED_EDGE('',*,*,#5063,.T.);
#7593 = ORIENTED_EDGE('',*,*,#7594,.F.);
#7594 = EDGE_CURVE('',#6118,#5066,#7595,.T.);
#7595 = LINE('',#7596,#7597);
#7596 = CARTESIAN_POINT('',(83.225,-45.125,6.51));
#7597 = VECTOR('',#7598,1.);
#7598 = DIRECTION('',(-0.,-0.,-1.));
#7599 = ORIENTED_EDGE('',*,*,#6115,.F.);
#7600 = PLANE('',#7601);
#7601 = AXIS2_PLACEMENT_3D('',#7602,#7603,#7604);
#7602 = CARTESIAN_POINT('',(69.175,-45.125,6.51));
#7603 = DIRECTION('',(0.,-1.,0.));
#7604 = DIRECTION('',(1.,0.,0.));
#7605 = ADVANCED_FACE('',(#7606),#7617,.F.);
#7606 = FACE_BOUND('',#7607,.F.);
#7607 = EDGE_LOOP('',(#7608,#7614,#7615,#7616));
#7608 = ORIENTED_EDGE('',*,*,#7609,.T.);
#7609 = EDGE_CURVE('',#6126,#5074,#7610,.T.);
#7610 = LINE('',#7611,#7612);
#7611 = CARTESIAN_POINT('',(69.175,-31.075,6.51));
#7612 = VECTOR('',#7613,1.);
#7613 = DIRECTION('',(-0.,-0.,-1.));
#7614 = ORIENTED_EDGE('',*,*,#5073,.T.);
#7615 = ORIENTED_EDGE('',*,*,#7587,.F.);
#7616 = ORIENTED_EDGE('',*,*,#6125,.F.);
#7617 = PLANE('',#7618);
#7618 = AXIS2_PLACEMENT_3D('',#7619,#7620,#7621);
#7619 = CARTESIAN_POINT('',(69.175,-31.075,6.51));
#7620 = DIRECTION('',(-1.,0.,0.));
#7621 = DIRECTION('',(0.,-1.,0.));
#7622 = ADVANCED_FACE('',(#7623),#7634,.F.);
#7623 = FACE_BOUND('',#7624,.F.);
#7624 = EDGE_LOOP('',(#7625,#7626,#7627,#7633));
#7625 = ORIENTED_EDGE('',*,*,#7594,.T.);
#7626 = ORIENTED_EDGE('',*,*,#5089,.T.);
#7627 = ORIENTED_EDGE('',*,*,#7628,.F.);
#7628 = EDGE_CURVE('',#6134,#5082,#7629,.T.);
#7629 = LINE('',#7630,#7631);
#7630 = CARTESIAN_POINT('',(83.225,-31.075,6.51));
#7631 = VECTOR('',#7632,1.);
#7632 = DIRECTION('',(-0.,-0.,-1.));
#7633 = ORIENTED_EDGE('',*,*,#6141,.F.);
#7634 = PLANE('',#7635);
#7635 = AXIS2_PLACEMENT_3D('',#7636,#7637,#7638);
#7636 = CARTESIAN_POINT('',(83.225,-45.125,6.51));
#7637 = DIRECTION('',(1.,0.,0.));
#7638 = DIRECTION('',(0.,1.,0.));
#7639 = ADVANCED_FACE('',(#7640),#7646,.F.);
#7640 = FACE_BOUND('',#7641,.F.);
#7641 = EDGE_LOOP('',(#7642,#7643,#7644,#7645));
#7642 = ORIENTED_EDGE('',*,*,#7628,.T.);
#7643 = ORIENTED_EDGE('',*,*,#5081,.T.);
#7644 = ORIENTED_EDGE('',*,*,#7609,.F.);
#7645 = ORIENTED_EDGE('',*,*,#6133,.F.);
#7646 = PLANE('',#7647);
#7647 = AXIS2_PLACEMENT_3D('',#7648,#7649,#7650);
#7648 = CARTESIAN_POINT('',(83.225,-31.075,6.51));
#7649 = DIRECTION('',(0.,1.,0.));
#7650 = DIRECTION('',(-1.,0.,0.));
#7651 = ADVANCED_FACE('',(#7652),#7668,.F.);
#7652 = FACE_BOUND('',#7653,.F.);
#7653 = EDGE_LOOP('',(#7654,#7660,#7661,#7667));
#7654 = ORIENTED_EDGE('',*,*,#7655,.T.);
#7655 = EDGE_CURVE('',#6150,#5098,#7656,.T.);
#7656 = LINE('',#7657,#7658);
#7657 = CARTESIAN_POINT('',(88.225,-45.125,6.51));
#7658 = VECTOR('',#7659,1.);
#7659 = DIRECTION('',(-0.,-0.,-1.));
#7660 = ORIENTED_EDGE('',*,*,#5097,.T.);
#7661 = ORIENTED_EDGE('',*,*,#7662,.F.);
#7662 = EDGE_CURVE('',#6152,#5100,#7663,.T.);
#7663 = LINE('',#7664,#7665);
#7664 = CARTESIAN_POINT('',(102.275,-45.125,6.51));
#7665 = VECTOR('',#7666,1.);
#7666 = DIRECTION('',(-0.,-0.,-1.));
#7667 = ORIENTED_EDGE('',*,*,#6149,.F.);
#7668 = PLANE('',#7669);
#7669 = AXIS2_PLACEMENT_3D('',#7670,#7671,#7672);
#7670 = CARTESIAN_POINT('',(88.225,-45.125,6.51));
#7671 = DIRECTION('',(0.,-1.,0.));
#7672 = DIRECTION('',(1.,0.,0.));
#7673 = ADVANCED_FACE('',(#7674),#7685,.F.);
#7674 = FACE_BOUND('',#7675,.F.);
#7675 = EDGE_LOOP('',(#7676,#7682,#7683,#7684));
#7676 = ORIENTED_EDGE('',*,*,#7677,.T.);
#7677 = EDGE_CURVE('',#6160,#5108,#7678,.T.);
#7678 = LINE('',#7679,#7680);
#7679 = CARTESIAN_POINT('',(88.225,-31.075,6.51));
#7680 = VECTOR('',#7681,1.);
#7681 = DIRECTION('',(-0.,-0.,-1.));
#7682 = ORIENTED_EDGE('',*,*,#5107,.T.);
#7683 = ORIENTED_EDGE('',*,*,#7655,.F.);
#7684 = ORIENTED_EDGE('',*,*,#6159,.F.);
#7685 = PLANE('',#7686);
#7686 = AXIS2_PLACEMENT_3D('',#7687,#7688,#7689);
#7687 = CARTESIAN_POINT('',(88.225,-31.075,6.51));
#7688 = DIRECTION('',(-1.,0.,0.));
#7689 = DIRECTION('',(0.,-1.,0.));
#7690 = ADVANCED_FACE('',(#7691),#7702,.F.);
#7691 = FACE_BOUND('',#7692,.F.);
#7692 = EDGE_LOOP('',(#7693,#7694,#7695,#7701));
#7693 = ORIENTED_EDGE('',*,*,#7662,.T.);
#7694 = ORIENTED_EDGE('',*,*,#5123,.T.);
#7695 = ORIENTED_EDGE('',*,*,#7696,.F.);
#7696 = EDGE_CURVE('',#6168,#5116,#7697,.T.);
#7697 = LINE('',#7698,#7699);
#7698 = CARTESIAN_POINT('',(102.275,-31.075,6.51));
#7699 = VECTOR('',#7700,1.);
#7700 = DIRECTION('',(-0.,-0.,-1.));
#7701 = ORIENTED_EDGE('',*,*,#6175,.F.);
#7702 = PLANE('',#7703);
#7703 = AXIS2_PLACEMENT_3D('',#7704,#7705,#7706);
#7704 = CARTESIAN_POINT('',(102.275,-45.125,6.51));
#7705 = DIRECTION('',(1.,0.,0.));
#7706 = DIRECTION('',(0.,1.,0.));
#7707 = ADVANCED_FACE('',(#7708),#7714,.F.);
#7708 = FACE_BOUND('',#7709,.F.);
#7709 = EDGE_LOOP('',(#7710,#7711,#7712,#7713));
#7710 = ORIENTED_EDGE('',*,*,#7696,.T.);
#7711 = ORIENTED_EDGE('',*,*,#5115,.T.);
#7712 = ORIENTED_EDGE('',*,*,#7677,.F.);
#7713 = ORIENTED_EDGE('',*,*,#6167,.F.);
#7714 = PLANE('',#7715);
#7715 = AXIS2_PLACEMENT_3D('',#7716,#7717,#7718);
#7716 = CARTESIAN_POINT('',(102.275,-31.075,6.51));
#7717 = DIRECTION('',(0.,1.,0.));
#7718 = DIRECTION('',(-1.,0.,0.));
#7719 = ADVANCED_FACE('',(#7720),#7739,.F.);
#7720 = FACE_BOUND('',#7721,.T.);
#7721 = EDGE_LOOP('',(#7722,#7730,#7737,#7738));
#7722 = ORIENTED_EDGE('',*,*,#7723,.T.);
#7723 = EDGE_CURVE('',#5199,#7724,#7726,.T.);
#7724 = VERTEX_POINT('',#7725);
#7725 = CARTESIAN_POINT('',(21.65,-28.,3.105));
#7726 = LINE('',#7727,#7728);
#7727 = CARTESIAN_POINT('',(21.65,-28.,-1.195));
#7728 = VECTOR('',#7729,1.);
#7729 = DIRECTION('',(0.,0.,1.));
#7730 = ORIENTED_EDGE('',*,*,#7731,.T.);
#7731 = EDGE_CURVE('',#7724,#7724,#7732,.T.);
#7732 = CIRCLE('',#7733,2.3);
#7733 = AXIS2_PLACEMENT_3D('',#7734,#7735,#7736);
#7734 = CARTESIAN_POINT('',(19.35,-28.,3.105));
#7735 = DIRECTION('',(0.,0.,1.));
#7736 = DIRECTION('',(1.,0.,0.));
#7737 = ORIENTED_EDGE('',*,*,#7723,.F.);
#7738 = ORIENTED_EDGE('',*,*,#5198,.F.);
#7739 = CYLINDRICAL_SURFACE('',#7740,2.3);
#7740 = AXIS2_PLACEMENT_3D('',#7741,#7742,#7743);
#7741 = CARTESIAN_POINT('',(19.35,-28.,-1.195));
#7742 = DIRECTION('',(-0.,-0.,-1.));
#7743 = DIRECTION('',(1.,0.,0.));
#7744 = ADVANCED_FACE('',(#7745),#7764,.F.);
#7745 = FACE_BOUND('',#7746,.T.);
#7746 = EDGE_LOOP('',(#7747,#7755,#7762,#7763));
#7747 = ORIENTED_EDGE('',*,*,#7748,.T.);
#7748 = EDGE_CURVE('',#5312,#7749,#7751,.T.);
#7749 = VERTEX_POINT('',#7750);
#7750 = CARTESIAN_POINT('',(21.65,-104.,3.105));
#7751 = LINE('',#7752,#7753);
#7752 = CARTESIAN_POINT('',(21.65,-104.,-1.195));
#7753 = VECTOR('',#7754,1.);
#7754 = DIRECTION('',(0.,0.,1.));
#7755 = ORIENTED_EDGE('',*,*,#7756,.T.);
#7756 = EDGE_CURVE('',#7749,#7749,#7757,.T.);
#7757 = CIRCLE('',#7758,2.3);
#7758 = AXIS2_PLACEMENT_3D('',#7759,#7760,#7761);
#7759 = CARTESIAN_POINT('',(19.35,-104.,3.105));
#7760 = DIRECTION('',(0.,0.,1.));
#7761 = DIRECTION('',(1.,0.,0.));
#7762 = ORIENTED_EDGE('',*,*,#7748,.F.);
#7763 = ORIENTED_EDGE('',*,*,#5311,.F.);
#7764 = CYLINDRICAL_SURFACE('',#7765,2.3);
#7765 = AXIS2_PLACEMENT_3D('',#7766,#7767,#7768);
#7766 = CARTESIAN_POINT('',(19.35,-104.,-1.195));
#7767 = DIRECTION('',(-0.,-0.,-1.));
#7768 = DIRECTION('',(1.,0.,0.));
#7769 = ADVANCED_FACE('',(#7770),#7789,.F.);
#7770 = FACE_BOUND('',#7771,.T.);
#7771 = EDGE_LOOP('',(#7772,#7780,#7787,#7788));
#7772 = ORIENTED_EDGE('',*,*,#7773,.T.);
#7773 = EDGE_CURVE('',#5544,#7774,#7776,.T.);
#7774 = VERTEX_POINT('',#7775);
#7775 = CARTESIAN_POINT('',(162.57,-100.73,3.105));
#7776 = LINE('',#7777,#7778);
#7777 = CARTESIAN_POINT('',(162.57,-100.73,-1.195));
#7778 = VECTOR('',#7779,1.);
#7779 = DIRECTION('',(0.,0.,1.));
#7780 = ORIENTED_EDGE('',*,*,#7781,.T.);
#7781 = EDGE_CURVE('',#7774,#7774,#7782,.T.);
#7782 = CIRCLE('',#7783,2.3);
#7783 = AXIS2_PLACEMENT_3D('',#7784,#7785,#7786);
#7784 = CARTESIAN_POINT('',(160.27,-100.73,3.105));
#7785 = DIRECTION('',(0.,0.,1.));
#7786 = DIRECTION('',(1.,0.,0.));
#7787 = ORIENTED_EDGE('',*,*,#7773,.F.);
#7788 = ORIENTED_EDGE('',*,*,#5543,.F.);
#7789 = CYLINDRICAL_SURFACE('',#7790,2.3);
#7790 = AXIS2_PLACEMENT_3D('',#7791,#7792,#7793);
#7791 = CARTESIAN_POINT('',(160.27,-100.73,-1.195));
#7792 = DIRECTION('',(-0.,-0.,-1.));
#7793 = DIRECTION('',(1.,0.,0.));
#7794 = ADVANCED_FACE('',(#7795),#7814,.F.);
#7795 = FACE_BOUND('',#7796,.T.);
#7796 = EDGE_LOOP('',(#7797,#7805,#7812,#7813));
#7797 = ORIENTED_EDGE('',*,*,#7798,.T.);
#7798 = EDGE_CURVE('',#5603,#7799,#7801,.T.);
#7799 = VERTEX_POINT('',#7800);
#7800 = CARTESIAN_POINT('',(188.98,-28.,3.105));
#7801 = LINE('',#7802,#7803);
#7802 = CARTESIAN_POINT('',(188.98,-28.,-1.195));
#7803 = VECTOR('',#7804,1.);
#7804 = DIRECTION('',(0.,0.,1.));
#7805 = ORIENTED_EDGE('',*,*,#7806,.T.);
#7806 = EDGE_CURVE('',#7799,#7799,#7807,.T.);
#7807 = CIRCLE('',#7808,2.3);
#7808 = AXIS2_PLACEMENT_3D('',#7809,#7810,#7811);
#7809 = CARTESIAN_POINT('',(186.68,-28.,3.105));
#7810 = DIRECTION('',(0.,0.,1.));
#7811 = DIRECTION('',(1.,0.,0.));
#7812 = ORIENTED_EDGE('',*,*,#7798,.F.);
#7813 = ORIENTED_EDGE('',*,*,#5602,.F.);
#7814 = CYLINDRICAL_SURFACE('',#7815,2.3);
#7815 = AXIS2_PLACEMENT_3D('',#7816,#7817,#7818);
#7816 = CARTESIAN_POINT('',(186.68,-28.,-1.195));
#7817 = DIRECTION('',(-0.,-0.,-1.));
#7818 = DIRECTION('',(1.,0.,0.));
#7819 = ADVANCED_FACE('',(#7820),#7825,.T.);
#7820 = FACE_BOUND('',#7821,.T.);
#7821 = EDGE_LOOP('',(#7822,#7823,#7824));
#7822 = ORIENTED_EDGE('',*,*,#6215,.T.);
#7823 = ORIENTED_EDGE('',*,*,#6191,.T.);
#7824 = ORIENTED_EDGE('',*,*,#5619,.T.);
#7825 = PLANE('',#7826);
#7826 = AXIS2_PLACEMENT_3D('',#7827,#7828,#7829);
#7827 = CARTESIAN_POINT('',(66.675,-66.675,6.51));
#7828 = DIRECTION('',(0.,0.,1.));
#7829 = DIRECTION('',(1.,0.,0.));
#7830 = ADVANCED_FACE('',(#7831),#7836,.T.);
#7831 = FACE_BOUND('',#7832,.T.);
#7832 = EDGE_LOOP('',(#7833,#7834,#7835));
#7833 = ORIENTED_EDGE('',*,*,#6256,.T.);
#7834 = ORIENTED_EDGE('',*,*,#6232,.T.);
#7835 = ORIENTED_EDGE('',*,*,#5629,.T.);
#7836 = PLANE('',#7837);
#7837 = AXIS2_PLACEMENT_3D('',#7838,#7839,#7840);
#7838 = CARTESIAN_POINT('',(66.675,-66.675,6.51));
#7839 = DIRECTION('',(0.,0.,1.));
#7840 = DIRECTION('',(1.,0.,0.));
#7841 = ADVANCED_FACE('',(#7842),#7848,.F.);
#7842 = FACE_BOUND('',#7843,.F.);
#7843 = EDGE_LOOP('',(#7844,#7845,#7846,#7847));
#7844 = ORIENTED_EDGE('',*,*,#6392,.T.);
#7845 = ORIENTED_EDGE('',*,*,#6440,.T.);
#7846 = ORIENTED_EDGE('',*,*,#6464,.T.);
#7847 = ORIENTED_EDGE('',*,*,#6423,.T.);
#7848 = PLANE('',#7849);
#7849 = AXIS2_PLACEMENT_3D('',#7850,#7851,#7852);
#7850 = CARTESIAN_POINT('',(131.5,-109.2,1.61));
#7851 = DIRECTION('',(0.,0.,1.));
#7852 = DIRECTION('',(1.,0.,0.));
#7853 = ADVANCED_FACE('',(#7854),#7857,.F.);
#7854 = FACE_BOUND('',#7855,.F.);
#7855 = EDGE_LOOP('',(#7856));
#7856 = ORIENTED_EDGE('',*,*,#6556,.T.);
#7857 = PLANE('',#7858);
#7858 = AXIS2_PLACEMENT_3D('',#7859,#7860,#7861);
#7859 = CARTESIAN_POINT('',(77.75,-52.5,1.61));
#7860 = DIRECTION('',(0.,0.,1.));
#7861 = DIRECTION('',(1.,0.,0.));
#7862 = ADVANCED_FACE('',(#7863),#7866,.F.);
#7863 = FACE_BOUND('',#7864,.F.);
#7864 = EDGE_LOOP('',(#7865));
#7865 = ORIENTED_EDGE('',*,*,#6594,.T.);
#7866 = PLANE('',#7867);
#7867 = AXIS2_PLACEMENT_3D('',#7868,#7869,#7870);
#7868 = CARTESIAN_POINT('',(77.75,-52.5,1.61));
#7869 = DIRECTION('',(0.,0.,1.));
#7870 = DIRECTION('',(1.,0.,0.));
#7871 = ADVANCED_FACE('',(#7872),#7875,.F.);
#7872 = FACE_BOUND('',#7873,.F.);
#7873 = EDGE_LOOP('',(#7874));
#7874 = ORIENTED_EDGE('',*,*,#7367,.T.);
#7875 = PLANE('',#7876);
#7876 = AXIS2_PLACEMENT_3D('',#7877,#7878,#7879);
#7877 = CARTESIAN_POINT('',(77.75,-52.5,1.61));
#7878 = DIRECTION('',(0.,0.,1.));
#7879 = DIRECTION('',(1.,0.,0.));
#7880 = ADVANCED_FACE('',(#7881),#7884,.F.);
#7881 = FACE_BOUND('',#7882,.F.);
#7882 = EDGE_LOOP('',(#7883));
#7883 = ORIENTED_EDGE('',*,*,#7731,.T.);
#7884 = PLANE('',#7885);
#7885 = AXIS2_PLACEMENT_3D('',#7886,#7887,#7888);
#7886 = CARTESIAN_POINT('',(96.4125,-65.1825,3.105));
#7887 = DIRECTION('',(0.,0.,1.));
#7888 = DIRECTION('',(1.,0.,0.));
#7889 = ADVANCED_FACE('',(#7890),#7893,.F.);
#7890 = FACE_BOUND('',#7891,.F.);
#7891 = EDGE_LOOP('',(#7892));
#7892 = ORIENTED_EDGE('',*,*,#7756,.T.);
#7893 = PLANE('',#7894);
#7894 = AXIS2_PLACEMENT_3D('',#7895,#7896,#7897);
#7895 = CARTESIAN_POINT('',(96.4125,-65.1825,3.105));
#7896 = DIRECTION('',(0.,0.,1.));
#7897 = DIRECTION('',(1.,0.,0.));
#7898 = ADVANCED_FACE('',(#7899),#7902,.F.);
#7899 = FACE_BOUND('',#7900,.F.);
#7900 = EDGE_LOOP('',(#7901));
#7901 = ORIENTED_EDGE('',*,*,#7781,.T.);
#7902 = PLANE('',#7903);
#7903 = AXIS2_PLACEMENT_3D('',#7904,#7905,#7906);
#7904 = CARTESIAN_POINT('',(96.4125,-65.1825,3.105));
#7905 = DIRECTION('',(0.,0.,1.));
#7906 = DIRECTION('',(1.,0.,0.));
#7907 = ADVANCED_FACE('',(#7908),#7911,.F.);
#7908 = FACE_BOUND('',#7909,.F.);
#7909 = EDGE_LOOP('',(#7910));
#7910 = ORIENTED_EDGE('',*,*,#7806,.T.);
#7911 = PLANE('',#7912);
#7912 = AXIS2_PLACEMENT_3D('',#7913,#7914,#7915);
#7913 = CARTESIAN_POINT('',(96.4125,-65.1825,3.105));
#7914 = DIRECTION('',(0.,0.,1.));
#7915 = DIRECTION('',(1.,0.,0.));
#7916 = ( GEOMETRIC_REPRESENTATION_CONTEXT(3) 
GLOBAL_UNCERTAINTY_ASSIGNED_CONTEXT((#7920)) 
GLOBAL_UNIT_ASSIGNED_CONTEXT((#7917,#7918,#7919)) REPRESENTATION_CONTEXT
('Context #1','3D Context with UNIT and UNCERTAINTY') );
#7917 = ( LENGTH_UNIT() NAMED_UNIT(*) SI_UNIT(.MILLI.,.METRE.) );
#7918 = ( NAMED_UNIT(*) PLANE_ANGLE_UNIT() SI_UNIT($,.RADIAN.) );
#7919 = ( NAMED_UNIT(*) SI_UNIT($,.STERADIAN.) SOLID_ANGLE_UNIT() );
#7920 = UNCERTAINTY_MEASURE_WITH_UNIT(LENGTH_MEASURE(1.E-05),#7917,
  'distance_accuracy_value','confusion accuracy');
#7921 = CONTEXT_DEPENDENT_SHAPE_REPRESENTATION(#7922,#7924);
#7922 = ( REPRESENTATION_RELATIONSHIP('','',#2200,#10) 
REPRESENTATION_RELATIONSHIP_WITH_TRANSFORMATION(#7923) 
SHAPE_REPRESENTATION_RELATIONSHIP() );
#7923 = ITEM_DEFINED_TRANSFORMATION('','',#11,#19);
#7924 = PRODUCT_DEFINITION_SHAPE('Placement','Placement of an item',
  #7925);
#7925 = NEXT_ASSEMBLY_USAGE_OCCURRENCE('6',
  'V3 • opaque upper shell and switch plate','',#5,#2195,$);
#7926 = PRODUCT_RELATED_PRODUCT_CATEGORY('part',$,(#2197));
#7927 = MECHANICAL_DESIGN_GEOMETRIC_PRESENTATION_REPRESENTATION('',(
    #7928),#7916);
#7928 = STYLED_ITEM('color',(#7929),#2201);
#7929 = PRESENTATION_STYLE_ASSIGNMENT((#7930,#7936));
#7930 = SURFACE_STYLE_USAGE(.BOTH.,#7931);
#7931 = SURFACE_SIDE_STYLE('',(#7932));
#7932 = SURFACE_STYLE_FILL_AREA(#7933);
#7933 = FILL_AREA_STYLE('',(#7934));
#7934 = FILL_AREA_STYLE_COLOUR('',#7935);
#7935 = COLOUR_RGB('',0.968627457133,0.682352957393,0.737254912529);
#7936 = CURVE_STYLE('',#7937,POSITIVE_LENGTH_MEASURE(0.1),#7938);
#7937 = DRAUGHTING_PRE_DEFINED_CURVE_FONT('continuous');
#7938 = COLOUR_RGB('',9.803921802644E-02,9.803921802644E-02,
  9.803921802644E-02);
#7939 = MECHANICAL_DESIGN_GEOMETRIC_PRESENTATION_REPRESENTATION('',(
    #7940),#2182);
#7940 = STYLED_ITEM('color',(#7941),#37);
#7941 = PRESENTATION_STYLE_ASSIGNMENT((#7942,#7947));
#7942 = SURFACE_STYLE_USAGE(.BOTH.,#7943);
#7943 = SURFACE_SIDE_STYLE('',(#7944));
#7944 = SURFACE_STYLE_FILL_AREA(#7945);
#7945 = FILL_AREA_STYLE('',(#7946));
#7946 = FILL_AREA_STYLE_COLOUR('',#7935);
#7947 = CURVE_STYLE('',#7948,POSITIVE_LENGTH_MEASURE(0.1),#7938);
#7948 = DRAUGHTING_PRE_DEFINED_CURVE_FONT('continuous');
ENDSEC;
END-ISO-10303-21;
